
> api@0.0.1 dev C:\Users\david\Desktop\Projects\Ndukego Homes Gallery Project\apps\api
> nest start --watch

[2J[3J[H[[90m20:28:29[0m] Starting compilation in watch mode...

[[90m20:28:45[0m] Found 0 errors. Watching for file changes.

[32m[Nest] 2620  - [39m22/09/2026, 20:28:48 [32m    LOG[39m [38;5;3m[NestFactory] [39m[32mStarting Nest application...[39m
[32m[Nest] 2620  - [39m22/09/2026, 20:28:49 [32m    LOG[39m [38;5;3m[InstanceLoader] [39m[32mPrismaModule dependencies initialized[39m[38;5;3m +97ms[39m
[32m[Nest] 2620  - [39m22/09/2026, 20:28:49 [32m    LOG[39m [38;5;3m[InstanceLoader] [39m[32mPassportModule dependencies initialized[39m[38;5;3m +0ms[39m
[32m[Nest] 2620  - [39m22/09/2026, 20:28:49 [32m    LOG[39m [38;5;3m[InstanceLoader] [39m[32mConfigHostModule dependencies initialized[39m[38;5;3m +13ms[39m
[32m[Nest] 2620  - [39m22/09/2026, 20:28:49 [32m    LOG[39m [38;5;3m[InstanceLoader] [39m[32mThrottlerModule dependencies initialized[39m[38;5;3m +0ms[39m
[33m[Nest] 2620  - [39m22/09/2026, 20:28:49 [33m   WARN[39m [38;5;3m[EmailService] [39m[33mSMTP not configured — emails will be logged to console. Set SMTP_HOST, SMTP_USER, SMTP_PASS in .env to enable sending.[39m
[32m[Nest] 2620  - [39m22/09/2026, 20:28:49 [32m    LOG[39m [38;5;3m[InstanceLoader] [39m[32mConfigModule dependencies initialized[39m[38;5;3m +1ms[39m
[32m[Nest] 2620  - [39m22/09/2026, 20:28:49 [32m    LOG[39m [38;5;3m[InstanceLoader] [39m[32mConfigModule dependencies initialized[39m[38;5;3m +0ms[39m
[32m[Nest] 2620  - [39m22/09/2026, 20:28:49 [32m    LOG[39m [38;5;3m[InstanceLoader] [39m[32mNotificationModule dependencies initialized[39m[38;5;3m +2ms[39m
[32m[Nest] 2620  - [39m22/09/2026, 20:28:49 [32m    LOG[39m [38;5;3m[InstanceLoader] [39m[32mAiModule dependencies initialized[39m[38;5;3m +1ms[39m
[32m[Nest] 2620  - [39m22/09/2026, 20:28:49 [32m    LOG[39m [38;5;3m[InstanceLoader] [39m[32mEmailModule dependencies initialized[39m[38;5;3m +0ms[39m
[32m[Nest] 2620  - [39m22/09/2026, 20:28:49 [32m    LOG[39m [38;5;3m[InstanceLoader] [39m[32mStorageModule dependencies initialized[39m[38;5;3m +0ms[39m
[32m[Nest] 2620  - [39m22/09/2026, 20:28:49 [32m    LOG[39m [38;5;3m[InstanceLoader] [39m[32mJwtModule dependencies initialized[39m[38;5;3m +2ms[39m
[32m[Nest] 2620  - [39m22/09/2026, 20:28:49 [32m    LOG[39m [38;5;3m[InstanceLoader] [39m[32mVendorModule dependencies initialized[39m[38;5;3m +2ms[39m
[32m[Nest] 2620  - [39m22/09/2026, 20:28:49 [32m    LOG[39m [38;5;3m[InstanceLoader] [39m[32mAppointmentModule dependencies initialized[39m[38;5;3m +0ms[39m
[32m[Nest] 2620  - [39m22/09/2026, 20:28:49 [32m    LOG[39m [38;5;3m[InstanceLoader] [39m[32mEmployeeModule dependencies initialized[39m[38;5;3m +3ms[39m
[32m[Nest] 2620  - [39m22/09/2026, 20:28:49 [32m    LOG[39m [38;5;3m[InstanceLoader] [39m[32mDashboardModule dependencies initialized[39m[38;5;3m +1ms[39m
[32m[Nest] 2620  - [39m22/09/2026, 20:28:49 [32m    LOG[39m [38;5;3m[InstanceLoader] [39m[32mAuditModule dependencies initialized[39m[38;5;3m +0ms[39m
[32m[Nest] 2620  - [39m22/09/2026, 20:28:49 [32m    LOG[39m [38;5;3m[InstanceLoader] [39m[32mAppModule dependencies initialized[39m[38;5;3m +0ms[39m
[32m[Nest] 2620  - [39m22/09/2026, 20:28:49 [32m    LOG[39m [38;5;3m[InstanceLoader] [39m[32mCustomerModule dependencies initialized[39m[38;5;3m +1ms[39m
[32m[Nest] 2620  - [39m22/09/2026, 20:28:49 [32m    LOG[39m [38;5;3m[InstanceLoader] [39m[32mSaleModule dependencies initialized[39m[38;5;3m +0ms[39m
[32m[Nest] 2620  - [39m22/09/2026, 20:28:49 [32m    LOG[39m [38;5;3m[InstanceLoader] [39m[32mPaymentModule dependencies initialized[39m[38;5;3m +0ms[39m
[32m[Nest] 2620  - [39m22/09/2026, 20:28:49 [32m    LOG[39m [38;5;3m[InstanceLoader] [39m[32mInspectionModule dependencies initialized[39m[38;5;3m +0ms[39m
[32m[Nest] 2620  - [39m22/09/2026, 20:28:49 [32m    LOG[39m [38;5;3m[InstanceLoader] [39m[32mCompanyModule dependencies initialized[39m[38;5;3m +0ms[39m
[32m[Nest] 2620  - [39m22/09/2026, 20:28:49 [32m    LOG[39m [38;5;3m[InstanceLoader] [39m[32mReservationModule dependencies initialized[39m[38;5;3m +1ms[39m
[32m[Nest] 2620  - [39m22/09/2026, 20:28:49 [32m    LOG[39m [38;5;3m[InstanceLoader] [39m[32mDocumentModule dependencies initialized[39m[38;5;3m +0ms[39m
[32m[Nest] 2620  - [39m22/09/2026, 20:28:49 [32m    LOG[39m [38;5;3m[InstanceLoader] [39m[32mEstateModule dependencies initialized[39m[38;5;3m +0ms[39m
[32m[Nest] 2620  - [39m22/09/2026, 20:28:49 [32m    LOG[39m [38;5;3m[InstanceLoader] [39m[32mPropertyModule dependencies initialized[39m[38;5;3m +1ms[39m
[32m[Nest] 2620  - [39m22/09/2026, 20:28:49 [32m    LOG[39m [38;5;3m[InstanceLoader] [39m[32mPosterModule dependencies initialized[39m[38;5;3m +0ms[39m
[32m[Nest] 2620  - [39m22/09/2026, 20:28:49 [32m    LOG[39m [38;5;3m[InstanceLoader] [39m[32mAuthModule dependencies initialized[39m[38;5;3m +0ms[39m
[32m[Nest] 2620  - [39m22/09/2026, 20:28:50 [32m    LOG[39m [38;5;3m[RoutesResolver] [39m[32mHealthController {/api/v1/health}:[39m[38;5;3m +1085ms[39m
[32m[Nest] 2620  - [39m22/09/2026, 20:28:50 [32m    LOG[39m [38;5;3m[RouterExplorer] [39m[32mMapped {/api/v1/health, GET} route[39m[38;5;3m +4ms[39m
[32m[Nest] 2620  - [39m22/09/2026, 20:28:50 [32m    LOG[39m [38;5;3m[RoutesResolver] [39m[32mAuditController {/api/v1/audit-logs}:[39m[38;5;3m +0ms[39m
[32m[Nest] 2620  - [39m22/09/2026, 20:28:50 [32m    LOG[39m [38;5;3m[RouterExplorer] [39m[32mMapped {/api/v1/audit-logs, GET} route[39m[38;5;3m +2ms[39m
[32m[Nest] 2620  - [39m22/09/2026, 20:28:50 [32m    LOG[39m [38;5;3m[RoutesResolver] [39m[32mAuthController {/api/v1/auth}:[39m[38;5;3m +0ms[39m
[32m[Nest] 2620  - [39m22/09/2026, 20:28:50 [32m    LOG[39m [38;5;3m[RouterExplorer] [39m[32mMapped {/api/v1/auth/login, POST} route[39m[38;5;3m +1ms[39m
[32m[Nest] 2620  - [39m22/09/2026, 20:28:50 [32m    LOG[39m [38;5;3m[RouterExplorer] [39m[32mMapped {/api/v1/auth/refresh, POST} route[39m[38;5;3m +1ms[39m
[32m[Nest] 2620  - [39m22/09/2026, 20:28:50 [32m    LOG[39m [38;5;3m[RouterExplorer] [39m[32mMapped {/api/v1/auth/logout, POST} route[39m[38;5;3m +1ms[39m
[32m[Nest] 2620  - [39m22/09/2026, 20:28:50 [32m    LOG[39m [38;5;3m[RouterExplorer] [39m[32mMapped {/api/v1/auth/change-password, POST} route[39m[38;5;3m +0ms[39m
[32m[Nest] 2620  - [39m22/09/2026, 20:28:50 [32m    LOG[39m [38;5;3m[RouterExplorer] [39m[32mMapped {/api/v1/auth/me, POST} route[39m[38;5;3m +1ms[39m
[32m[Nest] 2620  - [39m22/09/2026, 20:28:50 [32m    LOG[39m [38;5;3m[RouterExplorer] [39m[32mMapped {/api/v1/auth/super/login, POST} route[39m[38;5;3m +1ms[39m
[32m[Nest] 2620  - [39m22/09/2026, 20:28:50 [32m    LOG[39m [38;5;3m[RouterExplorer] [39m[32mMapped {/api/v1/auth/customer/register, POST} route[39m[38;5;3m +0ms[39m
[32m[Nest] 2620  - [39m22/09/2026, 20:28:50 [32m    LOG[39m [38;5;3m[RouterExplorer] [39m[32mMapped {/api/v1/auth/customer/login, POST} route[39m[38;5;3m +0ms[39m
[32m[Nest] 2620  - [39m22/09/2026, 20:28:50 [32m    LOG[39m [38;5;3m[RouterExplorer] [39m[32mMapped {/api/v1/auth/customer/me, GET} route[39m[38;5;3m +0ms[39m
[32m[Nest] 2620  - [39m22/09/2026, 20:28:50 [32m    LOG[39m [38;5;3m[RouterExplorer] [39m[32mMapped {/api/v1/auth/customer/profile, PATCH} route[39m[38;5;3m +1ms[39m
[32m[Nest] 2620  - [39m22/09/2026, 20:28:50 [32m    LOG[39m [38;5;3m[RoutesResolver] [39m[32mCompanyController {/api/v1/companies}:[39m[38;5;3m +0ms[39m
[32m[Nest] 2620  - [39m22/09/2026, 20:28:50 [32m    LOG[39m [38;5;3m[RouterExplorer] [39m[32mMapped {/api/v1/companies, POST} route[39m[38;5;3m +0ms[39m
[32m[Nest] 2620  - [39m22/09/2026, 20:28:50 [32m    LOG[39m [38;5;3m[RouterExplorer] [39m[32mMapped {/api/v1/companies, GET} route[39m[38;5;3m +1ms[39m
[32m[Nest] 2620  - [39m22/09/2026, 20:28:50 [32m    LOG[39m [38;5;3m[RouterExplorer] [39m[32mMapped {/api/v1/companies/departments, GET} route[39m[38;5;3m +0ms[39m
[32m[Nest] 2620  - [39m22/09/2026, 20:28:50 [32m    LOG[39m [38;5;3m[RouterExplorer] [39m[32mMapped {/api/v1/companies/:id, GET} route[39m[38;5;3m +1ms[39m
[32m[Nest] 2620  - [39m22/09/2026, 20:28:50 [32m    LOG[39m [38;5;3m[RouterExplorer] [39m[32mMapped {/api/v1/companies/:id, PATCH} route[39m[38;5;3m +0ms[39m
[32m[Nest] 2620  - [39m22/09/2026, 20:28:50 [32m    LOG[39m [38;5;3m[RouterExplorer] [39m[32mMapped {/api/v1/companies/:id/branches, POST} route[39m[38;5;3m +1ms[39m
[32m[Nest] 2620  - [39m22/09/2026, 20:28:50 [32m    LOG[39m [38;5;3m[RouterExplorer] [39m[32mMapped {/api/v1/companies/branches/:branchId, PATCH} route[39m[38;5;3m +0ms[39m
[32m[Nest] 2620  - [39m22/09/2026, 20:28:50 [32m    LOG[39m [38;5;3m[RouterExplorer] [39m[32mMapped {/api/v1/companies/branches/:branchId, DELETE} route[39m[38;5;3m +1ms[39m
[32m[Nest] 2620  - [39m22/09/2026, 20:28:50 [32m    LOG[39m [38;5;3m[RouterExplorer] [39m[32mMapped {/api/v1/companies/departments, POST} route[39m[38;5;3m +0ms[39m
[32m[Nest] 2620  - [39m22/09/2026, 20:28:50 [32m    LOG[39m [38;5;3m[RouterExplorer] [39m[32mMapped {/api/v1/companies/departments/:id, PATCH} route[39m[38;5;3m +0ms[39m
[32m[Nest] 2620  - [39m22/09/2026, 20:28:50 [32m    LOG[39m [38;5;3m[RouterExplorer] [39m[32mMapped {/api/v1/companies/departments/:id, DELETE} route[39m[38;5;3m +0ms[39m
[32m[Nest] 2620  - [39m22/09/2026, 20:28:50 [32m    LOG[39m [38;5;3m[RoutesResolver] [39m[32mEstateController {/api/v1/estates}:[39m[38;5;3m +0ms[39m
[32m[Nest] 2620  - [39m22/09/2026, 20:28:50 [32m    LOG[39m [38;5;3m[RouterExplorer] [39m[32mMapped {/api/v1/estates/public, GET} route[39m[38;5;3m +0ms[39m
[32m[Nest] 2620  - [39m22/09/2026, 20:28:50 [32m    LOG[39m [38;5;3m[RouterExplorer] [39m[32mMapped {/api/v1/estates, GET} route[39m[38;5;3m +0ms[39m
[32m[Nest] 2620  - [39m22/09/2026, 20:28:50 [32m    LOG[39m [38;5;3m[RouterExplorer] [39m[32mMapped {/api/v1/estates/:id, GET} route[39m[38;5;3m +1ms[39m
[32m[Nest] 2620  - [39m22/09/2026, 20:28:50 [32m    LOG[39m [38;5;3m[RouterExplorer] [39m[32mMapped {/api/v1/estates, POST} route[39m[38;5;3m +0ms[39m
[32m[Nest] 2620  - [39m22/09/2026, 20:28:50 [32m    LOG[39m [38;5;3m[RouterExplorer] [39m[32mMapped {/api/v1/estates/:id, PATCH} route[39m[38;5;3m +0ms[39m
[32m[Nest] 2620  - [39m22/09/2026, 20:28:50 [32m    LOG[39m [38;5;3m[RouterExplorer] [39m[32mMapped {/api/v1/estates/:id/phases, POST} route[39m[38;5;3m +0ms[39m
[32m[Nest] 2620  - [39m22/09/2026, 20:28:50 [32m    LOG[39m [38;5;3m[RouterExplorer] [39m[32mMapped {/api/v1/estates/:id/blocks, POST} route[39m[38;5;3m +0ms[39m
[32m[Nest] 2620  - [39m22/09/2026, 20:28:50 [32m    LOG[39m [38;5;3m[RouterExplorer] [39m[32mMapped {/api/v1/estates/:id/infrastructure, POST} route[39m[38;5;3m +0ms[39m
[32m[Nest] 2620  - [39m22/09/2026, 20:28:50 [32m    LOG[39m [38;5;3m[RouterExplorer] [39m[32mMapped {/api/v1/estates/:id/site-plan, POST} route[39m[38;5;3m +1ms[39m
[32m[Nest] 2620  - [39m22/09/2026, 20:28:50 [32m    LOG[39m [38;5;3m[RouterExplorer] [39m[32mMapped {/api/v1/estates/:id/building-types, PATCH} route[39m[38;5;3m +0ms[39m
[32m[Nest] 2620  - [39m22/09/2026, 20:28:50 [32m    LOG[39m [38;5;3m[RouterExplorer] [39m[32mMapped {/api/v1/estates/:id/building-type-image/:typeId, POST} route[39m[38;5;3m +0ms[39m
[32m[Nest] 2620  - [39m22/09/2026, 20:28:50 [32m    LOG[39m [38;5;3m[RouterExplorer] [39m[32mMapped {/api/v1/estates/:id/building-type-image/:typeId/:filename, DELETE} route[39m[38;5;3m +1ms[39m
[32m[Nest] 2620  - [39m22/09/2026, 20:28:50 [32m    LOG[39m [38;5;3m[RouterExplorer] [39m[32mMapped {/api/v1/estates/:id/permanent, DELETE} route[39m[38;5;3m +0ms[39m
[32m[Nest] 2620  - [39m22/09/2026, 20:28:50 [32m    LOG[39m [38;5;3m[RoutesResolver] [39m[32mPropertyController {/api/v1/properties}:[39m[38;5;3m +0ms[39m
[32m[Nest] 2620  - [39m22/09/2026, 20:28:50 [32m    LOG[39m [38;5;3m[RouterExplorer] [39m[32mMapped {/api/v1/properties/public, GET} route[39m[38;5;3m +1ms[39m
[32m[Nest] 2620  - [39m22/09/2026, 20:28:50 [32m    LOG[39m [38;5;3m[RouterExplorer] [39m[32mMapped {/api/v1/properties/public/:id, GET} route[39m[38;5;3m +0ms[39m
[32m[Nest] 2620  - [39m22/09/2026, 20:28:50 [32m    LOG[39m [38;5;3m[RouterExplorer] [39m[32mMapped {/api/v1/properties/public/inquiry, POST} route[39m[38;5;3m +0ms[39m
[32m[Nest] 2620  - [39m22/09/2026, 20:28:50 [32m    LOG[39m [38;5;3m[RouterExplorer] [39m[32mMapped {/api/v1/properties, GET} route[39m[38;5;3m +0ms[39m
[32m[Nest] 2620  - [39m22/09/2026, 20:28:50 [32m    LOG[39m [38;5;3m[RouterExplorer] [39m[32mMapped {/api/v1/properties/admin/inquiries, GET} route[39m[38;5;3m +0ms[39m
[32m[Nest] 2620  - [39m22/09/2026, 20:28:50 [32m    LOG[39m [38;5;3m[RouterExplorer] [39m[32mMapped {/api/v1/properties/admin/inquiries/:id/status, PATCH} route[39m[38;5;3m +0ms[39m
[32m[Nest] 2620  - [39m22/09/2026, 20:28:50 [32m    LOG[39m [38;5;3m[RouterExplorer] [39m[32mMapped {/api/v1/properties/admin/inquiries/:id/notes, PATCH} route[39m[38;5;3m +1ms[39m
[32m[Nest] 2620  - [39m22/09/2026, 20:28:50 [32m    LOG[39m [38;5;3m[RouterExplorer] [39m[32mMapped {/api/v1/properties/admin/inquiries/:id/convert, POST} route[39m[38;5;3m +0ms[39m
[32m[Nest] 2620  - [39m22/09/2026, 20:28:50 [32m    LOG[39m [38;5;3m[RouterExplorer] [39m[32mMapped {/api/v1/properties/:id, GET} route[39m[38;5;3m +1ms[39m
[32m[Nest] 2620  - [39m22/09/2026, 20:28:50 [32m    LOG[39m [38;5;3m[RouterExplorer] [39m[32mMapped {/api/v1/properties, POST} route[39m[38;5;3m +0ms[39m
[32m[Nest] 2620  - [39m22/09/2026, 20:28:50 [32m    LOG[39m [38;5;3m[RouterExplorer] [39m[32mMapped {/api/v1/properties/:id, PATCH} route[39m[38;5;3m +1ms[39m
[32m[Nest] 2620  - [39m22/09/2026, 20:28:50 [32m    LOG[39m [38;5;3m[RouterExplorer] [39m[32mMapped {/api/v1/properties/:id/status, POST} route[39m[38;5;3m +0ms[39m
[32m[Nest] 2620  - [39m22/09/2026, 20:28:50 [32m    LOG[39m [38;5;3m[RouterExplorer] [39m[32mMapped {/api/v1/properties/:id, DELETE} route[39m[38;5;3m +1ms[39m
[32m[Nest] 2620  - [39m22/09/2026, 20:28:50 [32m    LOG[39m [38;5;3m[RouterExplorer] [39m[32mMapped {/api/v1/properties/:id/permanent, DELETE} route[39m[38;5;3m +0ms[39m
[32m[Nest] 2620  - [39m22/09/2026, 20:28:50 [32m    LOG[39m [38;5;3m[RouterExplorer] [39m[32mMapped {/api/v1/properties/:id/media, POST} route[39m[38;5;3m +0ms[39m
[32m[Nest] 2620  - [39m22/09/2026, 20:28:50 [32m    LOG[39m [38;5;3m[RouterExplorer] [39m[32mMapped {/api/v1/properties/:id/media/:mediaId, DELETE} route[39m[38;5;3m +1ms[39m
[32m[Nest] 2620  - [39m22/09/2026, 20:28:50 [32m    LOG[39m [38;5;3m[RouterExplorer] [39m[32mMapped {/api/v1/properties/:id/media/:mediaId/cover, PATCH} route[39m[38;5;3m +0ms[39m
[32m[Nest] 2620  - [39m22/09/2026, 20:28:50 [32m    LOG[39m [38;5;3m[RouterExplorer] [39m[32mMapped {/api/v1/properties/:id/favorite, POST} route[39m[38;5;3m +0ms[39m
[32m[Nest] 2620  - [39m22/09/2026, 20:28:50 [32m    LOG[39m [38;5;3m[RouterExplorer] [39m[32mMapped {/api/v1/properties/:id/favorite-status, GET} route[39m[38;5;3m +0ms[39m
[32m[Nest] 2620  - [39m22/09/2026, 20:28:50 [32m    LOG[39m [38;5;3m[RoutesResolver] [39m[32mCustomerController {/api/v1/customers}:[39m[38;5;3m +0ms[39m
[32m[Nest] 2620  - [39m22/09/2026, 20:28:50 [32m    LOG[39m [38;5;3m[RouterExplorer] [39m[32mMapped {/api/v1/customers, GET} route[39m[38;5;3m +1ms[39m
[32m[Nest] 2620  - [39m22/09/2026, 20:28:50 [32m    LOG[39m [38;5;3m[RouterExplorer] [39m[32mMapped {/api/v1/customers/:id, GET} route[39m[38;5;3m +0ms[39m
[32m[Nest] 2620  - [39m22/09/2026, 20:28:50 [32m    LOG[39m [38;5;3m[RouterExplorer] [39m[32mMapped {/api/v1/customers, POST} route[39m[38;5;3m +0ms[39m
[32m[Nest] 2620  - [39m22/09/2026, 20:28:50 [32m    LOG[39m [38;5;3m[RouterExplorer] [39m[32mMapped {/api/v1/customers/:id, PATCH} route[39m[38;5;3m +0ms[39m
[32m[Nest] 2620  - [39m22/09/2026, 20:28:50 [32m    LOG[39m [38;5;3m[RouterExplorer] [39m[32mMapped {/api/v1/customers/:id/deactivate, POST} route[39m[38;5;3m +1ms[39m
[32m[Nest] 2620  - [39m22/09/2026, 20:28:50 [32m    LOG[39m [38;5;3m[RouterExplorer] [39m[32mMapped {/api/v1/customers/:id/activate, POST} route[39m[38;5;3m +0ms[39m
[32m[Nest] 2620  - [39m22/09/2026, 20:28:50 [32m    LOG[39m [38;5;3m[RouterExplorer] [39m[32mMapped {/api/v1/customers/:id, DELETE} route[39m[38;5;3m +0ms[39m
[32m[Nest] 2620  - [39m22/09/2026, 20:28:50 [32m    LOG[39m [38;5;3m[RoutesResolver] [39m[32mReservationController {/api/v1/reservations}:[39m[38;5;3m +0ms[39m
[32m[Nest] 2620  - [39m22/09/2026, 20:28:50 [32m    LOG[39m [38;5;3m[RouterExplorer] [39m[32mMapped {/api/v1/reservations/public, POST} route[39m[38;5;3m +0ms[39m
[32m[Nest] 2620  - [39m22/09/2026, 20:28:50 [32m    LOG[39m [38;5;3m[RouterExplorer] [39m[32mMapped {/api/v1/reservations, GET} route[39m[38;5;3m +1ms[39m
[32m[Nest] 2620  - [39m22/09/2026, 20:28:50 [32m    LOG[39m [38;5;3m[RouterExplorer] [39m[32mMapped {/api/v1/reservations/mine, GET} route[39m[38;5;3m +0ms[39m
[32m[Nest] 2620  - [39m22/09/2026, 20:28:50 [32m    LOG[39m [38;5;3m[RouterExplorer] [39m[32mMapped {/api/v1/reservations/:id, GET} route[39m[38;5;3m +0ms[39m
[32m[Nest] 2620  - [39m22/09/2026, 20:28:50 [32m    LOG[39m [38;5;3m[RouterExplorer] [39m[32mMapped {/api/v1/reservations/:id/timeline, GET} route[39m[38;5;3m +0ms[39m
[32m[Nest] 2620  - [39m22/09/2026, 20:28:50 [32m    LOG[39m [38;5;3m[RouterExplorer] [39m[32mMapped {/api/v1/reservations/:id/status, PATCH} route[39m[38;5;3m +0ms[39m
[32m[Nest] 2620  - [39m22/09/2026, 20:28:50 [32m    LOG[39m [38;5;3m[RoutesResolver] [39m[32mSaleController {/api/v1/sales}:[39m[38;5;3m +0ms[39m
[32m[Nest] 2620  - [39m22/09/2026, 20:28:50 [32m    LOG[39m [38;5;3m[RouterExplorer] [39m[32mMapped {/api/v1/sales, GET} route[39m[38;5;3m +1ms[39m
[32m[Nest] 2620  - [39m22/09/2026, 20:28:50 [32m    LOG[39m [38;5;3m[RouterExplorer] [39m[32mMapped {/api/v1/sales/:id, GET} route[39m[38;5;3m +0ms[39m
[32m[Nest] 2620  - [39m22/09/2026, 20:28:50 [32m    LOG[39m [38;5;3m[RouterExplorer] [39m[32mMapped {/api/v1/sales, POST} route[39m[38;5;3m +0ms[39m
[32m[Nest] 2620  - [39m22/09/2026, 20:28:50 [32m    LOG[39m [38;5;3m[RouterExplorer] [39m[32mMapped {/api/v1/sales/:id/status, PATCH} route[39m[38;5;3m +0ms[39m
[32m[Nest] 2620  - [39m22/09/2026, 20:28:50 [32m    LOG[39m [38;5;3m[RoutesResolver] [39m[32mPaymentController {/api/v1/payments}:[39m[38;5;3m +1ms[39m
[32m[Nest] 2620  - [39m22/09/2026, 20:28:50 [32m    LOG[39m [38;5;3m[RouterExplorer] [39m[32mMapped {/api/v1/payments, POST} route[39m[38;5;3m +0ms[39m
[32m[Nest] 2620  - [39m22/09/2026, 20:28:50 [32m    LOG[39m [38;5;3m[RouterExplorer] [39m[32mMapped {/api/v1/payments, GET} route[39m[38;5;3m +0ms[39m
[32m[Nest] 2620  - [39m22/09/2026, 20:28:50 [32m    LOG[39m [38;5;3m[RouterExplorer] [39m[32mMapped {/api/v1/payments/:id, GET} route[39m[38;5;3m +0ms[39m
[32m[Nest] 2620  - [39m22/09/2026, 20:28:50 [32m    LOG[39m [38;5;3m[RouterExplorer] [39m[32mMapped {/api/v1/payments/:id/verify, PATCH} route[39m[38;5;3m +0ms[39m
[32m[Nest] 2620  - [39m22/09/2026, 20:28:50 [32m    LOG[39m [38;5;3m[RouterExplorer] [39m[32mMapped {/api/v1/payments/:id/reject, PATCH} route[39m[38;5;3m +0ms[39m
[32m[Nest] 2620  - [39m22/09/2026, 20:28:50 [32m    LOG[39m [38;5;3m[RoutesResolver] [39m[32mInspectionController {/api/v1/inspections}:[39m[38;5;3m +0ms[39m
[32m[Nest] 2620  - [39m22/09/2026, 20:28:50 [32m    LOG[39m [38;5;3m[RouterExplorer] [39m[32mMapped {/api/v1/inspections, POST} route[39m[38;5;3m +1ms[39m
[32m[Nest] 2620  - [39m22/09/2026, 20:28:50 [32m    LOG[39m [38;5;3m[RouterExplorer] [39m[32mMapped {/api/v1/inspections, GET} route[39m[38;5;3m +0ms[39m
[32m[Nest] 2620  - [39m22/09/2026, 20:28:50 [32m    LOG[39m [38;5;3m[RouterExplorer] [39m[32mMapped {/api/v1/inspections/:id, GET} route[39m[38;5;3m +0ms[39m
[32m[Nest] 2620  - [39m22/09/2026, 20:28:50 [32m    LOG[39m [38;5;3m[RouterExplorer] [39m[32mMapped {/api/v1/inspections/:id/start, PATCH} route[39m[38;5;3m +1ms[39m
[32m[Nest] 2620  - [39m22/09/2026, 20:28:50 [32m    LOG[39m [38;5;3m[RouterExplorer] [39m[32mMapped {/api/v1/inspections/:id/complete, PATCH} route[39m[38;5;3m +0ms[39m
[32m[Nest] 2620  - [39m22/09/2026, 20:28:50 [32m    LOG[39m [38;5;3m[RouterExplorer] [39m[32mMapped {/api/v1/inspections/:id/cancel, PATCH} route[39m[38;5;3m +0ms[39m
[32m[Nest] 2620  - [39m22/09/2026, 20:28:50 [32m    LOG[39m [38;5;3m[RouterExplorer] [39m[32mMapped {/api/v1/inspections/:id/fail, PATCH} route[39m[38;5;3m +0ms[39m
[32m[Nest] 2620  - [39m22/09/2026, 20:28:50 [32m    LOG[39m [38;5;3m[RoutesResolver] [39m[32mDocumentController {/api/v1/documents}:[39m[38;5;3m +0ms[39m
[32m[Nest] 2620  - [39m22/09/2026, 20:28:50 [32m    LOG[39m [38;5;3m[RouterExplorer] [39m[32mMapped {/api/v1/documents/upload, POST} route[39m[38;5;3m +0ms[39m
[32m[Nest] 2620  - [39m22/09/2026, 20:28:50 [32m    LOG[39m [38;5;3m[RouterExplorer] [39m[32mMapped {/api/v1/documents, GET} route[39m[38;5;3m +1ms[39m
[32m[Nest] 2620  - [39m22/09/2026, 20:28:50 [32m    LOG[39m [38;5;3m[RouterExplorer] [39m[32mMapped {/api/v1/documents/:id, GET} route[39m[38;5;3m +0ms[39m
[32m[Nest] 2620  - [39m22/09/2026, 20:28:50 [32m    LOG[39m [38;5;3m[RouterExplorer] [39m[32mMapped {/api/v1/documents/:id/download, GET} route[39m[38;5;3m +0ms[39m
[32m[Nest] 2620  - [39m22/09/2026, 20:28:50 [32m    LOG[39m [38;5;3m[RouterExplorer] [39m[32mMapped {/api/v1/documents/:id/status, PATCH} route[39m[38;5;3m +0ms[39m
[32m[Nest] 2620  - [39m22/09/2026, 20:28:50 [32m    LOG[39m [38;5;3m[RouterExplorer] [39m[32mMapped {/api/v1/documents/:id, DELETE} route[39m[38;5;3m +1ms[39m
[32m[Nest] 2620  - [39m22/09/2026, 20:28:50 [32m    LOG[39m [38;5;3m[RoutesResolver] [39m[32mEmployeeController {/api/v1/employees}:[39m[38;5;3m +0ms[39m
[32m[Nest] 2620  - [39m22/09/2026, 20:28:50 [32m    LOG[39m [38;5;3m[RouterExplorer] [39m[32mMapped {/api/v1/employees, GET} route[39m[38;5;3m +0ms[39m
[32m[Nest] 2620  - [39m22/09/2026, 20:28:50 [32m    LOG[39m [38;5;3m[RouterExplorer] [39m[32mMapped {/api/v1/employees/departments, GET} route[39m[38;5;3m +0ms[39m
[32m[Nest] 2620  - [39m22/09/2026, 20:28:50 [32m    LOG[39m [38;5;3m[RouterExplorer] [39m[32mMapped {/api/v1/employees/roles, GET} route[39m[38;5;3m +1ms[39m
[32m[Nest] 2620  - [39m22/09/2026, 20:28:50 [32m    LOG[39m [38;5;3m[RouterExplorer] [39m[32mMapped {/api/v1/employees/:id, GET} route[39m[38;5;3m +0ms[39m
[32m[Nest] 2620  - [39m22/09/2026, 20:28:50 [32m    LOG[39m [38;5;3m[RouterExplorer] [39m[32mMapped {/api/v1/employees, POST} route[39m[38;5;3m +0ms[39m
[32m[Nest] 2620  - [39m22/09/2026, 20:28:50 [32m    LOG[39m [38;5;3m[RouterExplorer] [39m[32mMapped {/api/v1/employees/:id, PATCH} route[39m[38;5;3m +0ms[39m
[32m[Nest] 2620  - [39m22/09/2026, 20:28:50 [32m    LOG[39m [38;5;3m[RouterExplorer] [39m[32mMapped {/api/v1/employees/:id, DELETE} route[39m[38;5;3m +0ms[39m
[32m[Nest] 2620  - [39m22/09/2026, 20:28:50 [32m    LOG[39m [38;5;3m[RouterExplorer] [39m[32mMapped {/api/v1/employees/:id/roles, POST} route[39m[38;5;3m +1ms[39m
[32m[Nest] 2620  - [39m22/09/2026, 20:28:50 [32m    LOG[39m [38;5;3m[RouterExplorer] [39m[32mMapped {/api/v1/employees/:id/roles/remove, POST} route[39m[38;5;3m +0ms[39m
[32m[Nest] 2620  - [39m22/09/2026, 20:28:50 [32m    LOG[39m [38;5;3m[RoutesResolver] [39m[32mVendorController {/api/v1/vendors}:[39m[38;5;3m +0ms[39m
[32m[Nest] 2620  - [39m22/09/2026, 20:28:50 [32m    LOG[39m [38;5;3m[RoutesResolver] [39m[32mAppointmentController {/api/v1/appointments}:[39m[38;5;3m +0ms[39m
[32m[Nest] 2620  - [39m22/09/2026, 20:28:50 [32m    LOG[39m [38;5;3m[RoutesResolver] [39m[32mNotificationController {/api/v1/notifications}:[39m[38;5;3m +0ms[39m
[32m[Nest] 2620  - [39m22/09/2026, 20:28:50 [32m    LOG[39m [38;5;3m[RoutesResolver] [39m[32mAiController {/api/v1/ai}:[39m[38;5;3m +0ms[39m
[32m[Nest] 2620  - [39m22/09/2026, 20:28:50 [32m    LOG[39m [38;5;3m[RoutesResolver] [39m[32mDashboardController {/api/v1/dashboard}:[39m[38;5;3m +0ms[39m
[32m[Nest] 2620  - [39m22/09/2026, 20:28:50 [32m    LOG[39m [38;5;3m[RouterExplorer] [39m[32mMapped {/api/v1/dashboard/stats, GET} route[39m[38;5;3m +1ms[39m
[32m[Nest] 2620  - [39m22/09/2026, 20:28:50 [32m    LOG[39m [38;5;3m[RoutesResolver] [39m[32mPosterController {/api/v1/posters}:[39m[38;5;3m +0ms[39m
[32m[Nest] 2620  - [39m22/09/2026, 20:28:50 [32m    LOG[39m [38;5;3m[RouterExplorer] [39m[32mMapped {/api/v1/posters/public, GET} route[39m[38;5;3m +0ms[39m
[32m[Nest] 2620  - [39m22/09/2026, 20:28:50 [32m    LOG[39m [38;5;3m[RouterExplorer] [39m[32mMapped {/api/v1/posters, GET} route[39m[38;5;3m +0ms[39m
[32m[Nest] 2620  - [39m22/09/2026, 20:28:50 [32m    LOG[39m [38;5;3m[RouterExplorer] [39m[32mMapped {/api/v1/posters, POST} route[39m[38;5;3m +0ms[39m
[32m[Nest] 2620  - [39m22/09/2026, 20:28:50 [32m    LOG[39m [38;5;3m[RouterExplorer] [39m[32mMapped {/api/v1/posters/:id, PATCH} route[39m[38;5;3m +0ms[39m
[32m[Nest] 2620  - [39m22/09/2026, 20:28:50 [32m    LOG[39m [38;5;3m[RouterExplorer] [39m[32mMapped {/api/v1/posters/:id/toggle, PATCH} route[39m[38;5;3m +0ms[39m
[32m[Nest] 2620  - [39m22/09/2026, 20:28:50 [32m    LOG[39m [38;5;3m[RouterExplorer] [39m[32mMapped {/api/v1/posters/:id, DELETE} route[39m[38;5;3m +0ms[39m
[32m[Nest] 2620  - [39m22/09/2026, 20:28:51 [32m    LOG[39m [38;5;3m[PrismaService] [39m[32mDatabase connected[39m
[32m[Nest] 2620  - [39m22/09/2026, 20:28:51 [32m    LOG[39m [38;5;3m[NestApplication] [39m[32mNest application successfully started[39m[38;5;3m +4ms[39m
🚀 NHGP API running at http://localhost:4000/api/v1
[33m[Nest] 2620  - [39m22/09/2026, 20:31:59 [33m   WARN[39m [38;5;3m[Uploads] [39m[33mUpload not found: /posters/posters/demo-poster-1790105492450.png[39m
[2J[3J[H[[90m20:33:29[0m] File change detected. Starting incremental compilation...

[96msrc/poster/poster.service.ts[0m:[93m7[0m:[93m1[0m - [91merror[0m[90m TS1206: [0mDecorators are not valid here.

[7m7[0m @Injectable()
[7m [0m [91m~[0m

[[90m20:33:29[0m] Found 1 error. Watching for file changes.

[2J[3J[H[[90m20:33:40[0m] File change detected. Starting incremental compilation...

[[90m20:33:41[0m] Found 0 errors. Watching for file changes.

[32m[Nest] 37548  - [39m22/09/2026, 20:33:44 [32m    LOG[39m [38;5;3m[NestFactory] [39m[32mStarting Nest application...[39m
[32m[Nest] 37548  - [39m22/09/2026, 20:33:44 [32m    LOG[39m [38;5;3m[InstanceLoader] [39m[32mPrismaModule dependencies initialized[39m[38;5;3m +78ms[39m
[32m[Nest] 37548  - [39m22/09/2026, 20:33:44 [32m    LOG[39m [38;5;3m[InstanceLoader] [39m[32mPassportModule dependencies initialized[39m[38;5;3m +1ms[39m
[32m[Nest] 37548  - [39m22/09/2026, 20:33:44 [32m    LOG[39m [38;5;3m[InstanceLoader] [39m[32mConfigHostModule dependencies initialized[39m[38;5;3m +18ms[39m
[32m[Nest] 37548  - [39m22/09/2026, 20:33:44 [32m    LOG[39m [38;5;3m[InstanceLoader] [39m[32mThrottlerModule dependencies initialized[39m[38;5;3m +0ms[39m
[33m[Nest] 37548  - [39m22/09/2026, 20:33:44 [33m   WARN[39m [38;5;3m[EmailService] [39m[33mSMTP not configured — emails will be logged to console. Set SMTP_HOST, SMTP_USER, SMTP_PASS in .env to enable sending.[39m
[32m[Nest] 37548  - [39m22/09/2026, 20:33:44 [32m    LOG[39m [38;5;3m[InstanceLoader] [39m[32mConfigModule dependencies initialized[39m[38;5;3m +1ms[39m
[32m[Nest] 37548  - [39m22/09/2026, 20:33:44 [32m    LOG[39m [38;5;3m[InstanceLoader] [39m[32mConfigModule dependencies initialized[39m[38;5;3m +0ms[39m
[32m[Nest] 37548  - [39m22/09/2026, 20:33:44 [32m    LOG[39m [38;5;3m[InstanceLoader] [39m[32mNotificationModule dependencies initialized[39m[38;5;3m +4ms[39m
[32m[Nest] 37548  - [39m22/09/2026, 20:33:44 [32m    LOG[39m [38;5;3m[InstanceLoader] [39m[32mAiModule dependencies initialized[39m[38;5;3m +1ms[39m
[32m[Nest] 37548  - [39m22/09/2026, 20:33:44 [32m    LOG[39m [38;5;3m[InstanceLoader] [39m[32mEmailModule dependencies initialized[39m[38;5;3m +1ms[39m
[32m[Nest] 37548  - [39m22/09/2026, 20:33:44 [32m    LOG[39m [38;5;3m[InstanceLoader] [39m[32mStorageModule dependencies initialized[39m[38;5;3m +0ms[39m
[32m[Nest] 37548  - [39m22/09/2026, 20:33:44 [32m    LOG[39m [38;5;3m[InstanceLoader] [39m[32mJwtModule dependencies initialized[39m[38;5;3m +4ms[39m
[32m[Nest] 37548  - [39m22/09/2026, 20:33:44 [32m    LOG[39m [38;5;3m[InstanceLoader] [39m[32mVendorModule dependencies initialized[39m[38;5;3m +2ms[39m
[32m[Nest] 37548  - [39m22/09/2026, 20:33:44 [32m    LOG[39m [38;5;3m[InstanceLoader] [39m[32mAppointmentModule dependencies initialized[39m[38;5;3m +0ms[39m
[32m[Nest] 37548  - [39m22/09/2026, 20:33:44 [32m    LOG[39m [38;5;3m[InstanceLoader] [39m[32mEmployeeModule dependencies initialized[39m[38;5;3m +5ms[39m
[32m[Nest] 37548  - [39m22/09/2026, 20:33:44 [32m    LOG[39m [38;5;3m[InstanceLoader] [39m[32mDashboardModule dependencies initialized[39m[38;5;3m +0ms[39m
[32m[Nest] 37548  - [39m22/09/2026, 20:33:44 [32m    LOG[39m [38;5;3m[InstanceLoader] [39m[32mAuditModule dependencies initialized[39m[38;5;3m +1ms[39m
[32m[Nest] 37548  - [39m22/09/2026, 20:33:44 [32m    LOG[39m [38;5;3m[InstanceLoader] [39m[32mAppModule dependencies initialized[39m[38;5;3m +0ms[39m
[32m[Nest] 37548  - [39m22/09/2026, 20:33:44 [32m    LOG[39m [38;5;3m[InstanceLoader] [39m[32mCustomerModule dependencies initialized[39m[38;5;3m +1ms[39m
[32m[Nest] 37548  - [39m22/09/2026, 20:33:44 [32m    LOG[39m [38;5;3m[InstanceLoader] [39m[32mSaleModule dependencies initialized[39m[38;5;3m +0ms[39m
[32m[Nest] 37548  - [39m22/09/2026, 20:33:44 [32m    LOG[39m [38;5;3m[InstanceLoader] [39m[32mPaymentModule dependencies initialized[39m[38;5;3m +0ms[39m
[32m[Nest] 37548  - [39m22/09/2026, 20:33:44 [32m    LOG[39m [38;5;3m[InstanceLoader] [39m[32mInspectionModule dependencies initialized[39m[38;5;3m +0ms[39m
[32m[Nest] 37548  - [39m22/09/2026, 20:33:44 [32m    LOG[39m [38;5;3m[InstanceLoader] [39m[32mCompanyModule dependencies initialized[39m[38;5;3m +0ms[39m
[32m[Nest] 37548  - [39m22/09/2026, 20:33:44 [32m    LOG[39m [38;5;3m[InstanceLoader] [39m[32mReservationModule dependencies initialized[39m[38;5;3m +0ms[39m
[32m[Nest] 37548  - [39m22/09/2026, 20:33:44 [32m    LOG[39m [38;5;3m[InstanceLoader] [39m[32mDocumentModule dependencies initialized[39m[38;5;3m +0ms[39m
[32m[Nest] 37548  - [39m22/09/2026, 20:33:44 [32m    LOG[39m [38;5;3m[InstanceLoader] [39m[32mEstateModule dependencies initialized[39m[38;5;3m +0ms[39m
[32m[Nest] 37548  - [39m22/09/2026, 20:33:44 [32m    LOG[39m [38;5;3m[InstanceLoader] [39m[32mPropertyModule dependencies initialized[39m[38;5;3m +0ms[39m
[32m[Nest] 37548  - [39m22/09/2026, 20:33:44 [32m    LOG[39m [38;5;3m[InstanceLoader] [39m[32mPosterModule dependencies initialized[39m[38;5;3m +1ms[39m
[32m[Nest] 37548  - [39m22/09/2026, 20:33:44 [32m    LOG[39m [38;5;3m[InstanceLoader] [39m[32mAuthModule dependencies initialized[39m[38;5;3m +0ms[39m
[32m[Nest] 37548  - [39m22/09/2026, 20:33:45 [32m    LOG[39m [38;5;3m[RoutesResolver] [39m[32mHealthController {/api/v1/health}:[39m[38;5;3m +1085ms[39m
[32m[Nest] 37548  - [39m22/09/2026, 20:33:45 [32m    LOG[39m [38;5;3m[RouterExplorer] [39m[32mMapped {/api/v1/health, GET} route[39m[38;5;3m +7ms[39m
[32m[Nest] 37548  - [39m22/09/2026, 20:33:45 [32m    LOG[39m [38;5;3m[RoutesResolver] [39m[32mAuditController {/api/v1/audit-logs}:[39m[38;5;3m +0ms[39m
[32m[Nest] 37548  - [39m22/09/2026, 20:33:45 [32m    LOG[39m [38;5;3m[RouterExplorer] [39m[32mMapped {/api/v1/audit-logs, GET} route[39m[38;5;3m +1ms[39m
[32m[Nest] 37548  - [39m22/09/2026, 20:33:45 [32m    LOG[39m [38;5;3m[RoutesResolver] [39m[32mAuthController {/api/v1/auth}:[39m[38;5;3m +1ms[39m
[32m[Nest] 37548  - [39m22/09/2026, 20:33:45 [32m    LOG[39m [38;5;3m[RouterExplorer] [39m[32mMapped {/api/v1/auth/login, POST} route[39m[38;5;3m +0ms[39m
[32m[Nest] 37548  - [39m22/09/2026, 20:33:45 [32m    LOG[39m [38;5;3m[RouterExplorer] [39m[32mMapped {/api/v1/auth/refresh, POST} route[39m[38;5;3m +1ms[39m
[32m[Nest] 37548  - [39m22/09/2026, 20:33:45 [32m    LOG[39m [38;5;3m[RouterExplorer] [39m[32mMapped {/api/v1/auth/logout, POST} route[39m[38;5;3m +1ms[39m
[32m[Nest] 37548  - [39m22/09/2026, 20:33:45 [32m    LOG[39m [38;5;3m[RouterExplorer] [39m[32mMapped {/api/v1/auth/change-password, POST} route[39m[38;5;3m +0ms[39m
[32m[Nest] 37548  - [39m22/09/2026, 20:33:45 [32m    LOG[39m [38;5;3m[RouterExplorer] [39m[32mMapped {/api/v1/auth/me, POST} route[39m[38;5;3m +1ms[39m
[32m[Nest] 37548  - [39m22/09/2026, 20:33:45 [32m    LOG[39m [38;5;3m[RouterExplorer] [39m[32mMapped {/api/v1/auth/super/login, POST} route[39m[38;5;3m +0ms[39m
[32m[Nest] 37548  - [39m22/09/2026, 20:33:45 [32m    LOG[39m [38;5;3m[RouterExplorer] [39m[32mMapped {/api/v1/auth/customer/register, POST} route[39m[38;5;3m +1ms[39m
[32m[Nest] 37548  - [39m22/09/2026, 20:33:45 [32m    LOG[39m [38;5;3m[RouterExplorer] [39m[32mMapped {/api/v1/auth/customer/login, POST} route[39m[38;5;3m +0ms[39m
[32m[Nest] 37548  - [39m22/09/2026, 20:33:45 [32m    LOG[39m [38;5;3m[RouterExplorer] [39m[32mMapped {/api/v1/auth/customer/me, GET} route[39m[38;5;3m +1ms[39m
[32m[Nest] 37548  - [39m22/09/2026, 20:33:45 [32m    LOG[39m [38;5;3m[RouterExplorer] [39m[32mMapped {/api/v1/auth/customer/profile, PATCH} route[39m[38;5;3m +0ms[39m
[32m[Nest] 37548  - [39m22/09/2026, 20:33:45 [32m    LOG[39m [38;5;3m[RoutesResolver] [39m[32mCompanyController {/api/v1/companies}:[39m[38;5;3m +0ms[39m
[32m[Nest] 37548  - [39m22/09/2026, 20:33:45 [32m    LOG[39m [38;5;3m[RouterExplorer] [39m[32mMapped {/api/v1/companies, POST} route[39m[38;5;3m +1ms[39m
[32m[Nest] 37548  - [39m22/09/2026, 20:33:45 [32m    LOG[39m [38;5;3m[RouterExplorer] [39m[32mMapped {/api/v1/companies, GET} route[39m[38;5;3m +0ms[39m
[32m[Nest] 37548  - [39m22/09/2026, 20:33:45 [32m    LOG[39m [38;5;3m[RouterExplorer] [39m[32mMapped {/api/v1/companies/departments, GET} route[39m[38;5;3m +1ms[39m
[32m[Nest] 37548  - [39m22/09/2026, 20:33:45 [32m    LOG[39m [38;5;3m[RouterExplorer] [39m[32mMapped {/api/v1/companies/:id, GET} route[39m[38;5;3m +1ms[39m
[32m[Nest] 37548  - [39m22/09/2026, 20:33:45 [32m    LOG[39m [38;5;3m[RouterExplorer] [39m[32mMapped {/api/v1/companies/:id, PATCH} route[39m[38;5;3m +2ms[39m
[32m[Nest] 37548  - [39m22/09/2026, 20:33:45 [32m    LOG[39m [38;5;3m[RouterExplorer] [39m[32mMapped {/api/v1/companies/:id/branches, POST} route[39m[38;5;3m +0ms[39m
[32m[Nest] 37548  - [39m22/09/2026, 20:33:45 [32m    LOG[39m [38;5;3m[RouterExplorer] [39m[32mMapped {/api/v1/companies/branches/:branchId, PATCH} route[39m[38;5;3m +1ms[39m
[32m[Nest] 37548  - [39m22/09/2026, 20:33:45 [32m    LOG[39m [38;5;3m[RouterExplorer] [39m[32mMapped {/api/v1/companies/branches/:branchId, DELETE} route[39m[38;5;3m +1ms[39m
[32m[Nest] 37548  - [39m22/09/2026, 20:33:45 [32m    LOG[39m [38;5;3m[RouterExplorer] [39m[32mMapped {/api/v1/companies/departments, POST} route[39m[38;5;3m +0ms[39m
[32m[Nest] 37548  - [39m22/09/2026, 20:33:45 [32m    LOG[39m [38;5;3m[RouterExplorer] [39m[32mMapped {/api/v1/companies/departments/:id, PATCH} route[39m[38;5;3m +0ms[39m
[32m[Nest] 37548  - [39m22/09/2026, 20:33:45 [32m    LOG[39m [38;5;3m[RouterExplorer] [39m[32mMapped {/api/v1/companies/departments/:id, DELETE} route[39m[38;5;3m +1ms[39m
[32m[Nest] 37548  - [39m22/09/2026, 20:33:45 [32m    LOG[39m [38;5;3m[RoutesResolver] [39m[32mEstateController {/api/v1/estates}:[39m[38;5;3m +0ms[39m
[32m[Nest] 37548  - [39m22/09/2026, 20:33:45 [32m    LOG[39m [38;5;3m[RouterExplorer] [39m[32mMapped {/api/v1/estates/public, GET} route[39m[38;5;3m +1ms[39m
[32m[Nest] 37548  - [39m22/09/2026, 20:33:45 [32m    LOG[39m [38;5;3m[RouterExplorer] [39m[32mMapped {/api/v1/estates, GET} route[39m[38;5;3m +0ms[39m
[32m[Nest] 37548  - [39m22/09/2026, 20:33:45 [32m    LOG[39m [38;5;3m[RouterExplorer] [39m[32mMapped {/api/v1/estates/:id, GET} route[39m[38;5;3m +0ms[39m
[32m[Nest] 37548  - [39m22/09/2026, 20:33:45 [32m    LOG[39m [38;5;3m[RouterExplorer] [39m[32mMapped {/api/v1/estates, POST} route[39m[38;5;3m +1ms[39m
[32m[Nest] 37548  - [39m22/09/2026, 20:33:45 [32m    LOG[39m [38;5;3m[RouterExplorer] [39m[32mMapped {/api/v1/estates/:id, PATCH} route[39m[38;5;3m +0ms[39m
[32m[Nest] 37548  - [39m22/09/2026, 20:33:45 [32m    LOG[39m [38;5;3m[RouterExplorer] [39m[32mMapped {/api/v1/estates/:id/phases, POST} route[39m[38;5;3m +1ms[39m
[32m[Nest] 37548  - [39m22/09/2026, 20:33:45 [32m    LOG[39m [38;5;3m[RouterExplorer] [39m[32mMapped {/api/v1/estates/:id/blocks, POST} route[39m[38;5;3m +0ms[39m
[32m[Nest] 37548  - [39m22/09/2026, 20:33:45 [32m    LOG[39m [38;5;3m[RouterExplorer] [39m[32mMapped {/api/v1/estates/:id/infrastructure, POST} route[39m[38;5;3m +0ms[39m
[32m[Nest] 37548  - [39m22/09/2026, 20:33:45 [32m    LOG[39m [38;5;3m[RouterExplorer] [39m[32mMapped {/api/v1/estates/:id/site-plan, POST} route[39m[38;5;3m +1ms[39m
[32m[Nest] 37548  - [39m22/09/2026, 20:33:45 [32m    LOG[39m [38;5;3m[RouterExplorer] [39m[32mMapped {/api/v1/estates/:id/building-types, PATCH} route[39m[38;5;3m +1ms[39m
[32m[Nest] 37548  - [39m22/09/2026, 20:33:45 [32m    LOG[39m [38;5;3m[RouterExplorer] [39m[32mMapped {/api/v1/estates/:id/building-type-image/:typeId, POST} route[39m[38;5;3m +0ms[39m
[32m[Nest] 37548  - [39m22/09/2026, 20:33:45 [32m    LOG[39m [38;5;3m[RouterExplorer] [39m[32mMapped {/api/v1/estates/:id/building-type-image/:typeId/:filename, DELETE} route[39m[38;5;3m +0ms[39m
[32m[Nest] 37548  - [39m22/09/2026, 20:33:45 [32m    LOG[39m [38;5;3m[RouterExplorer] [39m[32mMapped {/api/v1/estates/:id/permanent, DELETE} route[39m[38;5;3m +0ms[39m
[32m[Nest] 37548  - [39m22/09/2026, 20:33:45 [32m    LOG[39m [38;5;3m[RoutesResolver] [39m[32mPropertyController {/api/v1/properties}:[39m[38;5;3m +0ms[39m
[32m[Nest] 37548  - [39m22/09/2026, 20:33:45 [32m    LOG[39m [38;5;3m[RouterExplorer] [39m[32mMapped {/api/v1/properties/public, GET} route[39m[38;5;3m +1ms[39m
[32m[Nest] 37548  - [39m22/09/2026, 20:33:45 [32m    LOG[39m [38;5;3m[RouterExplorer] [39m[32mMapped {/api/v1/properties/public/:id, GET} route[39m[38;5;3m +0ms[39m
[32m[Nest] 37548  - [39m22/09/2026, 20:33:45 [32m    LOG[39m [38;5;3m[RouterExplorer] [39m[32mMapped {/api/v1/properties/public/inquiry, POST} route[39m[38;5;3m +1ms[39m
[32m[Nest] 37548  - [39m22/09/2026, 20:33:45 [32m    LOG[39m [38;5;3m[RouterExplorer] [39m[32mMapped {/api/v1/properties, GET} route[39m[38;5;3m +0ms[39m
[32m[Nest] 37548  - [39m22/09/2026, 20:33:45 [32m    LOG[39m [38;5;3m[RouterExplorer] [39m[32mMapped {/api/v1/properties/admin/inquiries, GET} route[39m[38;5;3m +0ms[39m
[32m[Nest] 37548  - [39m22/09/2026, 20:33:45 [32m    LOG[39m [38;5;3m[RouterExplorer] [39m[32mMapped {/api/v1/properties/admin/inquiries/:id/status, PATCH} route[39m[38;5;3m +0ms[39m
[32m[Nest] 37548  - [39m22/09/2026, 20:33:45 [32m    LOG[39m [38;5;3m[RouterExplorer] [39m[32mMapped {/api/v1/properties/admin/inquiries/:id/notes, PATCH} route[39m[38;5;3m +0ms[39m
[32m[Nest] 37548  - [39m22/09/2026, 20:33:45 [32m    LOG[39m [38;5;3m[RouterExplorer] [39m[32mMapped {/api/v1/properties/admin/inquiries/:id/convert, POST} route[39m[38;5;3m +1ms[39m
[32m[Nest] 37548  - [39m22/09/2026, 20:33:45 [32m    LOG[39m [38;5;3m[RouterExplorer] [39m[32mMapped {/api/v1/properties/:id, GET} route[39m[38;5;3m +0ms[39m
[32m[Nest] 37548  - [39m22/09/2026, 20:33:45 [32m    LOG[39m [38;5;3m[RouterExplorer] [39m[32mMapped {/api/v1/properties, POST} route[39m[38;5;3m +0ms[39m
[32m[Nest] 37548  - [39m22/09/2026, 20:33:45 [32m    LOG[39m [38;5;3m[RouterExplorer] [39m[32mMapped {/api/v1/properties/:id, PATCH} route[39m[38;5;3m +1ms[39m
[32m[Nest] 37548  - [39m22/09/2026, 20:33:45 [32m    LOG[39m [38;5;3m[RouterExplorer] [39m[32mMapped {/api/v1/properties/:id/status, POST} route[39m[38;5;3m +0ms[39m
[32m[Nest] 37548  - [39m22/09/2026, 20:33:45 [32m    LOG[39m [38;5;3m[RouterExplorer] [39m[32mMapped {/api/v1/properties/:id, DELETE} route[39m[38;5;3m +0ms[39m
[32m[Nest] 37548  - [39m22/09/2026, 20:33:45 [32m    LOG[39m [38;5;3m[RouterExplorer] [39m[32mMapped {/api/v1/properties/:id/permanent, DELETE} route[39m[38;5;3m +0ms[39m
[32m[Nest] 37548  - [39m22/09/2026, 20:33:45 [32m    LOG[39m [38;5;3m[RouterExplorer] [39m[32mMapped {/api/v1/properties/:id/media, POST} route[39m[38;5;3m +0ms[39m
[32m[Nest] 37548  - [39m22/09/2026, 20:33:45 [32m    LOG[39m [38;5;3m[RouterExplorer] [39m[32mMapped {/api/v1/properties/:id/media/:mediaId, DELETE} route[39m[38;5;3m +1ms[39m
[32m[Nest] 37548  - [39m22/09/2026, 20:33:45 [32m    LOG[39m [38;5;3m[RouterExplorer] [39m[32mMapped {/api/v1/properties/:id/media/:mediaId/cover, PATCH} route[39m[38;5;3m +0ms[39m
[32m[Nest] 37548  - [39m22/09/2026, 20:33:45 [32m    LOG[39m [38;5;3m[RouterExplorer] [39m[32mMapped {/api/v1/properties/:id/favorite, POST} route[39m[38;5;3m +1ms[39m
[32m[Nest] 37548  - [39m22/09/2026, 20:33:45 [32m    LOG[39m [38;5;3m[RouterExplorer] [39m[32mMapped {/api/v1/properties/:id/favorite-status, GET} route[39m[38;5;3m +0ms[39m
[32m[Nest] 37548  - [39m22/09/2026, 20:33:45 [32m    LOG[39m [38;5;3m[RoutesResolver] [39m[32mCustomerController {/api/v1/customers}:[39m[38;5;3m +0ms[39m
[32m[Nest] 37548  - [39m22/09/2026, 20:33:45 [32m    LOG[39m [38;5;3m[RouterExplorer] [39m[32mMapped {/api/v1/customers, GET} route[39m[38;5;3m +1ms[39m
[32m[Nest] 37548  - [39m22/09/2026, 20:33:45 [32m    LOG[39m [38;5;3m[RouterExplorer] [39m[32mMapped {/api/v1/customers/:id, GET} route[39m[38;5;3m +0ms[39m
[32m[Nest] 37548  - [39m22/09/2026, 20:33:45 [32m    LOG[39m [38;5;3m[RouterExplorer] [39m[32mMapped {/api/v1/customers, POST} route[39m[38;5;3m +1ms[39m
[32m[Nest] 37548  - [39m22/09/2026, 20:33:45 [32m    LOG[39m [38;5;3m[RouterExplorer] [39m[32mMapped {/api/v1/customers/:id, PATCH} route[39m[38;5;3m +0ms[39m
[32m[Nest] 37548  - [39m22/09/2026, 20:33:45 [32m    LOG[39m [38;5;3m[RouterExplorer] [39m[32mMapped {/api/v1/customers/:id/deactivate, POST} route[39m[38;5;3m +0ms[39m
[32m[Nest] 37548  - [39m22/09/2026, 20:33:45 [32m    LOG[39m [38;5;3m[RouterExplorer] [39m[32mMapped {/api/v1/customers/:id/activate, POST} route[39m[38;5;3m +1ms[39m
[32m[Nest] 37548  - [39m22/09/2026, 20:33:45 [32m    LOG[39m [38;5;3m[RouterExplorer] [39m[32mMapped {/api/v1/customers/:id, DELETE} route[39m[38;5;3m +0ms[39m
[32m[Nest] 37548  - [39m22/09/2026, 20:33:45 [32m    LOG[39m [38;5;3m[RoutesResolver] [39m[32mReservationController {/api/v1/reservations}:[39m[38;5;3m +1ms[39m
[32m[Nest] 37548  - [39m22/09/2026, 20:33:45 [32m    LOG[39m [38;5;3m[RouterExplorer] [39m[32mMapped {/api/v1/reservations/public, POST} route[39m[38;5;3m +0ms[39m
[32m[Nest] 37548  - [39m22/09/2026, 20:33:45 [32m    LOG[39m [38;5;3m[RouterExplorer] [39m[32mMapped {/api/v1/reservations, GET} route[39m[38;5;3m +0ms[39m
[32m[Nest] 37548  - [39m22/09/2026, 20:33:45 [32m    LOG[39m [38;5;3m[RouterExplorer] [39m[32mMapped {/api/v1/reservations/mine, GET} route[39m[38;5;3m +0ms[39m
[32m[Nest] 37548  - [39m22/09/2026, 20:33:45 [32m    LOG[39m [38;5;3m[RouterExplorer] [39m[32mMapped {/api/v1/reservations/:id, GET} route[39m[38;5;3m +1ms[39m
[32m[Nest] 37548  - [39m22/09/2026, 20:33:45 [32m    LOG[39m [38;5;3m[RouterExplorer] [39m[32mMapped {/api/v1/reservations/:id/timeline, GET} route[39m[38;5;3m +0ms[39m
[32m[Nest] 37548  - [39m22/09/2026, 20:33:45 [32m    LOG[39m [38;5;3m[RouterExplorer] [39m[32mMapped {/api/v1/reservations/:id/status, PATCH} route[39m[38;5;3m +1ms[39m
[32m[Nest] 37548  - [39m22/09/2026, 20:33:45 [32m    LOG[39m [38;5;3m[RoutesResolver] [39m[32mSaleController {/api/v1/sales}:[39m[38;5;3m +0ms[39m
[32m[Nest] 37548  - [39m22/09/2026, 20:33:45 [32m    LOG[39m [38;5;3m[RouterExplorer] [39m[32mMapped {/api/v1/sales, GET} route[39m[38;5;3m +0ms[39m
[32m[Nest] 37548  - [39m22/09/2026, 20:33:45 [32m    LOG[39m [38;5;3m[RouterExplorer] [39m[32mMapped {/api/v1/sales/:id, GET} route[39m[38;5;3m +0ms[39m
[32m[Nest] 37548  - [39m22/09/2026, 20:33:45 [32m    LOG[39m [38;5;3m[RouterExplorer] [39m[32mMapped {/api/v1/sales, POST} route[39m[38;5;3m +0ms[39m
[32m[Nest] 37548  - [39m22/09/2026, 20:33:45 [32m    LOG[39m [38;5;3m[RouterExplorer] [39m[32mMapped {/api/v1/sales/:id/status, PATCH} route[39m[38;5;3m +0ms[39m
[32m[Nest] 37548  - [39m22/09/2026, 20:33:45 [32m    LOG[39m [38;5;3m[RoutesResolver] [39m[32mPaymentController {/api/v1/payments}:[39m[38;5;3m +1ms[39m
[32m[Nest] 37548  - [39m22/09/2026, 20:33:45 [32m    LOG[39m [38;5;3m[RouterExplorer] [39m[32mMapped {/api/v1/payments, POST} route[39m[38;5;3m +0ms[39m
[32m[Nest] 37548  - [39m22/09/2026, 20:33:45 [32m    LOG[39m [38;5;3m[RouterExplorer] [39m[32mMapped {/api/v1/payments, GET} route[39m[38;5;3m +1ms[39m
[32m[Nest] 37548  - [39m22/09/2026, 20:33:45 [32m    LOG[39m [38;5;3m[RouterExplorer] [39m[32mMapped {/api/v1/payments/:id, GET} route[39m[38;5;3m +0ms[39m
[32m[Nest] 37548  - [39m22/09/2026, 20:33:45 [32m    LOG[39m [38;5;3m[RouterExplorer] [39m[32mMapped {/api/v1/payments/:id/verify, PATCH} route[39m[38;5;3m +0ms[39m
[32m[Nest] 37548  - [39m22/09/2026, 20:33:45 [32m    LOG[39m [38;5;3m[RouterExplorer] [39m[32mMapped {/api/v1/payments/:id/reject, PATCH} route[39m[38;5;3m +1ms[39m
[32m[Nest] 37548  - [39m22/09/2026, 20:33:45 [32m    LOG[39m [38;5;3m[RoutesResolver] [39m[32mInspectionController {/api/v1/inspections}:[39m[38;5;3m +0ms[39m
[32m[Nest] 37548  - [39m22/09/2026, 20:33:45 [32m    LOG[39m [38;5;3m[RouterExplorer] [39m[32mMapped {/api/v1/inspections, POST} route[39m[38;5;3m +0ms[39m
[32m[Nest] 37548  - [39m22/09/2026, 20:33:45 [32m    LOG[39m [38;5;3m[RouterExplorer] [39m[32mMapped {/api/v1/inspections, GET} route[39m[38;5;3m +0ms[39m
[32m[Nest] 37548  - [39m22/09/2026, 20:33:45 [32m    LOG[39m [38;5;3m[RouterExplorer] [39m[32mMapped {/api/v1/inspections/:id, GET} route[39m[38;5;3m +1ms[39m
[32m[Nest] 37548  - [39m22/09/2026, 20:33:45 [32m    LOG[39m [38;5;3m[RouterExplorer] [39m[32mMapped {/api/v1/inspections/:id/start, PATCH} route[39m[38;5;3m +0ms[39m
[32m[Nest] 37548  - [39m22/09/2026, 20:33:45 [32m    LOG[39m [38;5;3m[RouterExplorer] [39m[32mMapped {/api/v1/inspections/:id/complete, PATCH} route[39m[38;5;3m +0ms[39m
[32m[Nest] 37548  - [39m22/09/2026, 20:33:45 [32m    LOG[39m [38;5;3m[RouterExplorer] [39m[32mMapped {/api/v1/inspections/:id/cancel, PATCH} route[39m[38;5;3m +1ms[39m
[32m[Nest] 37548  - [39m22/09/2026, 20:33:45 [32m    LOG[39m [38;5;3m[RouterExplorer] [39m[32mMapped {/api/v1/inspections/:id/fail, PATCH} route[39m[38;5;3m +0ms[39m
[32m[Nest] 37548  - [39m22/09/2026, 20:33:45 [32m    LOG[39m [38;5;3m[RoutesResolver] [39m[32mDocumentController {/api/v1/documents}:[39m[38;5;3m +0ms[39m
[32m[Nest] 37548  - [39m22/09/2026, 20:33:45 [32m    LOG[39m [38;5;3m[RouterExplorer] [39m[32mMapped {/api/v1/documents/upload, POST} route[39m[38;5;3m +1ms[39m
[32m[Nest] 37548  - [39m22/09/2026, 20:33:45 [32m    LOG[39m [38;5;3m[RouterExplorer] [39m[32mMapped {/api/v1/documents, GET} route[39m[38;5;3m +0ms[39m
[32m[Nest] 37548  - [39m22/09/2026, 20:33:45 [32m    LOG[39m [38;5;3m[RouterExplorer] [39m[32mMapped {/api/v1/documents/:id, GET} route[39m[38;5;3m +0ms[39m
[32m[Nest] 37548  - [39m22/09/2026, 20:33:45 [32m    LOG[39m [38;5;3m[RouterExplorer] [39m[32mMapped {/api/v1/documents/:id/download, GET} route[39m[38;5;3m +0ms[39m
[32m[Nest] 37548  - [39m22/09/2026, 20:33:45 [32m    LOG[39m [38;5;3m[RouterExplorer] [39m[32mMapped {/api/v1/documents/:id/status, PATCH} route[39m[38;5;3m +1ms[39m
[32m[Nest] 37548  - [39m22/09/2026, 20:33:45 [32m    LOG[39m [38;5;3m[RouterExplorer] [39m[32mMapped {/api/v1/documents/:id, DELETE} route[39m[38;5;3m +0ms[39m
[32m[Nest] 37548  - [39m22/09/2026, 20:33:45 [32m    LOG[39m [38;5;3m[RoutesResolver] [39m[32mEmployeeController {/api/v1/employees}:[39m[38;5;3m +0ms[39m
[32m[Nest] 37548  - [39m22/09/2026, 20:33:45 [32m    LOG[39m [38;5;3m[RouterExplorer] [39m[32mMapped {/api/v1/employees, GET} route[39m[38;5;3m +0ms[39m
[32m[Nest] 37548  - [39m22/09/2026, 20:33:45 [32m    LOG[39m [38;5;3m[RouterExplorer] [39m[32mMapped {/api/v1/employees/departments, GET} route[39m[38;5;3m +0ms[39m
[32m[Nest] 37548  - [39m22/09/2026, 20:33:45 [32m    LOG[39m [38;5;3m[RouterExplorer] [39m[32mMapped {/api/v1/employees/roles, GET} route[39m[38;5;3m +0ms[39m
[32m[Nest] 37548  - [39m22/09/2026, 20:33:45 [32m    LOG[39m [38;5;3m[RouterExplorer] [39m[32mMapped {/api/v1/employees/:id, GET} route[39m[38;5;3m +0ms[39m
[32m[Nest] 37548  - [39m22/09/2026, 20:33:45 [32m    LOG[39m [38;5;3m[RouterExplorer] [39m[32mMapped {/api/v1/employees, POST} route[39m[38;5;3m +0ms[39m
[32m[Nest] 37548  - [39m22/09/2026, 20:33:45 [32m    LOG[39m [38;5;3m[RouterExplorer] [39m[32mMapped {/api/v1/employees/:id, PATCH} route[39m[38;5;3m +0ms[39m
[32m[Nest] 37548  - [39m22/09/2026, 20:33:45 [32m    LOG[39m [38;5;3m[RouterExplorer] [39m[32mMapped {/api/v1/employees/:id, DELETE} route[39m[38;5;3m +1ms[39m
[32m[Nest] 37548  - [39m22/09/2026, 20:33:45 [32m    LOG[39m [38;5;3m[RouterExplorer] [39m[32mMapped {/api/v1/employees/:id/roles, POST} route[39m[38;5;3m +0ms[39m
[32m[Nest] 37548  - [39m22/09/2026, 20:33:45 [32m    LOG[39m [38;5;3m[RouterExplorer] [39m[32mMapped {/api/v1/employees/:id/roles/remove, POST} route[39m[38;5;3m +0ms[39m
[32m[Nest] 37548  - [39m22/09/2026, 20:33:45 [32m    LOG[39m [38;5;3m[RoutesResolver] [39m[32mVendorController {/api/v1/vendors}:[39m[38;5;3m +0ms[39m
[32m[Nest] 37548  - [39m22/09/2026, 20:33:45 [32m    LOG[39m [38;5;3m[RoutesResolver] [39m[32mAppointmentController {/api/v1/appointments}:[39m[38;5;3m +0ms[39m
[32m[Nest] 37548  - [39m22/09/2026, 20:33:45 [32m    LOG[39m [38;5;3m[RoutesResolver] [39m[32mNotificationController {/api/v1/notifications}:[39m[38;5;3m +0ms[39m
[32m[Nest] 37548  - [39m22/09/2026, 20:33:45 [32m    LOG[39m [38;5;3m[RoutesResolver] [39m[32mAiController {/api/v1/ai}:[39m[38;5;3m +0ms[39m
[32m[Nest] 37548  - [39m22/09/2026, 20:33:45 [32m    LOG[39m [38;5;3m[RoutesResolver] [39m[32mDashboardController {/api/v1/dashboard}:[39m[38;5;3m +0ms[39m
[32m[Nest] 37548  - [39m22/09/2026, 20:33:45 [32m    LOG[39m [38;5;3m[RouterExplorer] [39m[32mMapped {/api/v1/dashboard/stats, GET} route[39m[38;5;3m +0ms[39m
[32m[Nest] 37548  - [39m22/09/2026, 20:33:45 [32m    LOG[39m [38;5;3m[RoutesResolver] [39m[32mPosterController {/api/v1/posters}:[39m[38;5;3m +0ms[39m
[32m[Nest] 37548  - [39m22/09/2026, 20:33:45 [32m    LOG[39m [38;5;3m[RouterExplorer] [39m[32mMapped {/api/v1/posters/public, GET} route[39m[38;5;3m +0ms[39m
[32m[Nest] 37548  - [39m22/09/2026, 20:33:45 [32m    LOG[39m [38;5;3m[RouterExplorer] [39m[32mMapped {/api/v1/posters, GET} route[39m[38;5;3m +1ms[39m
[32m[Nest] 37548  - [39m22/09/2026, 20:33:45 [32m    LOG[39m [38;5;3m[RouterExplorer] [39m[32mMapped {/api/v1/posters, POST} route[39m[38;5;3m +0ms[39m
[32m[Nest] 37548  - [39m22/09/2026, 20:33:45 [32m    LOG[39m [38;5;3m[RouterExplorer] [39m[32mMapped {/api/v1/posters/:id, PATCH} route[39m[38;5;3m +0ms[39m
[32m[Nest] 37548  - [39m22/09/2026, 20:33:45 [32m    LOG[39m [38;5;3m[RouterExplorer] [39m[32mMapped {/api/v1/posters/:id/toggle, PATCH} route[39m[38;5;3m +1ms[39m
[32m[Nest] 37548  - [39m22/09/2026, 20:33:45 [32m    LOG[39m [38;5;3m[RouterExplorer] [39m[32mMapped {/api/v1/posters/:id, DELETE} route[39m[38;5;3m +1ms[39m
[32m[Nest] 37548  - [39m22/09/2026, 20:33:47 [32m    LOG[39m [38;5;3m[PrismaService] [39m[32mDatabase connected[39m
[32m[Nest] 37548  - [39m22/09/2026, 20:33:47 [32m    LOG[39m [38;5;3m[NestApplication] [39m[32mNest application successfully started[39m[38;5;3m +4ms[39m
[31m[Nest] 37548  - [39m22/09/2026, 20:33:47 [31m  ERROR[39m [38;5;3m[NestApplication] [39m[31mError: listen EADDRINUSE: address already in use :::4000[39m[38;5;3m +5ms[39m
node:net:1941
    const ex = new UVExceptionWithHostPort(err, 'listen', address, port);
               ^

Error: listen EADDRINUSE: address already in use :::4000
    at Server.setupListenHandle [as _listen2] (node:net:1941:16)
    at listenInCluster (node:net:1998:12)
    at Server.listen (node:net:2103:7)
    at ExpressAdapter.listen (C:\Users\david\Desktop\Projects\Ndukego Homes Gallery Project\node_modules\.pnpm\@nestjs+platform-express@11.1.28_@nestjs+common@11.1.28_class-transformer@0.5.1_class-validat_tmrpyvfpavunwigoq4yf4m43ry\node_modules\@nestjs\platform-express\adapters\express-adapter.js:115:32)
    at C:\Users\david\Desktop\Projects\Ndukego Homes Gallery Project\node_modules\.pnpm\@nestjs+core@11.1.28_@nestjs+common@11.1.28_class-transformer@0.5.1_class-validator@0.14.4_re_jbbxms5qftvp4gp3vkdoquda7y\node_modules\@nestjs\core\nest-application.js:190:30
    at new Promise (<anonymous>)
    at NestApplication.listen (C:\Users\david\Desktop\Projects\Ndukego Homes Gallery Project\node_modules\.pnpm\@nestjs+core@11.1.28_@nestjs+common@11.1.28_class-transformer@0.5.1_class-validator@0.14.4_re_jbbxms5qftvp4gp3vkdoquda7y\node_modules\@nestjs\core\nest-application.js:180:16)
    at async bootstrap (C:\Users\david\Desktop\Projects\Ndukego Homes Gallery Project\apps\api\src\main.ts:81:3) {
  code: 'EADDRINUSE',
  errno: -4091,
  syscall: 'listen',
  address: '::',
  port: 4000
}

Node.js v22.23.1
[2J[3J[H[[90m20:33:57[0m] File change detected. Starting incremental compilation...

[[90m20:33:58[0m] Found 0 errors. Watching for file changes.

[32m[Nest] 26292  - [39m22/09/2026, 20:34:01 [32m    LOG[39m [38;5;3m[NestFactory] [39m[32mStarting Nest application...[39m
[32m[Nest] 26292  - [39m22/09/2026, 20:34:02 [32m    LOG[39m [38;5;3m[InstanceLoader] [39m[32mPrismaModule dependencies initialized[39m[38;5;3m +90ms[39m
[32m[Nest] 26292  - [39m22/09/2026, 20:34:02 [32m    LOG[39m [38;5;3m[InstanceLoader] [39m[32mPassportModule dependencies initialized[39m[38;5;3m +1ms[39m
[32m[Nest] 26292  - [39m22/09/2026, 20:34:02 [32m    LOG[39m [38;5;3m[InstanceLoader] [39m[32mConfigHostModule dependencies initialized[39m[38;5;3m +20ms[39m
[32m[Nest] 26292  - [39m22/09/2026, 20:34:02 [32m    LOG[39m [38;5;3m[InstanceLoader] [39m[32mThrottlerModule dependencies initialized[39m[38;5;3m +0ms[39m
[33m[Nest] 26292  - [39m22/09/2026, 20:34:02 [33m   WARN[39m [38;5;3m[EmailService] [39m[33mSMTP not configured — emails will be logged to console. Set SMTP_HOST, SMTP_USER, SMTP_PASS in .env to enable sending.[39m
[32m[Nest] 26292  - [39m22/09/2026, 20:34:02 [32m    LOG[39m [38;5;3m[InstanceLoader] [39m[32mConfigModule dependencies initialized[39m[38;5;3m +1ms[39m
[32m[Nest] 26292  - [39m22/09/2026, 20:34:02 [32m    LOG[39m [38;5;3m[InstanceLoader] [39m[32mConfigModule dependencies initialized[39m[38;5;3m +0ms[39m
[32m[Nest] 26292  - [39m22/09/2026, 20:34:02 [32m    LOG[39m [38;5;3m[InstanceLoader] [39m[32mNotificationModule dependencies initialized[39m[38;5;3m +3ms[39m
[32m[Nest] 26292  - [39m22/09/2026, 20:34:02 [32m    LOG[39m [38;5;3m[InstanceLoader] [39m[32mAiModule dependencies initialized[39m[38;5;3m +1ms[39m
[32m[Nest] 26292  - [39m22/09/2026, 20:34:02 [32m    LOG[39m [38;5;3m[InstanceLoader] [39m[32mEmailModule dependencies initialized[39m[38;5;3m +1ms[39m
[32m[Nest] 26292  - [39m22/09/2026, 20:34:02 [32m    LOG[39m [38;5;3m[InstanceLoader] [39m[32mStorageModule dependencies initialized[39m[38;5;3m +0ms[39m
[32m[Nest] 26292  - [39m22/09/2026, 20:34:02 [32m    LOG[39m [38;5;3m[InstanceLoader] [39m[32mJwtModule dependencies initialized[39m[38;5;3m +3ms[39m
[32m[Nest] 26292  - [39m22/09/2026, 20:34:02 [32m    LOG[39m [38;5;3m[InstanceLoader] [39m[32mVendorModule dependencies initialized[39m[38;5;3m +1ms[39m
[32m[Nest] 26292  - [39m22/09/2026, 20:34:02 [32m    LOG[39m [38;5;3m[InstanceLoader] [39m[32mAppointmentModule dependencies initialized[39m[38;5;3m +0ms[39m
[32m[Nest] 26292  - [39m22/09/2026, 20:34:02 [32m    LOG[39m [38;5;3m[InstanceLoader] [39m[32mEmployeeModule dependencies initialized[39m[38;5;3m +5ms[39m
[32m[Nest] 26292  - [39m22/09/2026, 20:34:02 [32m    LOG[39m [38;5;3m[InstanceLoader] [39m[32mDashboardModule dependencies initialized[39m[38;5;3m +0ms[39m
[32m[Nest] 26292  - [39m22/09/2026, 20:34:02 [32m    LOG[39m [38;5;3m[InstanceLoader] [39m[32mAuditModule dependencies initialized[39m[38;5;3m +1ms[39m
[32m[Nest] 26292  - [39m22/09/2026, 20:34:02 [32m    LOG[39m [38;5;3m[InstanceLoader] [39m[32mAppModule dependencies initialized[39m[38;5;3m +0ms[39m
[32m[Nest] 26292  - [39m22/09/2026, 20:34:02 [32m    LOG[39m [38;5;3m[InstanceLoader] [39m[32mCustomerModule dependencies initialized[39m[38;5;3m +0ms[39m
[32m[Nest] 26292  - [39m22/09/2026, 20:34:02 [32m    LOG[39m [38;5;3m[InstanceLoader] [39m[32mSaleModule dependencies initialized[39m[38;5;3m +0ms[39m
[32m[Nest] 26292  - [39m22/09/2026, 20:34:02 [32m    LOG[39m [38;5;3m[InstanceLoader] [39m[32mPaymentModule dependencies initialized[39m[38;5;3m +0ms[39m
[32m[Nest] 26292  - [39m22/09/2026, 20:34:02 [32m    LOG[39m [38;5;3m[InstanceLoader] [39m[32mInspectionModule dependencies initialized[39m[38;5;3m +0ms[39m
[32m[Nest] 26292  - [39m22/09/2026, 20:34:02 [32m    LOG[39m [38;5;3m[InstanceLoader] [39m[32mCompanyModule dependencies initialized[39m[38;5;3m +0ms[39m
[32m[Nest] 26292  - [39m22/09/2026, 20:34:02 [32m    LOG[39m [38;5;3m[InstanceLoader] [39m[32mReservationModule dependencies initialized[39m[38;5;3m +1ms[39m
[32m[Nest] 26292  - [39m22/09/2026, 20:34:02 [32m    LOG[39m [38;5;3m[InstanceLoader] [39m[32mDocumentModule dependencies initialized[39m[38;5;3m +0ms[39m
[32m[Nest] 26292  - [39m22/09/2026, 20:34:02 [32m    LOG[39m [38;5;3m[InstanceLoader] [39m[32mEstateModule dependencies initialized[39m[38;5;3m +0ms[39m
[32m[Nest] 26292  - [39m22/09/2026, 20:34:02 [32m    LOG[39m [38;5;3m[InstanceLoader] [39m[32mPropertyModule dependencies initialized[39m[38;5;3m +0ms[39m
[32m[Nest] 26292  - [39m22/09/2026, 20:34:02 [32m    LOG[39m [38;5;3m[InstanceLoader] [39m[32mPosterModule dependencies initialized[39m[38;5;3m +0ms[39m
[32m[Nest] 26292  - [39m22/09/2026, 20:34:02 [32m    LOG[39m [38;5;3m[InstanceLoader] [39m[32mAuthModule dependencies initialized[39m[38;5;3m +1ms[39m
[32m[Nest] 26292  - [39m22/09/2026, 20:34:03 [32m    LOG[39m [38;5;3m[RoutesResolver] [39m[32mHealthController {/api/v1/health}:[39m[38;5;3m +1139ms[39m
[32m[Nest] 26292  - [39m22/09/2026, 20:34:03 [32m    LOG[39m [38;5;3m[RouterExplorer] [39m[32mMapped {/api/v1/health, GET} route[39m[38;5;3m +4ms[39m
[32m[Nest] 26292  - [39m22/09/2026, 20:34:03 [32m    LOG[39m [38;5;3m[RoutesResolver] [39m[32mAuditController {/api/v1/audit-logs}:[39m[38;5;3m +0ms[39m
[32m[Nest] 26292  - [39m22/09/2026, 20:34:03 [32m    LOG[39m [38;5;3m[RouterExplorer] [39m[32mMapped {/api/v1/audit-logs, GET} route[39m[38;5;3m +1ms[39m
[32m[Nest] 26292  - [39m22/09/2026, 20:34:03 [32m    LOG[39m [38;5;3m[RoutesResolver] [39m[32mAuthController {/api/v1/auth}:[39m[38;5;3m +1ms[39m
[32m[Nest] 26292  - [39m22/09/2026, 20:34:03 [32m    LOG[39m [38;5;3m[RouterExplorer] [39m[32mMapped {/api/v1/auth/login, POST} route[39m[38;5;3m +4ms[39m
[32m[Nest] 26292  - [39m22/09/2026, 20:34:03 [32m    LOG[39m [38;5;3m[RouterExplorer] [39m[32mMapped {/api/v1/auth/refresh, POST} route[39m[38;5;3m +0ms[39m
[32m[Nest] 26292  - [39m22/09/2026, 20:34:03 [32m    LOG[39m [38;5;3m[RouterExplorer] [39m[32mMapped {/api/v1/auth/logout, POST} route[39m[38;5;3m +1ms[39m
[32m[Nest] 26292  - [39m22/09/2026, 20:34:03 [32m    LOG[39m [38;5;3m[RouterExplorer] [39m[32mMapped {/api/v1/auth/change-password, POST} route[39m[38;5;3m +0ms[39m
[32m[Nest] 26292  - [39m22/09/2026, 20:34:03 [32m    LOG[39m [38;5;3m[RouterExplorer] [39m[32mMapped {/api/v1/auth/me, POST} route[39m[38;5;3m +1ms[39m
[32m[Nest] 26292  - [39m22/09/2026, 20:34:03 [32m    LOG[39m [38;5;3m[RouterExplorer] [39m[32mMapped {/api/v1/auth/super/login, POST} route[39m[38;5;3m +0ms[39m
[32m[Nest] 26292  - [39m22/09/2026, 20:34:03 [32m    LOG[39m [38;5;3m[RouterExplorer] [39m[32mMapped {/api/v1/auth/customer/register, POST} route[39m[38;5;3m +1ms[39m
[32m[Nest] 26292  - [39m22/09/2026, 20:34:03 [32m    LOG[39m [38;5;3m[RouterExplorer] [39m[32mMapped {/api/v1/auth/customer/login, POST} route[39m[38;5;3m +1ms[39m
[32m[Nest] 26292  - [39m22/09/2026, 20:34:03 [32m    LOG[39m [38;5;3m[RouterExplorer] [39m[32mMapped {/api/v1/auth/customer/me, GET} route[39m[38;5;3m +0ms[39m
[32m[Nest] 26292  - [39m22/09/2026, 20:34:03 [32m    LOG[39m [38;5;3m[RouterExplorer] [39m[32mMapped {/api/v1/auth/customer/profile, PATCH} route[39m[38;5;3m +0ms[39m
[32m[Nest] 26292  - [39m22/09/2026, 20:34:03 [32m    LOG[39m [38;5;3m[RoutesResolver] [39m[32mCompanyController {/api/v1/companies}:[39m[38;5;3m +1ms[39m
[32m[Nest] 26292  - [39m22/09/2026, 20:34:03 [32m    LOG[39m [38;5;3m[RouterExplorer] [39m[32mMapped {/api/v1/companies, POST} route[39m[38;5;3m +0ms[39m
[32m[Nest] 26292  - [39m22/09/2026, 20:34:03 [32m    LOG[39m [38;5;3m[RouterExplorer] [39m[32mMapped {/api/v1/companies, GET} route[39m[38;5;3m +0ms[39m
[32m[Nest] 26292  - [39m22/09/2026, 20:34:03 [32m    LOG[39m [38;5;3m[RouterExplorer] [39m[32mMapped {/api/v1/companies/departments, GET} route[39m[38;5;3m +1ms[39m
[32m[Nest] 26292  - [39m22/09/2026, 20:34:03 [32m    LOG[39m [38;5;3m[RouterExplorer] [39m[32mMapped {/api/v1/companies/:id, GET} route[39m[38;5;3m +0ms[39m
[32m[Nest] 26292  - [39m22/09/2026, 20:34:03 [32m    LOG[39m [38;5;3m[RouterExplorer] [39m[32mMapped {/api/v1/companies/:id, PATCH} route[39m[38;5;3m +1ms[39m
[32m[Nest] 26292  - [39m22/09/2026, 20:34:03 [32m    LOG[39m [38;5;3m[RouterExplorer] [39m[32mMapped {/api/v1/companies/:id/branches, POST} route[39m[38;5;3m +0ms[39m
[32m[Nest] 26292  - [39m22/09/2026, 20:34:03 [32m    LOG[39m [38;5;3m[RouterExplorer] [39m[32mMapped {/api/v1/companies/branches/:branchId, PATCH} route[39m[38;5;3m +0ms[39m
[32m[Nest] 26292  - [39m22/09/2026, 20:34:03 [32m    LOG[39m [38;5;3m[RouterExplorer] [39m[32mMapped {/api/v1/companies/branches/:branchId, DELETE} route[39m[38;5;3m +1ms[39m
[32m[Nest] 26292  - [39m22/09/2026, 20:34:03 [32m    LOG[39m [38;5;3m[RouterExplorer] [39m[32mMapped {/api/v1/companies/departments, POST} route[39m[38;5;3m +0ms[39m
[32m[Nest] 26292  - [39m22/09/2026, 20:34:03 [32m    LOG[39m [38;5;3m[RouterExplorer] [39m[32mMapped {/api/v1/companies/departments/:id, PATCH} route[39m[38;5;3m +0ms[39m
[32m[Nest] 26292  - [39m22/09/2026, 20:34:03 [32m    LOG[39m [38;5;3m[RouterExplorer] [39m[32mMapped {/api/v1/companies/departments/:id, DELETE} route[39m[38;5;3m +1ms[39m
[32m[Nest] 26292  - [39m22/09/2026, 20:34:03 [32m    LOG[39m [38;5;3m[RoutesResolver] [39m[32mEstateController {/api/v1/estates}:[39m[38;5;3m +0ms[39m
[32m[Nest] 26292  - [39m22/09/2026, 20:34:03 [32m    LOG[39m [38;5;3m[RouterExplorer] [39m[32mMapped {/api/v1/estates/public, GET} route[39m[38;5;3m +0ms[39m
[32m[Nest] 26292  - [39m22/09/2026, 20:34:03 [32m    LOG[39m [38;5;3m[RouterExplorer] [39m[32mMapped {/api/v1/estates, GET} route[39m[38;5;3m +1ms[39m
[32m[Nest] 26292  - [39m22/09/2026, 20:34:03 [32m    LOG[39m [38;5;3m[RouterExplorer] [39m[32mMapped {/api/v1/estates/:id, GET} route[39m[38;5;3m +0ms[39m
[32m[Nest] 26292  - [39m22/09/2026, 20:34:03 [32m    LOG[39m [38;5;3m[RouterExplorer] [39m[32mMapped {/api/v1/estates, POST} route[39m[38;5;3m +0ms[39m
[32m[Nest] 26292  - [39m22/09/2026, 20:34:03 [32m    LOG[39m [38;5;3m[RouterExplorer] [39m[32mMapped {/api/v1/estates/:id, PATCH} route[39m[38;5;3m +0ms[39m
[32m[Nest] 26292  - [39m22/09/2026, 20:34:03 [32m    LOG[39m [38;5;3m[RouterExplorer] [39m[32mMapped {/api/v1/estates/:id/phases, POST} route[39m[38;5;3m +0ms[39m
[32m[Nest] 26292  - [39m22/09/2026, 20:34:03 [32m    LOG[39m [38;5;3m[RouterExplorer] [39m[32mMapped {/api/v1/estates/:id/blocks, POST} route[39m[38;5;3m +0ms[39m
[32m[Nest] 26292  - [39m22/09/2026, 20:34:03 [32m    LOG[39m [38;5;3m[RouterExplorer] [39m[32mMapped {/api/v1/estates/:id/infrastructure, POST} route[39m[38;5;3m +0ms[39m
[32m[Nest] 26292  - [39m22/09/2026, 20:34:03 [32m    LOG[39m [38;5;3m[RouterExplorer] [39m[32mMapped {/api/v1/estates/:id/site-plan, POST} route[39m[38;5;3m +1ms[39m
[32m[Nest] 26292  - [39m22/09/2026, 20:34:03 [32m    LOG[39m [38;5;3m[RouterExplorer] [39m[32mMapped {/api/v1/estates/:id/building-types, PATCH} route[39m[38;5;3m +0ms[39m
[32m[Nest] 26292  - [39m22/09/2026, 20:34:03 [32m    LOG[39m [38;5;3m[RouterExplorer] [39m[32mMapped {/api/v1/estates/:id/building-type-image/:typeId, POST} route[39m[38;5;3m +0ms[39m
[32m[Nest] 26292  - [39m22/09/2026, 20:34:03 [32m    LOG[39m [38;5;3m[RouterExplorer] [39m[32mMapped {/api/v1/estates/:id/building-type-image/:typeId/:filename, DELETE} route[39m[38;5;3m +0ms[39m
[32m[Nest] 26292  - [39m22/09/2026, 20:34:03 [32m    LOG[39m [38;5;3m[RouterExplorer] [39m[32mMapped {/api/v1/estates/:id/permanent, DELETE} route[39m[38;5;3m +1ms[39m
[32m[Nest] 26292  - [39m22/09/2026, 20:34:03 [32m    LOG[39m [38;5;3m[RoutesResolver] [39m[32mPropertyController {/api/v1/properties}:[39m[38;5;3m +0ms[39m
[32m[Nest] 26292  - [39m22/09/2026, 20:34:03 [32m    LOG[39m [38;5;3m[RouterExplorer] [39m[32mMapped {/api/v1/properties/public, GET} route[39m[38;5;3m +0ms[39m
[32m[Nest] 26292  - [39m22/09/2026, 20:34:03 [32m    LOG[39m [38;5;3m[RouterExplorer] [39m[32mMapped {/api/v1/properties/public/:id, GET} route[39m[38;5;3m +0ms[39m
[32m[Nest] 26292  - [39m22/09/2026, 20:34:03 [32m    LOG[39m [38;5;3m[RouterExplorer] [39m[32mMapped {/api/v1/properties/public/inquiry, POST} route[39m[38;5;3m +1ms[39m
[32m[Nest] 26292  - [39m22/09/2026, 20:34:03 [32m    LOG[39m [38;5;3m[RouterExplorer] [39m[32mMapped {/api/v1/properties, GET} route[39m[38;5;3m +0ms[39m
[32m[Nest] 26292  - [39m22/09/2026, 20:34:03 [32m    LOG[39m [38;5;3m[RouterExplorer] [39m[32mMapped {/api/v1/properties/admin/inquiries, GET} route[39m[38;5;3m +0ms[39m
[32m[Nest] 26292  - [39m22/09/2026, 20:34:03 [32m    LOG[39m [38;5;3m[RouterExplorer] [39m[32mMapped {/api/v1/properties/admin/inquiries/:id/status, PATCH} route[39m[38;5;3m +0ms[39m
[32m[Nest] 26292  - [39m22/09/2026, 20:34:03 [32m    LOG[39m [38;5;3m[RouterExplorer] [39m[32mMapped {/api/v1/properties/admin/inquiries/:id/notes, PATCH} route[39m[38;5;3m +1ms[39m
[32m[Nest] 26292  - [39m22/09/2026, 20:34:03 [32m    LOG[39m [38;5;3m[RouterExplorer] [39m[32mMapped {/api/v1/properties/admin/inquiries/:id/convert, POST} route[39m[38;5;3m +0ms[39m
[32m[Nest] 26292  - [39m22/09/2026, 20:34:03 [32m    LOG[39m [38;5;3m[RouterExplorer] [39m[32mMapped {/api/v1/properties/:id, GET} route[39m[38;5;3m +0ms[39m
[32m[Nest] 26292  - [39m22/09/2026, 20:34:03 [32m    LOG[39m [38;5;3m[RouterExplorer] [39m[32mMapped {/api/v1/properties, POST} route[39m[38;5;3m +0ms[39m
[32m[Nest] 26292  - [39m22/09/2026, 20:34:03 [32m    LOG[39m [38;5;3m[RouterExplorer] [39m[32mMapped {/api/v1/properties/:id, PATCH} route[39m[38;5;3m +1ms[39m
[32m[Nest] 26292  - [39m22/09/2026, 20:34:03 [32m    LOG[39m [38;5;3m[RouterExplorer] [39m[32mMapped {/api/v1/properties/:id/status, POST} route[39m[38;5;3m +0ms[39m
[32m[Nest] 26292  - [39m22/09/2026, 20:34:03 [32m    LOG[39m [38;5;3m[RouterExplorer] [39m[32mMapped {/api/v1/properties/:id, DELETE} route[39m[38;5;3m +0ms[39m
[32m[Nest] 26292  - [39m22/09/2026, 20:34:03 [32m    LOG[39m [38;5;3m[RouterExplorer] [39m[32mMapped {/api/v1/properties/:id/permanent, DELETE} route[39m[38;5;3m +0ms[39m
[32m[Nest] 26292  - [39m22/09/2026, 20:34:03 [32m    LOG[39m [38;5;3m[RouterExplorer] [39m[32mMapped {/api/v1/properties/:id/media, POST} route[39m[38;5;3m +1ms[39m
[32m[Nest] 26292  - [39m22/09/2026, 20:34:03 [32m    LOG[39m [38;5;3m[RouterExplorer] [39m[32mMapped {/api/v1/properties/:id/media/:mediaId, DELETE} route[39m[38;5;3m +0ms[39m
[32m[Nest] 26292  - [39m22/09/2026, 20:34:03 [32m    LOG[39m [38;5;3m[RouterExplorer] [39m[32mMapped {/api/v1/properties/:id/media/:mediaId/cover, PATCH} route[39m[38;5;3m +0ms[39m
[32m[Nest] 26292  - [39m22/09/2026, 20:34:03 [32m    LOG[39m [38;5;3m[RouterExplorer] [39m[32mMapped {/api/v1/properties/:id/favorite, POST} route[39m[38;5;3m +0ms[39m
[32m[Nest] 26292  - [39m22/09/2026, 20:34:03 [32m    LOG[39m [38;5;3m[RouterExplorer] [39m[32mMapped {/api/v1/properties/:id/favorite-status, GET} route[39m[38;5;3m +0ms[39m
[32m[Nest] 26292  - [39m22/09/2026, 20:34:03 [32m    LOG[39m [38;5;3m[RoutesResolver] [39m[32mCustomerController {/api/v1/customers}:[39m[38;5;3m +1ms[39m
[32m[Nest] 26292  - [39m22/09/2026, 20:34:03 [32m    LOG[39m [38;5;3m[RouterExplorer] [39m[32mMapped {/api/v1/customers, GET} route[39m[38;5;3m +0ms[39m
[32m[Nest] 26292  - [39m22/09/2026, 20:34:03 [32m    LOG[39m [38;5;3m[RouterExplorer] [39m[32mMapped {/api/v1/customers/:id, GET} route[39m[38;5;3m +0ms[39m
[32m[Nest] 26292  - [39m22/09/2026, 20:34:03 [32m    LOG[39m [38;5;3m[RouterExplorer] [39m[32mMapped {/api/v1/customers, POST} route[39m[38;5;3m +1ms[39m
[32m[Nest] 26292  - [39m22/09/2026, 20:34:03 [32m    LOG[39m [38;5;3m[RouterExplorer] [39m[32mMapped {/api/v1/customers/:id, PATCH} route[39m[38;5;3m +0ms[39m
[32m[Nest] 26292  - [39m22/09/2026, 20:34:03 [32m    LOG[39m [38;5;3m[RouterExplorer] [39m[32mMapped {/api/v1/customers/:id/deactivate, POST} route[39m[38;5;3m +0ms[39m
[32m[Nest] 26292  - [39m22/09/2026, 20:34:03 [32m    LOG[39m [38;5;3m[RouterExplorer] [39m[32mMapped {/api/v1/customers/:id/activate, POST} route[39m[38;5;3m +0ms[39m
[32m[Nest] 26292  - [39m22/09/2026, 20:34:03 [32m    LOG[39m [38;5;3m[RouterExplorer] [39m[32mMapped {/api/v1/customers/:id, DELETE} route[39m[38;5;3m +1ms[39m
[32m[Nest] 26292  - [39m22/09/2026, 20:34:03 [32m    LOG[39m [38;5;3m[RoutesResolver] [39m[32mReservationController {/api/v1/reservations}:[39m[38;5;3m +0ms[39m
[32m[Nest] 26292  - [39m22/09/2026, 20:34:03 [32m    LOG[39m [38;5;3m[RouterExplorer] [39m[32mMapped {/api/v1/reservations/public, POST} route[39m[38;5;3m +0ms[39m
[32m[Nest] 26292  - [39m22/09/2026, 20:34:03 [32m    LOG[39m [38;5;3m[RouterExplorer] [39m[32mMapped {/api/v1/reservations, GET} route[39m[38;5;3m +1ms[39m
[32m[Nest] 26292  - [39m22/09/2026, 20:34:03 [32m    LOG[39m [38;5;3m[RouterExplorer] [39m[32mMapped {/api/v1/reservations/mine, GET} route[39m[38;5;3m +0ms[39m
[32m[Nest] 26292  - [39m22/09/2026, 20:34:03 [32m    LOG[39m [38;5;3m[RouterExplorer] [39m[32mMapped {/api/v1/reservations/:id, GET} route[39m[38;5;3m +0ms[39m
[32m[Nest] 26292  - [39m22/09/2026, 20:34:03 [32m    LOG[39m [38;5;3m[RouterExplorer] [39m[32mMapped {/api/v1/reservations/:id/timeline, GET} route[39m[38;5;3m +0ms[39m
[32m[Nest] 26292  - [39m22/09/2026, 20:34:03 [32m    LOG[39m [38;5;3m[RouterExplorer] [39m[32mMapped {/api/v1/reservations/:id/status, PATCH} route[39m[38;5;3m +0ms[39m
[32m[Nest] 26292  - [39m22/09/2026, 20:34:03 [32m    LOG[39m [38;5;3m[RoutesResolver] [39m[32mSaleController {/api/v1/sales}:[39m[38;5;3m +1ms[39m
[32m[Nest] 26292  - [39m22/09/2026, 20:34:03 [32m    LOG[39m [38;5;3m[RouterExplorer] [39m[32mMapped {/api/v1/sales, GET} route[39m[38;5;3m +0ms[39m
[32m[Nest] 26292  - [39m22/09/2026, 20:34:03 [32m    LOG[39m [38;5;3m[RouterExplorer] [39m[32mMapped {/api/v1/sales/:id, GET} route[39m[38;5;3m +0ms[39m
[32m[Nest] 26292  - [39m22/09/2026, 20:34:03 [32m    LOG[39m [38;5;3m[RouterExplorer] [39m[32mMapped {/api/v1/sales, POST} route[39m[38;5;3m +0ms[39m
[32m[Nest] 26292  - [39m22/09/2026, 20:34:03 [32m    LOG[39m [38;5;3m[RouterExplorer] [39m[32mMapped {/api/v1/sales/:id/status, PATCH} route[39m[38;5;3m +1ms[39m
[32m[Nest] 26292  - [39m22/09/2026, 20:34:03 [32m    LOG[39m [38;5;3m[RoutesResolver] [39m[32mPaymentController {/api/v1/payments}:[39m[38;5;3m +0ms[39m
[32m[Nest] 26292  - [39m22/09/2026, 20:34:03 [32m    LOG[39m [38;5;3m[RouterExplorer] [39m[32mMapped {/api/v1/payments, POST} route[39m[38;5;3m +0ms[39m
[32m[Nest] 26292  - [39m22/09/2026, 20:34:03 [32m    LOG[39m [38;5;3m[RouterExplorer] [39m[32mMapped {/api/v1/payments, GET} route[39m[38;5;3m +1ms[39m
[32m[Nest] 26292  - [39m22/09/2026, 20:34:03 [32m    LOG[39m [38;5;3m[RouterExplorer] [39m[32mMapped {/api/v1/payments/:id, GET} route[39m[38;5;3m +0ms[39m
[32m[Nest] 26292  - [39m22/09/2026, 20:34:03 [32m    LOG[39m [38;5;3m[RouterExplorer] [39m[32mMapped {/api/v1/payments/:id/verify, PATCH} route[39m[38;5;3m +1ms[39m
[32m[Nest] 26292  - [39m22/09/2026, 20:34:03 [32m    LOG[39m [38;5;3m[RouterExplorer] [39m[32mMapped {/api/v1/payments/:id/reject, PATCH} route[39m[38;5;3m +0ms[39m
[32m[Nest] 26292  - [39m22/09/2026, 20:34:03 [32m    LOG[39m [38;5;3m[RoutesResolver] [39m[32mInspectionController {/api/v1/inspections}:[39m[38;5;3m +1ms[39m
[32m[Nest] 26292  - [39m22/09/2026, 20:34:03 [32m    LOG[39m [38;5;3m[RouterExplorer] [39m[32mMapped {/api/v1/inspections, POST} route[39m[38;5;3m +0ms[39m
[32m[Nest] 26292  - [39m22/09/2026, 20:34:03 [32m    LOG[39m [38;5;3m[RouterExplorer] [39m[32mMapped {/api/v1/inspections, GET} route[39m[38;5;3m +1ms[39m
[32m[Nest] 26292  - [39m22/09/2026, 20:34:03 [32m    LOG[39m [38;5;3m[RouterExplorer] [39m[32mMapped {/api/v1/inspections/:id, GET} route[39m[38;5;3m +0ms[39m
[32m[Nest] 26292  - [39m22/09/2026, 20:34:03 [32m    LOG[39m [38;5;3m[RouterExplorer] [39m[32mMapped {/api/v1/inspections/:id/start, PATCH} route[39m[38;5;3m +1ms[39m
[32m[Nest] 26292  - [39m22/09/2026, 20:34:03 [32m    LOG[39m [38;5;3m[RouterExplorer] [39m[32mMapped {/api/v1/inspections/:id/complete, PATCH} route[39m[38;5;3m +1ms[39m
[32m[Nest] 26292  - [39m22/09/2026, 20:34:03 [32m    LOG[39m [38;5;3m[RouterExplorer] [39m[32mMapped {/api/v1/inspections/:id/cancel, PATCH} route[39m[38;5;3m +0ms[39m
[32m[Nest] 26292  - [39m22/09/2026, 20:34:03 [32m    LOG[39m [38;5;3m[RouterExplorer] [39m[32mMapped {/api/v1/inspections/:id/fail, PATCH} route[39m[38;5;3m +0ms[39m
[32m[Nest] 26292  - [39m22/09/2026, 20:34:03 [32m    LOG[39m [38;5;3m[RoutesResolver] [39m[32mDocumentController {/api/v1/documents}:[39m[38;5;3m +0ms[39m
[32m[Nest] 26292  - [39m22/09/2026, 20:34:03 [32m    LOG[39m [38;5;3m[RouterExplorer] [39m[32mMapped {/api/v1/documents/upload, POST} route[39m[38;5;3m +0ms[39m
[32m[Nest] 26292  - [39m22/09/2026, 20:34:03 [32m    LOG[39m [38;5;3m[RouterExplorer] [39m[32mMapped {/api/v1/documents, GET} route[39m[38;5;3m +1ms[39m
[32m[Nest] 26292  - [39m22/09/2026, 20:34:03 [32m    LOG[39m [38;5;3m[RouterExplorer] [39m[32mMapped {/api/v1/documents/:id, GET} route[39m[38;5;3m +0ms[39m
[32m[Nest] 26292  - [39m22/09/2026, 20:34:03 [32m    LOG[39m [38;5;3m[RouterExplorer] [39m[32mMapped {/api/v1/documents/:id/download, GET} route[39m[38;5;3m +0ms[39m
[32m[Nest] 26292  - [39m22/09/2026, 20:34:03 [32m    LOG[39m [38;5;3m[RouterExplorer] [39m[32mMapped {/api/v1/documents/:id/status, PATCH} route[39m[38;5;3m +1ms[39m
[32m[Nest] 26292  - [39m22/09/2026, 20:34:03 [32m    LOG[39m [38;5;3m[RouterExplorer] [39m[32mMapped {/api/v1/documents/:id, DELETE} route[39m[38;5;3m +0ms[39m
[32m[Nest] 26292  - [39m22/09/2026, 20:34:03 [32m    LOG[39m [38;5;3m[RoutesResolver] [39m[32mEmployeeController {/api/v1/employees}:[39m[38;5;3m +0ms[39m
[32m[Nest] 26292  - [39m22/09/2026, 20:34:03 [32m    LOG[39m [38;5;3m[RouterExplorer] [39m[32mMapped {/api/v1/employees, GET} route[39m[38;5;3m +0ms[39m
[32m[Nest] 26292  - [39m22/09/2026, 20:34:03 [32m    LOG[39m [38;5;3m[RouterExplorer] [39m[32mMapped {/api/v1/employees/departments, GET} route[39m[38;5;3m +0ms[39m
[32m[Nest] 26292  - [39m22/09/2026, 20:34:03 [32m    LOG[39m [38;5;3m[RouterExplorer] [39m[32mMapped {/api/v1/employees/roles, GET} route[39m[38;5;3m +0ms[39m
[32m[Nest] 26292  - [39m22/09/2026, 20:34:03 [32m    LOG[39m [38;5;3m[RouterExplorer] [39m[32mMapped {/api/v1/employees/:id, GET} route[39m[38;5;3m +1ms[39m
[32m[Nest] 26292  - [39m22/09/2026, 20:34:03 [32m    LOG[39m [38;5;3m[RouterExplorer] [39m[32mMapped {/api/v1/employees, POST} route[39m[38;5;3m +0ms[39m
[32m[Nest] 26292  - [39m22/09/2026, 20:34:03 [32m    LOG[39m [38;5;3m[RouterExplorer] [39m[32mMapped {/api/v1/employees/:id, PATCH} route[39m[38;5;3m +0ms[39m
[32m[Nest] 26292  - [39m22/09/2026, 20:34:03 [32m    LOG[39m [38;5;3m[RouterExplorer] [39m[32mMapped {/api/v1/employees/:id, DELETE} route[39m[38;5;3m +1ms[39m
[32m[Nest] 26292  - [39m22/09/2026, 20:34:03 [32m    LOG[39m [38;5;3m[RouterExplorer] [39m[32mMapped {/api/v1/employees/:id/roles, POST} route[39m[38;5;3m +0ms[39m
[32m[Nest] 26292  - [39m22/09/2026, 20:34:03 [32m    LOG[39m [38;5;3m[RouterExplorer] [39m[32mMapped {/api/v1/employees/:id/roles/remove, POST} route[39m[38;5;3m +0ms[39m
[32m[Nest] 26292  - [39m22/09/2026, 20:34:03 [32m    LOG[39m [38;5;3m[RoutesResolver] [39m[32mVendorController {/api/v1/vendors}:[39m[38;5;3m +0ms[39m
[32m[Nest] 26292  - [39m22/09/2026, 20:34:03 [32m    LOG[39m [38;5;3m[RoutesResolver] [39m[32mAppointmentController {/api/v1/appointments}:[39m[38;5;3m +0ms[39m
[32m[Nest] 26292  - [39m22/09/2026, 20:34:03 [32m    LOG[39m [38;5;3m[RoutesResolver] [39m[32mNotificationController {/api/v1/notifications}:[39m[38;5;3m +0ms[39m
[32m[Nest] 26292  - [39m22/09/2026, 20:34:03 [32m    LOG[39m [38;5;3m[RoutesResolver] [39m[32mAiController {/api/v1/ai}:[39m[38;5;3m +1ms[39m
[32m[Nest] 26292  - [39m22/09/2026, 20:34:03 [32m    LOG[39m [38;5;3m[RoutesResolver] [39m[32mDashboardController {/api/v1/dashboard}:[39m[38;5;3m +0ms[39m
[32m[Nest] 26292  - [39m22/09/2026, 20:34:03 [32m    LOG[39m [38;5;3m[RouterExplorer] [39m[32mMapped {/api/v1/dashboard/stats, GET} route[39m[38;5;3m +0ms[39m
[32m[Nest] 26292  - [39m22/09/2026, 20:34:03 [32m    LOG[39m [38;5;3m[RoutesResolver] [39m[32mPosterController {/api/v1/posters}:[39m[38;5;3m +0ms[39m
[32m[Nest] 26292  - [39m22/09/2026, 20:34:03 [32m    LOG[39m [38;5;3m[RouterExplorer] [39m[32mMapped {/api/v1/posters/public, GET} route[39m[38;5;3m +0ms[39m
[32m[Nest] 26292  - [39m22/09/2026, 20:34:03 [32m    LOG[39m [38;5;3m[RouterExplorer] [39m[32mMapped {/api/v1/posters, GET} route[39m[38;5;3m +0ms[39m
[32m[Nest] 26292  - [39m22/09/2026, 20:34:03 [32m    LOG[39m [38;5;3m[RouterExplorer] [39m[32mMapped {/api/v1/posters, POST} route[39m[38;5;3m +1ms[39m
[32m[Nest] 26292  - [39m22/09/2026, 20:34:03 [32m    LOG[39m [38;5;3m[RouterExplorer] [39m[32mMapped {/api/v1/posters/:id, PATCH} route[39m[38;5;3m +0ms[39m
[32m[Nest] 26292  - [39m22/09/2026, 20:34:03 [32m    LOG[39m [38;5;3m[RouterExplorer] [39m[32mMapped {/api/v1/posters/:id/toggle, PATCH} route[39m[38;5;3m +0ms[39m
[32m[Nest] 26292  - [39m22/09/2026, 20:34:03 [32m    LOG[39m [38;5;3m[RouterExplorer] [39m[32mMapped {/api/v1/posters/:id, DELETE} route[39m[38;5;3m +1ms[39m
[32m[Nest] 26292  - [39m22/09/2026, 20:34:05 [32m    LOG[39m [38;5;3m[PrismaService] [39m[32mDatabase connected[39m
[32m[Nest] 26292  - [39m22/09/2026, 20:34:05 [32m    LOG[39m [38;5;3m[NestApplication] [39m[32mNest application successfully started[39m[38;5;3m +4ms[39m
🚀 NHGP API running at http://localhost:4000/api/v1
[2J[3J[H[[90m20:34:10[0m] File change detected. Starting incremental compilation...

[[90m20:34:11[0m] Found 0 errors. Watching for file changes.

[32m[Nest] 33252  - [39m22/09/2026, 20:34:14 [32m    LOG[39m [38;5;3m[NestFactory] [39m[32mStarting Nest application...[39m
[32m[Nest] 33252  - [39m22/09/2026, 20:34:15 [32m    LOG[39m [38;5;3m[InstanceLoader] [39m[32mPrismaModule dependencies initialized[39m[38;5;3m +86ms[39m
[32m[Nest] 33252  - [39m22/09/2026, 20:34:15 [32m    LOG[39m [38;5;3m[InstanceLoader] [39m[32mPassportModule dependencies initialized[39m[38;5;3m +0ms[39m
[32m[Nest] 33252  - [39m22/09/2026, 20:34:15 [32m    LOG[39m [38;5;3m[InstanceLoader] [39m[32mConfigHostModule dependencies initialized[39m[38;5;3m +17ms[39m
[32m[Nest] 33252  - [39m22/09/2026, 20:34:15 [32m    LOG[39m [38;5;3m[InstanceLoader] [39m[32mThrottlerModule dependencies initialized[39m[38;5;3m +1ms[39m
[33m[Nest] 33252  - [39m22/09/2026, 20:34:15 [33m   WARN[39m [38;5;3m[EmailService] [39m[33mSMTP not configured — emails will be logged to console. Set SMTP_HOST, SMTP_USER, SMTP_PASS in .env to enable sending.[39m
[32m[Nest] 33252  - [39m22/09/2026, 20:34:15 [32m    LOG[39m [38;5;3m[InstanceLoader] [39m[32mConfigModule dependencies initialized[39m[38;5;3m +2ms[39m
[32m[Nest] 33252  - [39m22/09/2026, 20:34:15 [32m    LOG[39m [38;5;3m[InstanceLoader] [39m[32mConfigModule dependencies initialized[39m[38;5;3m +0ms[39m
[32m[Nest] 33252  - [39m22/09/2026, 20:34:15 [32m    LOG[39m [38;5;3m[InstanceLoader] [39m[32mNotificationModule dependencies initialized[39m[38;5;3m +2ms[39m
[32m[Nest] 33252  - [39m22/09/2026, 20:34:15 [32m    LOG[39m [38;5;3m[InstanceLoader] [39m[32mAiModule dependencies initialized[39m[38;5;3m +0ms[39m
[32m[Nest] 33252  - [39m22/09/2026, 20:34:15 [32m    LOG[39m [38;5;3m[InstanceLoader] [39m[32mEmailModule dependencies initialized[39m[38;5;3m +0ms[39m
[32m[Nest] 33252  - [39m22/09/2026, 20:34:15 [32m    LOG[39m [38;5;3m[InstanceLoader] [39m[32mStorageModule dependencies initialized[39m[38;5;3m +1ms[39m
[32m[Nest] 33252  - [39m22/09/2026, 20:34:15 [32m    LOG[39m [38;5;3m[InstanceLoader] [39m[32mJwtModule dependencies initialized[39m[38;5;3m +3ms[39m
[32m[Nest] 33252  - [39m22/09/2026, 20:34:15 [32m    LOG[39m [38;5;3m[InstanceLoader] [39m[32mVendorModule dependencies initialized[39m[38;5;3m +2ms[39m
[32m[Nest] 33252  - [39m22/09/2026, 20:34:15 [32m    LOG[39m [38;5;3m[InstanceLoader] [39m[32mAppointmentModule dependencies initialized[39m[38;5;3m +0ms[39m
[32m[Nest] 33252  - [39m22/09/2026, 20:34:15 [32m    LOG[39m [38;5;3m[InstanceLoader] [39m[32mEmployeeModule dependencies initialized[39m[38;5;3m +4ms[39m
[32m[Nest] 33252  - [39m22/09/2026, 20:34:15 [32m    LOG[39m [38;5;3m[InstanceLoader] [39m[32mDashboardModule dependencies initialized[39m[38;5;3m +1ms[39m
[32m[Nest] 33252  - [39m22/09/2026, 20:34:15 [32m    LOG[39m [38;5;3m[InstanceLoader] [39m[32mAuditModule dependencies initialized[39m[38;5;3m +0ms[39m
[32m[Nest] 33252  - [39m22/09/2026, 20:34:15 [32m    LOG[39m [38;5;3m[InstanceLoader] [39m[32mAppModule dependencies initialized[39m[38;5;3m +1ms[39m
[32m[Nest] 33252  - [39m22/09/2026, 20:34:15 [32m    LOG[39m [38;5;3m[InstanceLoader] [39m[32mCustomerModule dependencies initialized[39m[38;5;3m +0ms[39m
[32m[Nest] 33252  - [39m22/09/2026, 20:34:15 [32m    LOG[39m [38;5;3m[InstanceLoader] [39m[32mSaleModule dependencies initialized[39m[38;5;3m +0ms[39m
[32m[Nest] 33252  - [39m22/09/2026, 20:34:15 [32m    LOG[39m [38;5;3m[InstanceLoader] [39m[32mPaymentModule dependencies initialized[39m[38;5;3m +0ms[39m
[32m[Nest] 33252  - [39m22/09/2026, 20:34:15 [32m    LOG[39m [38;5;3m[InstanceLoader] [39m[32mInspectionModule dependencies initialized[39m[38;5;3m +0ms[39m
[32m[Nest] 33252  - [39m22/09/2026, 20:34:15 [32m    LOG[39m [38;5;3m[InstanceLoader] [39m[32mCompanyModule dependencies initialized[39m[38;5;3m +0ms[39m
[32m[Nest] 33252  - [39m22/09/2026, 20:34:15 [32m    LOG[39m [38;5;3m[InstanceLoader] [39m[32mReservationModule dependencies initialized[39m[38;5;3m +0ms[39m
[32m[Nest] 33252  - [39m22/09/2026, 20:34:15 [32m    LOG[39m [38;5;3m[InstanceLoader] [39m[32mDocumentModule dependencies initialized[39m[38;5;3m +0ms[39m
[32m[Nest] 33252  - [39m22/09/2026, 20:34:15 [32m    LOG[39m [38;5;3m[InstanceLoader] [39m[32mEstateModule dependencies initialized[39m[38;5;3m +0ms[39m
[32m[Nest] 33252  - [39m22/09/2026, 20:34:15 [32m    LOG[39m [38;5;3m[InstanceLoader] [39m[32mPropertyModule dependencies initialized[39m[38;5;3m +0ms[39m
[32m[Nest] 33252  - [39m22/09/2026, 20:34:15 [32m    LOG[39m [38;5;3m[InstanceLoader] [39m[32mPosterModule dependencies initialized[39m[38;5;3m +1ms[39m
[32m[Nest] 33252  - [39m22/09/2026, 20:34:15 [32m    LOG[39m [38;5;3m[InstanceLoader] [39m[32mAuthModule dependencies initialized[39m[38;5;3m +0ms[39m
[32m[Nest] 33252  - [39m22/09/2026, 20:34:16 [32m    LOG[39m [38;5;3m[RoutesResolver] [39m[32mHealthController {/api/v1/health}:[39m[38;5;3m +1200ms[39m
[32m[Nest] 33252  - [39m22/09/2026, 20:34:16 [32m    LOG[39m [38;5;3m[RouterExplorer] [39m[32mMapped {/api/v1/health, GET} route[39m[38;5;3m +5ms[39m
[32m[Nest] 33252  - [39m22/09/2026, 20:34:16 [32m    LOG[39m [38;5;3m[RoutesResolver] [39m[32mAuditController {/api/v1/audit-logs}:[39m[38;5;3m +0ms[39m
[32m[Nest] 33252  - [39m22/09/2026, 20:34:16 [32m    LOG[39m [38;5;3m[RouterExplorer] [39m[32mMapped {/api/v1/audit-logs, GET} route[39m[38;5;3m +2ms[39m
[32m[Nest] 33252  - [39m22/09/2026, 20:34:16 [32m    LOG[39m [38;5;3m[RoutesResolver] [39m[32mAuthController {/api/v1/auth}:[39m[38;5;3m +0ms[39m
[32m[Nest] 33252  - [39m22/09/2026, 20:34:16 [32m    LOG[39m [38;5;3m[RouterExplorer] [39m[32mMapped {/api/v1/auth/login, POST} route[39m[38;5;3m +2ms[39m
[32m[Nest] 33252  - [39m22/09/2026, 20:34:16 [32m    LOG[39m [38;5;3m[RouterExplorer] [39m[32mMapped {/api/v1/auth/refresh, POST} route[39m[38;5;3m +0ms[39m
[32m[Nest] 33252  - [39m22/09/2026, 20:34:16 [32m    LOG[39m [38;5;3m[RouterExplorer] [39m[32mMapped {/api/v1/auth/logout, POST} route[39m[38;5;3m +2ms[39m
[32m[Nest] 33252  - [39m22/09/2026, 20:34:16 [32m    LOG[39m [38;5;3m[RouterExplorer] [39m[32mMapped {/api/v1/auth/change-password, POST} route[39m[38;5;3m +1ms[39m
[32m[Nest] 33252  - [39m22/09/2026, 20:34:16 [32m    LOG[39m [38;5;3m[RouterExplorer] [39m[32mMapped {/api/v1/auth/me, POST} route[39m[38;5;3m +0ms[39m
[32m[Nest] 33252  - [39m22/09/2026, 20:34:16 [32m    LOG[39m [38;5;3m[RouterExplorer] [39m[32mMapped {/api/v1/auth/super/login, POST} route[39m[38;5;3m +1ms[39m
[32m[Nest] 33252  - [39m22/09/2026, 20:34:16 [32m    LOG[39m [38;5;3m[RouterExplorer] [39m[32mMapped {/api/v1/auth/customer/register, POST} route[39m[38;5;3m +1ms[39m
[32m[Nest] 33252  - [39m22/09/2026, 20:34:16 [32m    LOG[39m [38;5;3m[RouterExplorer] [39m[32mMapped {/api/v1/auth/customer/login, POST} route[39m[38;5;3m +1ms[39m
[32m[Nest] 33252  - [39m22/09/2026, 20:34:16 [32m    LOG[39m [38;5;3m[RouterExplorer] [39m[32mMapped {/api/v1/auth/customer/me, GET} route[39m[38;5;3m +1ms[39m
[32m[Nest] 33252  - [39m22/09/2026, 20:34:16 [32m    LOG[39m [38;5;3m[RouterExplorer] [39m[32mMapped {/api/v1/auth/customer/profile, PATCH} route[39m[38;5;3m +0ms[39m
[32m[Nest] 33252  - [39m22/09/2026, 20:34:16 [32m    LOG[39m [38;5;3m[RoutesResolver] [39m[32mCompanyController {/api/v1/companies}:[39m[38;5;3m +1ms[39m
[32m[Nest] 33252  - [39m22/09/2026, 20:34:16 [32m    LOG[39m [38;5;3m[RouterExplorer] [39m[32mMapped {/api/v1/companies, POST} route[39m[38;5;3m +1ms[39m
[32m[Nest] 33252  - [39m22/09/2026, 20:34:16 [32m    LOG[39m [38;5;3m[RouterExplorer] [39m[32mMapped {/api/v1/companies, GET} route[39m[38;5;3m +1ms[39m
[32m[Nest] 33252  - [39m22/09/2026, 20:34:16 [32m    LOG[39m [38;5;3m[RouterExplorer] [39m[32mMapped {/api/v1/companies/departments, GET} route[39m[38;5;3m +0ms[39m
[32m[Nest] 33252  - [39m22/09/2026, 20:34:16 [32m    LOG[39m [38;5;3m[RouterExplorer] [39m[32mMapped {/api/v1/companies/:id, GET} route[39m[38;5;3m +1ms[39m
[32m[Nest] 33252  - [39m22/09/2026, 20:34:16 [32m    LOG[39m [38;5;3m[RouterExplorer] [39m[32mMapped {/api/v1/companies/:id, PATCH} route[39m[38;5;3m +1ms[39m
[32m[Nest] 33252  - [39m22/09/2026, 20:34:16 [32m    LOG[39m [38;5;3m[RouterExplorer] [39m[32mMapped {/api/v1/companies/:id/branches, POST} route[39m[38;5;3m +0ms[39m
[32m[Nest] 33252  - [39m22/09/2026, 20:34:16 [32m    LOG[39m [38;5;3m[RouterExplorer] [39m[32mMapped {/api/v1/companies/branches/:branchId, PATCH} route[39m[38;5;3m +2ms[39m
[32m[Nest] 33252  - [39m22/09/2026, 20:34:16 [32m    LOG[39m [38;5;3m[RouterExplorer] [39m[32mMapped {/api/v1/companies/branches/:branchId, DELETE} route[39m[38;5;3m +2ms[39m
[32m[Nest] 33252  - [39m22/09/2026, 20:34:16 [32m    LOG[39m [38;5;3m[RouterExplorer] [39m[32mMapped {/api/v1/companies/departments, POST} route[39m[38;5;3m +0ms[39m
[32m[Nest] 33252  - [39m22/09/2026, 20:34:16 [32m    LOG[39m [38;5;3m[RouterExplorer] [39m[32mMapped {/api/v1/companies/departments/:id, PATCH} route[39m[38;5;3m +1ms[39m
[32m[Nest] 33252  - [39m22/09/2026, 20:34:16 [32m    LOG[39m [38;5;3m[RouterExplorer] [39m[32mMapped {/api/v1/companies/departments/:id, DELETE} route[39m[38;5;3m +0ms[39m
[32m[Nest] 33252  - [39m22/09/2026, 20:34:16 [32m    LOG[39m [38;5;3m[RoutesResolver] [39m[32mEstateController {/api/v1/estates}:[39m[38;5;3m +0ms[39m
[32m[Nest] 33252  - [39m22/09/2026, 20:34:16 [32m    LOG[39m [38;5;3m[RouterExplorer] [39m[32mMapped {/api/v1/estates/public, GET} route[39m[38;5;3m +1ms[39m
[32m[Nest] 33252  - [39m22/09/2026, 20:34:16 [32m    LOG[39m [38;5;3m[RouterExplorer] [39m[32mMapped {/api/v1/estates, GET} route[39m[38;5;3m +0ms[39m
[32m[Nest] 33252  - [39m22/09/2026, 20:34:16 [32m    LOG[39m [38;5;3m[RouterExplorer] [39m[32mMapped {/api/v1/estates/:id, GET} route[39m[38;5;3m +1ms[39m
[32m[Nest] 33252  - [39m22/09/2026, 20:34:16 [32m    LOG[39m [38;5;3m[RouterExplorer] [39m[32mMapped {/api/v1/estates, POST} route[39m[38;5;3m +0ms[39m
[32m[Nest] 33252  - [39m22/09/2026, 20:34:16 [32m    LOG[39m [38;5;3m[RouterExplorer] [39m[32mMapped {/api/v1/estates/:id, PATCH} route[39m[38;5;3m +0ms[39m
[32m[Nest] 33252  - [39m22/09/2026, 20:34:16 [32m    LOG[39m [38;5;3m[RouterExplorer] [39m[32mMapped {/api/v1/estates/:id/phases, POST} route[39m[38;5;3m +0ms[39m
[32m[Nest] 33252  - [39m22/09/2026, 20:34:16 [32m    LOG[39m [38;5;3m[RouterExplorer] [39m[32mMapped {/api/v1/estates/:id/blocks, POST} route[39m[38;5;3m +1ms[39m
[32m[Nest] 33252  - [39m22/09/2026, 20:34:16 [32m    LOG[39m [38;5;3m[RouterExplorer] [39m[32mMapped {/api/v1/estates/:id/infrastructure, POST} route[39m[38;5;3m +0ms[39m
[32m[Nest] 33252  - [39m22/09/2026, 20:34:16 [32m    LOG[39m [38;5;3m[RouterExplorer] [39m[32mMapped {/api/v1/estates/:id/site-plan, POST} route[39m[38;5;3m +1ms[39m
[32m[Nest] 33252  - [39m22/09/2026, 20:34:16 [32m    LOG[39m [38;5;3m[RouterExplorer] [39m[32mMapped {/api/v1/estates/:id/building-types, PATCH} route[39m[38;5;3m +0ms[39m
[32m[Nest] 33252  - [39m22/09/2026, 20:34:16 [32m    LOG[39m [38;5;3m[RouterExplorer] [39m[32mMapped {/api/v1/estates/:id/building-type-image/:typeId, POST} route[39m[38;5;3m +1ms[39m
[32m[Nest] 33252  - [39m22/09/2026, 20:34:16 [32m    LOG[39m [38;5;3m[RouterExplorer] [39m[32mMapped {/api/v1/estates/:id/building-type-image/:typeId/:filename, DELETE} route[39m[38;5;3m +0ms[39m
[32m[Nest] 33252  - [39m22/09/2026, 20:34:16 [32m    LOG[39m [38;5;3m[RouterExplorer] [39m[32mMapped {/api/v1/estates/:id/permanent, DELETE} route[39m[38;5;3m +0ms[39m
[32m[Nest] 33252  - [39m22/09/2026, 20:34:16 [32m    LOG[39m [38;5;3m[RoutesResolver] [39m[32mPropertyController {/api/v1/properties}:[39m[38;5;3m +0ms[39m
[32m[Nest] 33252  - [39m22/09/2026, 20:34:16 [32m    LOG[39m [38;5;3m[RouterExplorer] [39m[32mMapped {/api/v1/properties/public, GET} route[39m[38;5;3m +1ms[39m
[32m[Nest] 33252  - [39m22/09/2026, 20:34:16 [32m    LOG[39m [38;5;3m[RouterExplorer] [39m[32mMapped {/api/v1/properties/public/:id, GET} route[39m[38;5;3m +0ms[39m
[32m[Nest] 33252  - [39m22/09/2026, 20:34:16 [32m    LOG[39m [38;5;3m[RouterExplorer] [39m[32mMapped {/api/v1/properties/public/inquiry, POST} route[39m[38;5;3m +0ms[39m
[32m[Nest] 33252  - [39m22/09/2026, 20:34:16 [32m    LOG[39m [38;5;3m[RouterExplorer] [39m[32mMapped {/api/v1/properties, GET} route[39m[38;5;3m +1ms[39m
[32m[Nest] 33252  - [39m22/09/2026, 20:34:16 [32m    LOG[39m [38;5;3m[RouterExplorer] [39m[32mMapped {/api/v1/properties/admin/inquiries, GET} route[39m[38;5;3m +0ms[39m
[32m[Nest] 33252  - [39m22/09/2026, 20:34:16 [32m    LOG[39m [38;5;3m[RouterExplorer] [39m[32mMapped {/api/v1/properties/admin/inquiries/:id/status, PATCH} route[39m[38;5;3m +1ms[39m
[32m[Nest] 33252  - [39m22/09/2026, 20:34:16 [32m    LOG[39m [38;5;3m[RouterExplorer] [39m[32mMapped {/api/v1/properties/admin/inquiries/:id/notes, PATCH} route[39m[38;5;3m +0ms[39m
[32m[Nest] 33252  - [39m22/09/2026, 20:34:16 [32m    LOG[39m [38;5;3m[RouterExplorer] [39m[32mMapped {/api/v1/properties/admin/inquiries/:id/convert, POST} route[39m[38;5;3m +0ms[39m
[32m[Nest] 33252  - [39m22/09/2026, 20:34:16 [32m    LOG[39m [38;5;3m[RouterExplorer] [39m[32mMapped {/api/v1/properties/:id, GET} route[39m[38;5;3m +1ms[39m
[32m[Nest] 33252  - [39m22/09/2026, 20:34:16 [32m    LOG[39m [38;5;3m[RouterExplorer] [39m[32mMapped {/api/v1/properties, POST} route[39m[38;5;3m +0ms[39m
[32m[Nest] 33252  - [39m22/09/2026, 20:34:16 [32m    LOG[39m [38;5;3m[RouterExplorer] [39m[32mMapped {/api/v1/properties/:id, PATCH} route[39m[38;5;3m +0ms[39m
[32m[Nest] 33252  - [39m22/09/2026, 20:34:16 [32m    LOG[39m [38;5;3m[RouterExplorer] [39m[32mMapped {/api/v1/properties/:id/status, POST} route[39m[38;5;3m +1ms[39m
[32m[Nest] 33252  - [39m22/09/2026, 20:34:16 [32m    LOG[39m [38;5;3m[RouterExplorer] [39m[32mMapped {/api/v1/properties/:id, DELETE} route[39m[38;5;3m +0ms[39m
[32m[Nest] 33252  - [39m22/09/2026, 20:34:16 [32m    LOG[39m [38;5;3m[RouterExplorer] [39m[32mMapped {/api/v1/properties/:id/permanent, DELETE} route[39m[38;5;3m +0ms[39m
[32m[Nest] 33252  - [39m22/09/2026, 20:34:16 [32m    LOG[39m [38;5;3m[RouterExplorer] [39m[32mMapped {/api/v1/properties/:id/media, POST} route[39m[38;5;3m +1ms[39m
[32m[Nest] 33252  - [39m22/09/2026, 20:34:16 [32m    LOG[39m [38;5;3m[RouterExplorer] [39m[32mMapped {/api/v1/properties/:id/media/:mediaId, DELETE} route[39m[38;5;3m +0ms[39m
[32m[Nest] 33252  - [39m22/09/2026, 20:34:16 [32m    LOG[39m [38;5;3m[RouterExplorer] [39m[32mMapped {/api/v1/properties/:id/media/:mediaId/cover, PATCH} route[39m[38;5;3m +1ms[39m
[32m[Nest] 33252  - [39m22/09/2026, 20:34:16 [32m    LOG[39m [38;5;3m[RouterExplorer] [39m[32mMapped {/api/v1/properties/:id/favorite, POST} route[39m[38;5;3m +0ms[39m
[32m[Nest] 33252  - [39m22/09/2026, 20:34:16 [32m    LOG[39m [38;5;3m[RouterExplorer] [39m[32mMapped {/api/v1/properties/:id/favorite-status, GET} route[39m[38;5;3m +0ms[39m
[32m[Nest] 33252  - [39m22/09/2026, 20:34:16 [32m    LOG[39m [38;5;3m[RoutesResolver] [39m[32mCustomerController {/api/v1/customers}:[39m[38;5;3m +1ms[39m
[32m[Nest] 33252  - [39m22/09/2026, 20:34:16 [32m    LOG[39m [38;5;3m[RouterExplorer] [39m[32mMapped {/api/v1/customers, GET} route[39m[38;5;3m +1ms[39m
[32m[Nest] 33252  - [39m22/09/2026, 20:34:16 [32m    LOG[39m [38;5;3m[RouterExplorer] [39m[32mMapped {/api/v1/customers/:id, GET} route[39m[38;5;3m +1ms[39m
[32m[Nest] 33252  - [39m22/09/2026, 20:34:16 [32m    LOG[39m [38;5;3m[RouterExplorer] [39m[32mMapped {/api/v1/customers, POST} route[39m[38;5;3m +0ms[39m
[32m[Nest] 33252  - [39m22/09/2026, 20:34:16 [32m    LOG[39m [38;5;3m[RouterExplorer] [39m[32mMapped {/api/v1/customers/:id, PATCH} route[39m[38;5;3m +0ms[39m
[32m[Nest] 33252  - [39m22/09/2026, 20:34:16 [32m    LOG[39m [38;5;3m[RouterExplorer] [39m[32mMapped {/api/v1/customers/:id/deactivate, POST} route[39m[38;5;3m +1ms[39m
[32m[Nest] 33252  - [39m22/09/2026, 20:34:16 [32m    LOG[39m [38;5;3m[RouterExplorer] [39m[32mMapped {/api/v1/customers/:id/activate, POST} route[39m[38;5;3m +0ms[39m
[32m[Nest] 33252  - [39m22/09/2026, 20:34:16 [32m    LOG[39m [38;5;3m[RouterExplorer] [39m[32mMapped {/api/v1/customers/:id, DELETE} route[39m[38;5;3m +1ms[39m
[32m[Nest] 33252  - [39m22/09/2026, 20:34:16 [32m    LOG[39m [38;5;3m[RoutesResolver] [39m[32mReservationController {/api/v1/reservations}:[39m[38;5;3m +0ms[39m
[32m[Nest] 33252  - [39m22/09/2026, 20:34:16 [32m    LOG[39m [38;5;3m[RouterExplorer] [39m[32mMapped {/api/v1/reservations/public, POST} route[39m[38;5;3m +0ms[39m
[32m[Nest] 33252  - [39m22/09/2026, 20:34:16 [32m    LOG[39m [38;5;3m[RouterExplorer] [39m[32mMapped {/api/v1/reservations, GET} route[39m[38;5;3m +1ms[39m
[32m[Nest] 33252  - [39m22/09/2026, 20:34:16 [32m    LOG[39m [38;5;3m[RouterExplorer] [39m[32mMapped {/api/v1/reservations/mine, GET} route[39m[38;5;3m +0ms[39m
[32m[Nest] 33252  - [39m22/09/2026, 20:34:16 [32m    LOG[39m [38;5;3m[RouterExplorer] [39m[32mMapped {/api/v1/reservations/:id, GET} route[39m[38;5;3m +0ms[39m
[32m[Nest] 33252  - [39m22/09/2026, 20:34:16 [32m    LOG[39m [38;5;3m[RouterExplorer] [39m[32mMapped {/api/v1/reservations/:id/timeline, GET} route[39m[38;5;3m +0ms[39m
[32m[Nest] 33252  - [39m22/09/2026, 20:34:16 [32m    LOG[39m [38;5;3m[RouterExplorer] [39m[32mMapped {/api/v1/reservations/:id/status, PATCH} route[39m[38;5;3m +1ms[39m
[32m[Nest] 33252  - [39m22/09/2026, 20:34:16 [32m    LOG[39m [38;5;3m[RoutesResolver] [39m[32mSaleController {/api/v1/sales}:[39m[38;5;3m +0ms[39m
[32m[Nest] 33252  - [39m22/09/2026, 20:34:16 [32m    LOG[39m [38;5;3m[RouterExplorer] [39m[32mMapped {/api/v1/sales, GET} route[39m[38;5;3m +0ms[39m
[32m[Nest] 33252  - [39m22/09/2026, 20:34:16 [32m    LOG[39m [38;5;3m[RouterExplorer] [39m[32mMapped {/api/v1/sales/:id, GET} route[39m[38;5;3m +1ms[39m
[32m[Nest] 33252  - [39m22/09/2026, 20:34:16 [32m    LOG[39m [38;5;3m[RouterExplorer] [39m[32mMapped {/api/v1/sales, POST} route[39m[38;5;3m +0ms[39m
[32m[Nest] 33252  - [39m22/09/2026, 20:34:16 [32m    LOG[39m [38;5;3m[RouterExplorer] [39m[32mMapped {/api/v1/sales/:id/status, PATCH} route[39m[38;5;3m +0ms[39m
[32m[Nest] 33252  - [39m22/09/2026, 20:34:16 [32m    LOG[39m [38;5;3m[RoutesResolver] [39m[32mPaymentController {/api/v1/payments}:[39m[38;5;3m +0ms[39m
[32m[Nest] 33252  - [39m22/09/2026, 20:34:16 [32m    LOG[39m [38;5;3m[RouterExplorer] [39m[32mMapped {/api/v1/payments, POST} route[39m[38;5;3m +1ms[39m
[32m[Nest] 33252  - [39m22/09/2026, 20:34:16 [32m    LOG[39m [38;5;3m[RouterExplorer] [39m[32mMapped {/api/v1/payments, GET} route[39m[38;5;3m +0ms[39m
[32m[Nest] 33252  - [39m22/09/2026, 20:34:16 [32m    LOG[39m [38;5;3m[RouterExplorer] [39m[32mMapped {/api/v1/payments/:id, GET} route[39m[38;5;3m +0ms[39m
[32m[Nest] 33252  - [39m22/09/2026, 20:34:16 [32m    LOG[39m [38;5;3m[RouterExplorer] [39m[32mMapped {/api/v1/payments/:id/verify, PATCH} route[39m[38;5;3m +0ms[39m
[32m[Nest] 33252  - [39m22/09/2026, 20:34:16 [32m    LOG[39m [38;5;3m[RouterExplorer] [39m[32mMapped {/api/v1/payments/:id/reject, PATCH} route[39m[38;5;3m +1ms[39m
[32m[Nest] 33252  - [39m22/09/2026, 20:34:16 [32m    LOG[39m [38;5;3m[RoutesResolver] [39m[32mInspectionController {/api/v1/inspections}:[39m[38;5;3m +0ms[39m
[32m[Nest] 33252  - [39m22/09/2026, 20:34:16 [32m    LOG[39m [38;5;3m[RouterExplorer] [39m[32mMapped {/api/v1/inspections, POST} route[39m[38;5;3m +1ms[39m
[32m[Nest] 33252  - [39m22/09/2026, 20:34:16 [32m    LOG[39m [38;5;3m[RouterExplorer] [39m[32mMapped {/api/v1/inspections, GET} route[39m[38;5;3m +0ms[39m
[32m[Nest] 33252  - [39m22/09/2026, 20:34:16 [32m    LOG[39m [38;5;3m[RouterExplorer] [39m[32mMapped {/api/v1/inspections/:id, GET} route[39m[38;5;3m +0ms[39m
[32m[Nest] 33252  - [39m22/09/2026, 20:34:16 [32m    LOG[39m [38;5;3m[RouterExplorer] [39m[32mMapped {/api/v1/inspections/:id/start, PATCH} route[39m[38;5;3m +0ms[39m
[32m[Nest] 33252  - [39m22/09/2026, 20:34:16 [32m    LOG[39m [38;5;3m[RouterExplorer] [39m[32mMapped {/api/v1/inspections/:id/complete, PATCH} route[39m[38;5;3m +1ms[39m
[32m[Nest] 33252  - [39m22/09/2026, 20:34:16 [32m    LOG[39m [38;5;3m[RouterExplorer] [39m[32mMapped {/api/v1/inspections/:id/cancel, PATCH} route[39m[38;5;3m +0ms[39m
[32m[Nest] 33252  - [39m22/09/2026, 20:34:16 [32m    LOG[39m [38;5;3m[RouterExplorer] [39m[32mMapped {/api/v1/inspections/:id/fail, PATCH} route[39m[38;5;3m +0ms[39m
[32m[Nest] 33252  - [39m22/09/2026, 20:34:16 [32m    LOG[39m [38;5;3m[RoutesResolver] [39m[32mDocumentController {/api/v1/documents}:[39m[38;5;3m +0ms[39m
[32m[Nest] 33252  - [39m22/09/2026, 20:34:16 [32m    LOG[39m [38;5;3m[RouterExplorer] [39m[32mMapped {/api/v1/documents/upload, POST} route[39m[38;5;3m +2ms[39m
[32m[Nest] 33252  - [39m22/09/2026, 20:34:16 [32m    LOG[39m [38;5;3m[RouterExplorer] [39m[32mMapped {/api/v1/documents, GET} route[39m[38;5;3m +0ms[39m
[32m[Nest] 33252  - [39m22/09/2026, 20:34:16 [32m    LOG[39m [38;5;3m[RouterExplorer] [39m[32mMapped {/api/v1/documents/:id, GET} route[39m[38;5;3m +0ms[39m
[32m[Nest] 33252  - [39m22/09/2026, 20:34:16 [32m    LOG[39m [38;5;3m[RouterExplorer] [39m[32mMapped {/api/v1/documents/:id/download, GET} route[39m[38;5;3m +0ms[39m
[32m[Nest] 33252  - [39m22/09/2026, 20:34:16 [32m    LOG[39m [38;5;3m[RouterExplorer] [39m[32mMapped {/api/v1/documents/:id/status, PATCH} route[39m[38;5;3m +0ms[39m
[32m[Nest] 33252  - [39m22/09/2026, 20:34:16 [32m    LOG[39m [38;5;3m[RouterExplorer] [39m[32mMapped {/api/v1/documents/:id, DELETE} route[39m[38;5;3m +1ms[39m
[32m[Nest] 33252  - [39m22/09/2026, 20:34:16 [32m    LOG[39m [38;5;3m[RoutesResolver] [39m[32mEmployeeController {/api/v1/employees}:[39m[38;5;3m +0ms[39m
[32m[Nest] 33252  - [39m22/09/2026, 20:34:16 [32m    LOG[39m [38;5;3m[RouterExplorer] [39m[32mMapped {/api/v1/employees, GET} route[39m[38;5;3m +0ms[39m
[32m[Nest] 33252  - [39m22/09/2026, 20:34:16 [32m    LOG[39m [38;5;3m[RouterExplorer] [39m[32mMapped {/api/v1/employees/departments, GET} route[39m[38;5;3m +0ms[39m
[32m[Nest] 33252  - [39m22/09/2026, 20:34:16 [32m    LOG[39m [38;5;3m[RouterExplorer] [39m[32mMapped {/api/v1/employees/roles, GET} route[39m[38;5;3m +0ms[39m
[32m[Nest] 33252  - [39m22/09/2026, 20:34:16 [32m    LOG[39m [38;5;3m[RouterExplorer] [39m[32mMapped {/api/v1/employees/:id, GET} route[39m[38;5;3m +0ms[39m
[32m[Nest] 33252  - [39m22/09/2026, 20:34:16 [32m    LOG[39m [38;5;3m[RouterExplorer] [39m[32mMapped {/api/v1/employees, POST} route[39m[38;5;3m +0ms[39m
[32m[Nest] 33252  - [39m22/09/2026, 20:34:16 [32m    LOG[39m [38;5;3m[RouterExplorer] [39m[32mMapped {/api/v1/employees/:id, PATCH} route[39m[38;5;3m +0ms[39m
[32m[Nest] 33252  - [39m22/09/2026, 20:34:16 [32m    LOG[39m [38;5;3m[RouterExplorer] [39m[32mMapped {/api/v1/employees/:id, DELETE} route[39m[38;5;3m +1ms[39m
[32m[Nest] 33252  - [39m22/09/2026, 20:34:16 [32m    LOG[39m [38;5;3m[RouterExplorer] [39m[32mMapped {/api/v1/employees/:id/roles, POST} route[39m[38;5;3m +0ms[39m
[32m[Nest] 33252  - [39m22/09/2026, 20:34:16 [32m    LOG[39m [38;5;3m[RouterExplorer] [39m[32mMapped {/api/v1/employees/:id/roles/remove, POST} route[39m[38;5;3m +0ms[39m
[32m[Nest] 33252  - [39m22/09/2026, 20:34:16 [32m    LOG[39m [38;5;3m[RoutesResolver] [39m[32mVendorController {/api/v1/vendors}:[39m[38;5;3m +0ms[39m
[32m[Nest] 33252  - [39m22/09/2026, 20:34:16 [32m    LOG[39m [38;5;3m[RoutesResolver] [39m[32mAppointmentController {/api/v1/appointments}:[39m[38;5;3m +0ms[39m
[32m[Nest] 33252  - [39m22/09/2026, 20:34:16 [32m    LOG[39m [38;5;3m[RoutesResolver] [39m[32mNotificationController {/api/v1/notifications}:[39m[38;5;3m +0ms[39m
[32m[Nest] 33252  - [39m22/09/2026, 20:34:16 [32m    LOG[39m [38;5;3m[RoutesResolver] [39m[32mAiController {/api/v1/ai}:[39m[38;5;3m +1ms[39m
[32m[Nest] 33252  - [39m22/09/2026, 20:34:16 [32m    LOG[39m [38;5;3m[RoutesResolver] [39m[32mDashboardController {/api/v1/dashboard}:[39m[38;5;3m +0ms[39m
[32m[Nest] 33252  - [39m22/09/2026, 20:34:16 [32m    LOG[39m [38;5;3m[RouterExplorer] [39m[32mMapped {/api/v1/dashboard/stats, GET} route[39m[38;5;3m +1ms[39m
[32m[Nest] 33252  - [39m22/09/2026, 20:34:16 [32m    LOG[39m [38;5;3m[RoutesResolver] [39m[32mPosterController {/api/v1/posters}:[39m[38;5;3m +1ms[39m
[32m[Nest] 33252  - [39m22/09/2026, 20:34:16 [32m    LOG[39m [38;5;3m[RouterExplorer] [39m[32mMapped {/api/v1/posters/public, GET} route[39m[38;5;3m +0ms[39m
[32m[Nest] 33252  - [39m22/09/2026, 20:34:16 [32m    LOG[39m [38;5;3m[RouterExplorer] [39m[32mMapped {/api/v1/posters, GET} route[39m[38;5;3m +1ms[39m
[32m[Nest] 33252  - [39m22/09/2026, 20:34:16 [32m    LOG[39m [38;5;3m[RouterExplorer] [39m[32mMapped {/api/v1/posters, POST} route[39m[38;5;3m +0ms[39m
[32m[Nest] 33252  - [39m22/09/2026, 20:34:16 [32m    LOG[39m [38;5;3m[RouterExplorer] [39m[32mMapped {/api/v1/posters/:id, PATCH} route[39m[38;5;3m +0ms[39m
[32m[Nest] 33252  - [39m22/09/2026, 20:34:16 [32m    LOG[39m [38;5;3m[RouterExplorer] [39m[32mMapped {/api/v1/posters/:id/toggle, PATCH} route[39m[38;5;3m +1ms[39m
[32m[Nest] 33252  - [39m22/09/2026, 20:34:16 [32m    LOG[39m [38;5;3m[RouterExplorer] [39m[32mMapped {/api/v1/posters/:id, DELETE} route[39m[38;5;3m +0ms[39m
[32m[Nest] 33252  - [39m22/09/2026, 20:34:17 [32m    LOG[39m [38;5;3m[PrismaService] [39m[32mDatabase connected[39m
[32m[Nest] 33252  - [39m22/09/2026, 20:34:17 [32m    LOG[39m [38;5;3m[NestApplication] [39m[32mNest application successfully started[39m[38;5;3m +4ms[39m
[31m[Nest] 33252  - [39m22/09/2026, 20:34:17 [31m  ERROR[39m [38;5;3m[NestApplication] [39m[31mError: listen EADDRINUSE: address already in use :::4000[39m[38;5;3m +5ms[39m
node:net:1941
    const ex = new UVExceptionWithHostPort(err, 'listen', address, port);
               ^

Error: listen EADDRINUSE: address already in use :::4000
    at Server.setupListenHandle [as _listen2] (node:net:1941:16)
    at listenInCluster (node:net:1998:12)
    at Server.listen (node:net:2103:7)
    at ExpressAdapter.listen (C:\Users\david\Desktop\Projects\Ndukego Homes Gallery Project\node_modules\.pnpm\@nestjs+platform-express@11.1.28_@nestjs+common@11.1.28_class-transformer@0.5.1_class-validat_tmrpyvfpavunwigoq4yf4m43ry\node_modules\@nestjs\platform-express\adapters\express-adapter.js:115:32)
    at C:\Users\david\Desktop\Projects\Ndukego Homes Gallery Project\node_modules\.pnpm\@nestjs+core@11.1.28_@nestjs+common@11.1.28_class-transformer@0.5.1_class-validator@0.14.4_re_jbbxms5qftvp4gp3vkdoquda7y\node_modules\@nestjs\core\nest-application.js:190:30
    at new Promise (<anonymous>)
    at NestApplication.listen (C:\Users\david\Desktop\Projects\Ndukego Homes Gallery Project\node_modules\.pnpm\@nestjs+core@11.1.28_@nestjs+common@11.1.28_class-transformer@0.5.1_class-validator@0.14.4_re_jbbxms5qftvp4gp3vkdoquda7y\node_modules\@nestjs\core\nest-application.js:180:16)
    at async bootstrap (C:\Users\david\Desktop\Projects\Ndukego Homes Gallery Project\apps\api\src\main.ts:81:3) {
  code: 'EADDRINUSE',
  errno: -4091,
  syscall: 'listen',
  address: '::',
  port: 4000
}

Node.js v22.23.1
[2J[3J[H[[90m21:00:51[0m] File change detected. Starting incremental compilation...

[[90m21:00:51[0m] Found 0 errors. Watching for file changes.

[2J[3J[H[[90m21:00:52[0m] File change detected. Starting incremental compilation...

[[90m21:00:54[0m] Found 0 errors. Watching for file changes.

[2J[3J[H[[90m21:00:55[0m] File change detected. Starting incremental compilation...

[[90m21:00:56[0m] Found 0 errors. Watching for file changes.

[2J[3J[H[[90m21:01:00[0m] File change detected. Starting incremental compilation...

[[90m21:01:01[0m] Found 0 errors. Watching for file changes.

[2J[3J[H[[90m21:01:02[0m] File change detected. Starting incremental compilation...

[[90m21:01:03[0m] Found 0 errors. Watching for file changes.

[2J[3J[H[[90m21:01:03[0m] File change detected. Starting incremental compilation...

[[90m21:01:04[0m] Found 0 errors. Watching for file changes.

[2J[3J[H[[90m21:01:06[0m] File change detected. Starting incremental compilation...

[[90m21:01:07[0m] Found 0 errors. Watching for file changes.

[2J[3J[H[[90m21:01:07[0m] File change detected. Starting incremental compilation...

[[90m21:01:08[0m] Found 0 errors. Watching for file changes.

[2J[3J[H[[90m21:01:10[0m] File change detected. Starting incremental compilation...

[[90m21:01:11[0m] Found 0 errors. Watching for file changes.

[2J[3J[H[[90m21:01:15[0m] File change detected. Starting incremental compilation...

[[90m21:01:15[0m] Found 0 errors. Watching for file changes.

[32m[Nest] 26768  - [39m22/09/2026, 21:01:17 [32m    LOG[39m [38;5;3m[NestFactory] [39m[32mStarting Nest application...[39m
[32m[Nest] 26768  - [39m22/09/2026, 21:01:17 [32m    LOG[39m [38;5;3m[InstanceLoader] [39m[32mPrismaModule dependencies initialized[39m[38;5;3m +29ms[39m
[32m[Nest] 26768  - [39m22/09/2026, 21:01:17 [32m    LOG[39m [38;5;3m[InstanceLoader] [39m[32mPassportModule dependencies initialized[39m[38;5;3m +0ms[39m
[32m[Nest] 26768  - [39m22/09/2026, 21:01:17 [32m    LOG[39m [38;5;3m[InstanceLoader] [39m[32mConfigHostModule dependencies initialized[39m[38;5;3m +6ms[39m
[32m[Nest] 26768  - [39m22/09/2026, 21:01:17 [32m    LOG[39m [38;5;3m[InstanceLoader] [39m[32mThrottlerModule dependencies initialized[39m[38;5;3m +0ms[39m
[33m[Nest] 26768  - [39m22/09/2026, 21:01:17 [33m   WARN[39m [38;5;3m[EmailService] [39m[33mSMTP not configured — emails will be logged to console. Set SMTP_HOST, SMTP_USER, SMTP_PASS in .env to enable sending.[39m
[32m[Nest] 26768  - [39m22/09/2026, 21:01:17 [32m    LOG[39m [38;5;3m[InstanceLoader] [39m[32mConfigModule dependencies initialized[39m[38;5;3m +1ms[39m
[32m[Nest] 26768  - [39m22/09/2026, 21:01:17 [32m    LOG[39m [38;5;3m[InstanceLoader] [39m[32mConfigModule dependencies initialized[39m[38;5;3m +0ms[39m
[32m[Nest] 26768  - [39m22/09/2026, 21:01:17 [32m    LOG[39m [38;5;3m[InstanceLoader] [39m[32mNotificationModule dependencies initialized[39m[38;5;3m +1ms[39m
[32m[Nest] 26768  - [39m22/09/2026, 21:01:17 [32m    LOG[39m [38;5;3m[InstanceLoader] [39m[32mAiModule dependencies initialized[39m[38;5;3m +0ms[39m
[32m[Nest] 26768  - [39m22/09/2026, 21:01:17 [32m    LOG[39m [38;5;3m[InstanceLoader] [39m[32mEmailModule dependencies initialized[39m[38;5;3m +0ms[39m
[32m[Nest] 26768  - [39m22/09/2026, 21:01:17 [32m    LOG[39m [38;5;3m[InstanceLoader] [39m[32mStorageModule dependencies initialized[39m[38;5;3m +0ms[39m
[32m[Nest] 26768  - [39m22/09/2026, 21:01:17 [32m    LOG[39m [38;5;3m[InstanceLoader] [39m[32mJwtModule dependencies initialized[39m[38;5;3m +1ms[39m
[32m[Nest] 26768  - [39m22/09/2026, 21:01:17 [32m    LOG[39m [38;5;3m[InstanceLoader] [39m[32mVendorModule dependencies initialized[39m[38;5;3m +0ms[39m
[32m[Nest] 26768  - [39m22/09/2026, 21:01:17 [32m    LOG[39m [38;5;3m[InstanceLoader] [39m[32mAppointmentModule dependencies initialized[39m[38;5;3m +0ms[39m
[32m[Nest] 26768  - [39m22/09/2026, 21:01:17 [32m    LOG[39m [38;5;3m[InstanceLoader] [39m[32mEmployeeModule dependencies initialized[39m[38;5;3m +1ms[39m
[32m[Nest] 26768  - [39m22/09/2026, 21:01:17 [32m    LOG[39m [38;5;3m[InstanceLoader] [39m[32mDashboardModule dependencies initialized[39m[38;5;3m +1ms[39m
[32m[Nest] 26768  - [39m22/09/2026, 21:01:17 [32m    LOG[39m [38;5;3m[InstanceLoader] [39m[32mAuditModule dependencies initialized[39m[38;5;3m +0ms[39m
[32m[Nest] 26768  - [39m22/09/2026, 21:01:17 [32m    LOG[39m [38;5;3m[InstanceLoader] [39m[32mAppModule dependencies initialized[39m[38;5;3m +0ms[39m
[32m[Nest] 26768  - [39m22/09/2026, 21:01:17 [32m    LOG[39m [38;5;3m[InstanceLoader] [39m[32mCustomerModule dependencies initialized[39m[38;5;3m +0ms[39m
[32m[Nest] 26768  - [39m22/09/2026, 21:01:17 [32m    LOG[39m [38;5;3m[InstanceLoader] [39m[32mSaleModule dependencies initialized[39m[38;5;3m +0ms[39m
[32m[Nest] 26768  - [39m22/09/2026, 21:01:17 [32m    LOG[39m [38;5;3m[InstanceLoader] [39m[32mPaymentModule dependencies initialized[39m[38;5;3m +0ms[39m
[32m[Nest] 26768  - [39m22/09/2026, 21:01:17 [32m    LOG[39m [38;5;3m[InstanceLoader] [39m[32mInspectionModule dependencies initialized[39m[38;5;3m +0ms[39m
[32m[Nest] 26768  - [39m22/09/2026, 21:01:17 [32m    LOG[39m [38;5;3m[InstanceLoader] [39m[32mCompanyModule dependencies initialized[39m[38;5;3m +0ms[39m
[32m[Nest] 26768  - [39m22/09/2026, 21:01:17 [32m    LOG[39m [38;5;3m[InstanceLoader] [39m[32mReservationModule dependencies initialized[39m[38;5;3m +0ms[39m
[32m[Nest] 26768  - [39m22/09/2026, 21:01:17 [32m    LOG[39m [38;5;3m[InstanceLoader] [39m[32mDocumentModule dependencies initialized[39m[38;5;3m +0ms[39m
[32m[Nest] 26768  - [39m22/09/2026, 21:01:17 [32m    LOG[39m [38;5;3m[InstanceLoader] [39m[32mEstateModule dependencies initialized[39m[38;5;3m +0ms[39m
[32m[Nest] 26768  - [39m22/09/2026, 21:01:17 [32m    LOG[39m [38;5;3m[InstanceLoader] [39m[32mPropertyModule dependencies initialized[39m[38;5;3m +0ms[39m
[32m[Nest] 26768  - [39m22/09/2026, 21:01:17 [32m    LOG[39m [38;5;3m[InstanceLoader] [39m[32mPosterModule dependencies initialized[39m[38;5;3m +0ms[39m
[32m[Nest] 26768  - [39m22/09/2026, 21:01:17 [32m    LOG[39m [38;5;3m[InstanceLoader] [39m[32mAuthModule dependencies initialized[39m[38;5;3m +0ms[39m
[32m[Nest] 26768  - [39m22/09/2026, 21:01:23 [32m    LOG[39m [38;5;3m[RoutesResolver] [39m[32mHealthController {/api/v1/health}:[39m[38;5;3m +5390ms[39m
[32m[Nest] 26768  - [39m22/09/2026, 21:01:23 [32m    LOG[39m [38;5;3m[RouterExplorer] [39m[32mMapped {/api/v1/health, GET} route[39m[38;5;3m +5ms[39m
[32m[Nest] 26768  - [39m22/09/2026, 21:01:23 [32m    LOG[39m [38;5;3m[RoutesResolver] [39m[32mAuditController {/api/v1/audit-logs}:[39m[38;5;3m +0ms[39m
[32m[Nest] 26768  - [39m22/09/2026, 21:01:23 [32m    LOG[39m [38;5;3m[RouterExplorer] [39m[32mMapped {/api/v1/audit-logs, GET} route[39m[38;5;3m +5ms[39m
[32m[Nest] 26768  - [39m22/09/2026, 21:01:23 [32m    LOG[39m [38;5;3m[RoutesResolver] [39m[32mAuthController {/api/v1/auth}:[39m[38;5;3m +0ms[39m
[32m[Nest] 26768  - [39m22/09/2026, 21:01:23 [32m    LOG[39m [38;5;3m[RouterExplorer] [39m[32mMapped {/api/v1/auth/login, POST} route[39m[38;5;3m +0ms[39m
[32m[Nest] 26768  - [39m22/09/2026, 21:01:23 [32m    LOG[39m [38;5;3m[RouterExplorer] [39m[32mMapped {/api/v1/auth/refresh, POST} route[39m[38;5;3m +1ms[39m
[32m[Nest] 26768  - [39m22/09/2026, 21:01:23 [32m    LOG[39m [38;5;3m[RouterExplorer] [39m[32mMapped {/api/v1/auth/logout, POST} route[39m[38;5;3m +1ms[39m
[32m[Nest] 26768  - [39m22/09/2026, 21:01:23 [32m    LOG[39m [38;5;3m[RouterExplorer] [39m[32mMapped {/api/v1/auth/change-password, POST} route[39m[38;5;3m +0ms[39m
[32m[Nest] 26768  - [39m22/09/2026, 21:01:23 [32m    LOG[39m [38;5;3m[RouterExplorer] [39m[32mMapped {/api/v1/auth/me, POST} route[39m[38;5;3m +0ms[39m
[32m[Nest] 26768  - [39m22/09/2026, 21:01:23 [32m    LOG[39m [38;5;3m[RouterExplorer] [39m[32mMapped {/api/v1/auth/super/login, POST} route[39m[38;5;3m +1ms[39m
[32m[Nest] 26768  - [39m22/09/2026, 21:01:23 [32m    LOG[39m [38;5;3m[RouterExplorer] [39m[32mMapped {/api/v1/auth/customer/register, POST} route[39m[38;5;3m +2ms[39m
[32m[Nest] 26768  - [39m22/09/2026, 21:01:23 [32m    LOG[39m [38;5;3m[RouterExplorer] [39m[32mMapped {/api/v1/auth/customer/login, POST} route[39m[38;5;3m +1ms[39m
[32m[Nest] 26768  - [39m22/09/2026, 21:01:23 [32m    LOG[39m [38;5;3m[RouterExplorer] [39m[32mMapped {/api/v1/auth/customer/me, GET} route[39m[38;5;3m +0ms[39m
[32m[Nest] 26768  - [39m22/09/2026, 21:01:23 [32m    LOG[39m [38;5;3m[RouterExplorer] [39m[32mMapped {/api/v1/auth/customer/profile, PATCH} route[39m[38;5;3m +0ms[39m
[32m[Nest] 26768  - [39m22/09/2026, 21:01:23 [32m    LOG[39m [38;5;3m[RoutesResolver] [39m[32mCompanyController {/api/v1/companies}:[39m[38;5;3m +1ms[39m
[32m[Nest] 26768  - [39m22/09/2026, 21:01:23 [32m    LOG[39m [38;5;3m[RouterExplorer] [39m[32mMapped {/api/v1/companies, POST} route[39m[38;5;3m +0ms[39m
[32m[Nest] 26768  - [39m22/09/2026, 21:01:23 [32m    LOG[39m [38;5;3m[RouterExplorer] [39m[32mMapped {/api/v1/companies, GET} route[39m[38;5;3m +0ms[39m
[32m[Nest] 26768  - [39m22/09/2026, 21:01:23 [32m    LOG[39m [38;5;3m[RouterExplorer] [39m[32mMapped {/api/v1/companies/departments, GET} route[39m[38;5;3m +0ms[39m
[32m[Nest] 26768  - [39m22/09/2026, 21:01:23 [32m    LOG[39m [38;5;3m[RouterExplorer] [39m[32mMapped {/api/v1/companies/:id, GET} route[39m[38;5;3m +1ms[39m
[32m[Nest] 26768  - [39m22/09/2026, 21:01:23 [32m    LOG[39m [38;5;3m[RouterExplorer] [39m[32mMapped {/api/v1/companies/:id, PATCH} route[39m[38;5;3m +0ms[39m
[32m[Nest] 26768  - [39m22/09/2026, 21:01:23 [32m    LOG[39m [38;5;3m[RouterExplorer] [39m[32mMapped {/api/v1/companies/:id/branches, POST} route[39m[38;5;3m +0ms[39m
[32m[Nest] 26768  - [39m22/09/2026, 21:01:23 [32m    LOG[39m [38;5;3m[RouterExplorer] [39m[32mMapped {/api/v1/companies/branches/:branchId, PATCH} route[39m[38;5;3m +0ms[39m
[32m[Nest] 26768  - [39m22/09/2026, 21:01:23 [32m    LOG[39m [38;5;3m[RouterExplorer] [39m[32mMapped {/api/v1/companies/branches/:branchId, DELETE} route[39m[38;5;3m +1ms[39m
[32m[Nest] 26768  - [39m22/09/2026, 21:01:23 [32m    LOG[39m [38;5;3m[RouterExplorer] [39m[32mMapped {/api/v1/companies/departments, POST} route[39m[38;5;3m +0ms[39m
[32m[Nest] 26768  - [39m22/09/2026, 21:01:23 [32m    LOG[39m [38;5;3m[RouterExplorer] [39m[32mMapped {/api/v1/companies/departments/:id, PATCH} route[39m[38;5;3m +0ms[39m
[32m[Nest] 26768  - [39m22/09/2026, 21:01:23 [32m    LOG[39m [38;5;3m[RouterExplorer] [39m[32mMapped {/api/v1/companies/departments/:id, DELETE} route[39m[38;5;3m +0ms[39m
[32m[Nest] 26768  - [39m22/09/2026, 21:01:23 [32m    LOG[39m [38;5;3m[RoutesResolver] [39m[32mEstateController {/api/v1/estates}:[39m[38;5;3m +1ms[39m
[32m[Nest] 26768  - [39m22/09/2026, 21:01:23 [32m    LOG[39m [38;5;3m[RouterExplorer] [39m[32mMapped {/api/v1/estates/public, GET} route[39m[38;5;3m +0ms[39m
[32m[Nest] 26768  - [39m22/09/2026, 21:01:23 [32m    LOG[39m [38;5;3m[RouterExplorer] [39m[32mMapped {/api/v1/estates, GET} route[39m[38;5;3m +0ms[39m
[32m[Nest] 26768  - [39m22/09/2026, 21:01:23 [32m    LOG[39m [38;5;3m[RouterExplorer] [39m[32mMapped {/api/v1/estates/:id, GET} route[39m[38;5;3m +0ms[39m
[32m[Nest] 26768  - [39m22/09/2026, 21:01:23 [32m    LOG[39m [38;5;3m[RouterExplorer] [39m[32mMapped {/api/v1/estates, POST} route[39m[38;5;3m +0ms[39m
[32m[Nest] 26768  - [39m22/09/2026, 21:01:23 [32m    LOG[39m [38;5;3m[RouterExplorer] [39m[32mMapped {/api/v1/estates/:id, PATCH} route[39m[38;5;3m +0ms[39m
[32m[Nest] 26768  - [39m22/09/2026, 21:01:23 [32m    LOG[39m [38;5;3m[RouterExplorer] [39m[32mMapped {/api/v1/estates/:id/phases, POST} route[39m[38;5;3m +0ms[39m
[32m[Nest] 26768  - [39m22/09/2026, 21:01:23 [32m    LOG[39m [38;5;3m[RouterExplorer] [39m[32mMapped {/api/v1/estates/:id/blocks, POST} route[39m[38;5;3m +1ms[39m
[32m[Nest] 26768  - [39m22/09/2026, 21:01:23 [32m    LOG[39m [38;5;3m[RouterExplorer] [39m[32mMapped {/api/v1/estates/:id/infrastructure, POST} route[39m[38;5;3m +0ms[39m
[32m[Nest] 26768  - [39m22/09/2026, 21:01:23 [32m    LOG[39m [38;5;3m[RouterExplorer] [39m[32mMapped {/api/v1/estates/:id/site-plan, POST} route[39m[38;5;3m +0ms[39m
[32m[Nest] 26768  - [39m22/09/2026, 21:01:23 [32m    LOG[39m [38;5;3m[RouterExplorer] [39m[32mMapped {/api/v1/estates/:id/building-types, PATCH} route[39m[38;5;3m +1ms[39m
[32m[Nest] 26768  - [39m22/09/2026, 21:01:23 [32m    LOG[39m [38;5;3m[RouterExplorer] [39m[32mMapped {/api/v1/estates/:id/building-type-image/:typeId, POST} route[39m[38;5;3m +0ms[39m
[32m[Nest] 26768  - [39m22/09/2026, 21:01:23 [32m    LOG[39m [38;5;3m[RouterExplorer] [39m[32mMapped {/api/v1/estates/:id/building-type-image/:typeId/:filename, DELETE} route[39m[38;5;3m +0ms[39m
[32m[Nest] 26768  - [39m22/09/2026, 21:01:23 [32m    LOG[39m [38;5;3m[RouterExplorer] [39m[32mMapped {/api/v1/estates/:id/permanent, DELETE} route[39m[38;5;3m +0ms[39m
[32m[Nest] 26768  - [39m22/09/2026, 21:01:23 [32m    LOG[39m [38;5;3m[RoutesResolver] [39m[32mPropertyController {/api/v1/properties}:[39m[38;5;3m +0ms[39m
[32m[Nest] 26768  - [39m22/09/2026, 21:01:23 [32m    LOG[39m [38;5;3m[RouterExplorer] [39m[32mMapped {/api/v1/properties/public, GET} route[39m[38;5;3m +0ms[39m
[32m[Nest] 26768  - [39m22/09/2026, 21:01:23 [32m    LOG[39m [38;5;3m[RouterExplorer] [39m[32mMapped {/api/v1/properties/public/:id, GET} route[39m[38;5;3m +1ms[39m
[32m[Nest] 26768  - [39m22/09/2026, 21:01:23 [32m    LOG[39m [38;5;3m[RouterExplorer] [39m[32mMapped {/api/v1/properties/public/inquiry, POST} route[39m[38;5;3m +0ms[39m
[32m[Nest] 26768  - [39m22/09/2026, 21:01:23 [32m    LOG[39m [38;5;3m[RouterExplorer] [39m[32mMapped {/api/v1/properties, GET} route[39m[38;5;3m +0ms[39m
[32m[Nest] 26768  - [39m22/09/2026, 21:01:23 [32m    LOG[39m [38;5;3m[RouterExplorer] [39m[32mMapped {/api/v1/properties/admin/inquiries, GET} route[39m[38;5;3m +0ms[39m
[32m[Nest] 26768  - [39m22/09/2026, 21:01:23 [32m    LOG[39m [38;5;3m[RouterExplorer] [39m[32mMapped {/api/v1/properties/admin/inquiries/:id/status, PATCH} route[39m[38;5;3m +0ms[39m
[32m[Nest] 26768  - [39m22/09/2026, 21:01:23 [32m    LOG[39m [38;5;3m[RouterExplorer] [39m[32mMapped {/api/v1/properties/admin/inquiries/:id/notes, PATCH} route[39m[38;5;3m +0ms[39m
[32m[Nest] 26768  - [39m22/09/2026, 21:01:23 [32m    LOG[39m [38;5;3m[RouterExplorer] [39m[32mMapped {/api/v1/properties/admin/inquiries/:id/convert, POST} route[39m[38;5;3m +1ms[39m
[32m[Nest] 26768  - [39m22/09/2026, 21:01:23 [32m    LOG[39m [38;5;3m[RouterExplorer] [39m[32mMapped {/api/v1/properties/:id, GET} route[39m[38;5;3m +0ms[39m
[32m[Nest] 26768  - [39m22/09/2026, 21:01:23 [32m    LOG[39m [38;5;3m[RouterExplorer] [39m[32mMapped {/api/v1/properties, POST} route[39m[38;5;3m +0ms[39m
[32m[Nest] 26768  - [39m22/09/2026, 21:01:23 [32m    LOG[39m [38;5;3m[RouterExplorer] [39m[32mMapped {/api/v1/properties/:id, PATCH} route[39m[38;5;3m +0ms[39m
[32m[Nest] 26768  - [39m22/09/2026, 21:01:23 [32m    LOG[39m [38;5;3m[RouterExplorer] [39m[32mMapped {/api/v1/properties/:id/status, POST} route[39m[38;5;3m +0ms[39m
[32m[Nest] 26768  - [39m22/09/2026, 21:01:23 [32m    LOG[39m [38;5;3m[RouterExplorer] [39m[32mMapped {/api/v1/properties/:id, DELETE} route[39m[38;5;3m +1ms[39m
[32m[Nest] 26768  - [39m22/09/2026, 21:01:23 [32m    LOG[39m [38;5;3m[RouterExplorer] [39m[32mMapped {/api/v1/properties/:id/permanent, DELETE} route[39m[38;5;3m +0ms[39m
[32m[Nest] 26768  - [39m22/09/2026, 21:01:23 [32m    LOG[39m [38;5;3m[RouterExplorer] [39m[32mMapped {/api/v1/properties/:id/media, POST} route[39m[38;5;3m +0ms[39m
[32m[Nest] 26768  - [39m22/09/2026, 21:01:23 [32m    LOG[39m [38;5;3m[RouterExplorer] [39m[32mMapped {/api/v1/properties/:id/media/:mediaId, DELETE} route[39m[38;5;3m +0ms[39m
[32m[Nest] 26768  - [39m22/09/2026, 21:01:23 [32m    LOG[39m [38;5;3m[RouterExplorer] [39m[32mMapped {/api/v1/properties/:id/media/:mediaId/cover, PATCH} route[39m[38;5;3m +0ms[39m
[32m[Nest] 26768  - [39m22/09/2026, 21:01:23 [32m    LOG[39m [38;5;3m[RouterExplorer] [39m[32mMapped {/api/v1/properties/:id/favorite, POST} route[39m[38;5;3m +1ms[39m
[32m[Nest] 26768  - [39m22/09/2026, 21:01:23 [32m    LOG[39m [38;5;3m[RouterExplorer] [39m[32mMapped {/api/v1/properties/:id/favorite-status, GET} route[39m[38;5;3m +0ms[39m
[32m[Nest] 26768  - [39m22/09/2026, 21:01:23 [32m    LOG[39m [38;5;3m[RoutesResolver] [39m[32mCustomerController {/api/v1/customers}:[39m[38;5;3m +0ms[39m
[32m[Nest] 26768  - [39m22/09/2026, 21:01:23 [32m    LOG[39m [38;5;3m[RouterExplorer] [39m[32mMapped {/api/v1/customers, GET} route[39m[38;5;3m +0ms[39m
[32m[Nest] 26768  - [39m22/09/2026, 21:01:23 [32m    LOG[39m [38;5;3m[RouterExplorer] [39m[32mMapped {/api/v1/customers/:id, GET} route[39m[38;5;3m +0ms[39m
[32m[Nest] 26768  - [39m22/09/2026, 21:01:23 [32m    LOG[39m [38;5;3m[RouterExplorer] [39m[32mMapped {/api/v1/customers, POST} route[39m[38;5;3m +0ms[39m
[32m[Nest] 26768  - [39m22/09/2026, 21:01:23 [32m    LOG[39m [38;5;3m[RouterExplorer] [39m[32mMapped {/api/v1/customers/:id, PATCH} route[39m[38;5;3m +1ms[39m
[32m[Nest] 26768  - [39m22/09/2026, 21:01:23 [32m    LOG[39m [38;5;3m[RouterExplorer] [39m[32mMapped {/api/v1/customers/:id/deactivate, POST} route[39m[38;5;3m +0ms[39m
[32m[Nest] 26768  - [39m22/09/2026, 21:01:23 [32m    LOG[39m [38;5;3m[RouterExplorer] [39m[32mMapped {/api/v1/customers/:id/activate, POST} route[39m[38;5;3m +0ms[39m
[32m[Nest] 26768  - [39m22/09/2026, 21:01:23 [32m    LOG[39m [38;5;3m[RouterExplorer] [39m[32mMapped {/api/v1/customers/:id, DELETE} route[39m[38;5;3m +1ms[39m
[32m[Nest] 26768  - [39m22/09/2026, 21:01:23 [32m    LOG[39m [38;5;3m[RoutesResolver] [39m[32mReservationController {/api/v1/reservations}:[39m[38;5;3m +0ms[39m
[32m[Nest] 26768  - [39m22/09/2026, 21:01:23 [32m    LOG[39m [38;5;3m[RouterExplorer] [39m[32mMapped {/api/v1/reservations/public, POST} route[39m[38;5;3m +0ms[39m
[32m[Nest] 26768  - [39m22/09/2026, 21:01:23 [32m    LOG[39m [38;5;3m[RouterExplorer] [39m[32mMapped {/api/v1/reservations, GET} route[39m[38;5;3m +0ms[39m
[32m[Nest] 26768  - [39m22/09/2026, 21:01:23 [32m    LOG[39m [38;5;3m[RouterExplorer] [39m[32mMapped {/api/v1/reservations/mine, GET} route[39m[38;5;3m +0ms[39m
[32m[Nest] 26768  - [39m22/09/2026, 21:01:23 [32m    LOG[39m [38;5;3m[RouterExplorer] [39m[32mMapped {/api/v1/reservations/:id, GET} route[39m[38;5;3m +0ms[39m
[32m[Nest] 26768  - [39m22/09/2026, 21:01:23 [32m    LOG[39m [38;5;3m[RouterExplorer] [39m[32mMapped {/api/v1/reservations/:id/timeline, GET} route[39m[38;5;3m +1ms[39m
[32m[Nest] 26768  - [39m22/09/2026, 21:01:23 [32m    LOG[39m [38;5;3m[RouterExplorer] [39m[32mMapped {/api/v1/reservations/:id/status, PATCH} route[39m[38;5;3m +0ms[39m
[32m[Nest] 26768  - [39m22/09/2026, 21:01:23 [32m    LOG[39m [38;5;3m[RoutesResolver] [39m[32mSaleController {/api/v1/sales}:[39m[38;5;3m +0ms[39m
[32m[Nest] 26768  - [39m22/09/2026, 21:01:23 [32m    LOG[39m [38;5;3m[RouterExplorer] [39m[32mMapped {/api/v1/sales, GET} route[39m[38;5;3m +0ms[39m
[32m[Nest] 26768  - [39m22/09/2026, 21:01:23 [32m    LOG[39m [38;5;3m[RouterExplorer] [39m[32mMapped {/api/v1/sales/:id, GET} route[39m[38;5;3m +0ms[39m
[32m[Nest] 26768  - [39m22/09/2026, 21:01:23 [32m    LOG[39m [38;5;3m[RouterExplorer] [39m[32mMapped {/api/v1/sales, POST} route[39m[38;5;3m +0ms[39m
[32m[Nest] 26768  - [39m22/09/2026, 21:01:23 [32m    LOG[39m [38;5;3m[RouterExplorer] [39m[32mMapped {/api/v1/sales/:id/status, PATCH} route[39m[38;5;3m +0ms[39m
[32m[Nest] 26768  - [39m22/09/2026, 21:01:23 [32m    LOG[39m [38;5;3m[RoutesResolver] [39m[32mPaymentController {/api/v1/payments}:[39m[38;5;3m +1ms[39m
[32m[Nest] 26768  - [39m22/09/2026, 21:01:23 [32m    LOG[39m [38;5;3m[RouterExplorer] [39m[32mMapped {/api/v1/payments, POST} route[39m[38;5;3m +0ms[39m
[32m[Nest] 26768  - [39m22/09/2026, 21:01:23 [32m    LOG[39m [38;5;3m[RouterExplorer] [39m[32mMapped {/api/v1/payments, GET} route[39m[38;5;3m +0ms[39m
[32m[Nest] 26768  - [39m22/09/2026, 21:01:23 [32m    LOG[39m [38;5;3m[RouterExplorer] [39m[32mMapped {/api/v1/payments/:id, GET} route[39m[38;5;3m +0ms[39m
[32m[Nest] 26768  - [39m22/09/2026, 21:01:23 [32m    LOG[39m [38;5;3m[RouterExplorer] [39m[32mMapped {/api/v1/payments/:id/verify, PATCH} route[39m[38;5;3m +0ms[39m
[32m[Nest] 26768  - [39m22/09/2026, 21:01:23 [32m    LOG[39m [38;5;3m[RouterExplorer] [39m[32mMapped {/api/v1/payments/:id/reject, PATCH} route[39m[38;5;3m +0ms[39m
[32m[Nest] 26768  - [39m22/09/2026, 21:01:23 [32m    LOG[39m [38;5;3m[RoutesResolver] [39m[32mInspectionController {/api/v1/inspections}:[39m[38;5;3m +0ms[39m
[32m[Nest] 26768  - [39m22/09/2026, 21:01:23 [32m    LOG[39m [38;5;3m[RouterExplorer] [39m[32mMapped {/api/v1/inspections, POST} route[39m[38;5;3m +1ms[39m
[32m[Nest] 26768  - [39m22/09/2026, 21:01:23 [32m    LOG[39m [38;5;3m[RouterExplorer] [39m[32mMapped {/api/v1/inspections, GET} route[39m[38;5;3m +0ms[39m
[32m[Nest] 26768  - [39m22/09/2026, 21:01:23 [32m    LOG[39m [38;5;3m[RouterExplorer] [39m[32mMapped {/api/v1/inspections/:id, GET} route[39m[38;5;3m +0ms[39m
[32m[Nest] 26768  - [39m22/09/2026, 21:01:23 [32m    LOG[39m [38;5;3m[RouterExplorer] [39m[32mMapped {/api/v1/inspections/:id/start, PATCH} route[39m[38;5;3m +0ms[39m
[32m[Nest] 26768  - [39m22/09/2026, 21:01:23 [32m    LOG[39m [38;5;3m[RouterExplorer] [39m[32mMapped {/api/v1/inspections/:id/complete, PATCH} route[39m[38;5;3m +1ms[39m
[32m[Nest] 26768  - [39m22/09/2026, 21:01:23 [32m    LOG[39m [38;5;3m[RouterExplorer] [39m[32mMapped {/api/v1/inspections/:id/cancel, PATCH} route[39m[38;5;3m +0ms[39m
[32m[Nest] 26768  - [39m22/09/2026, 21:01:23 [32m    LOG[39m [38;5;3m[RouterExplorer] [39m[32mMapped {/api/v1/inspections/:id/fail, PATCH} route[39m[38;5;3m +0ms[39m
[32m[Nest] 26768  - [39m22/09/2026, 21:01:23 [32m    LOG[39m [38;5;3m[RoutesResolver] [39m[32mDocumentController {/api/v1/documents}:[39m[38;5;3m +0ms[39m
[32m[Nest] 26768  - [39m22/09/2026, 21:01:23 [32m    LOG[39m [38;5;3m[RouterExplorer] [39m[32mMapped {/api/v1/documents/upload, POST} route[39m[38;5;3m +0ms[39m
[32m[Nest] 26768  - [39m22/09/2026, 21:01:23 [32m    LOG[39m [38;5;3m[RouterExplorer] [39m[32mMapped {/api/v1/documents, GET} route[39m[38;5;3m +1ms[39m
[32m[Nest] 26768  - [39m22/09/2026, 21:01:23 [32m    LOG[39m [38;5;3m[RouterExplorer] [39m[32mMapped {/api/v1/documents/:id, GET} route[39m[38;5;3m +0ms[39m
[32m[Nest] 26768  - [39m22/09/2026, 21:01:23 [32m    LOG[39m [38;5;3m[RouterExplorer] [39m[32mMapped {/api/v1/documents/:id/download, GET} route[39m[38;5;3m +0ms[39m
[32m[Nest] 26768  - [39m22/09/2026, 21:01:23 [32m    LOG[39m [38;5;3m[RouterExplorer] [39m[32mMapped {/api/v1/documents/:id/status, PATCH} route[39m[38;5;3m +0ms[39m
[32m[Nest] 26768  - [39m22/09/2026, 21:01:23 [32m    LOG[39m [38;5;3m[RouterExplorer] [39m[32mMapped {/api/v1/documents/:id, DELETE} route[39m[38;5;3m +0ms[39m
[32m[Nest] 26768  - [39m22/09/2026, 21:01:23 [32m    LOG[39m [38;5;3m[RoutesResolver] [39m[32mEmployeeController {/api/v1/employees}:[39m[38;5;3m +0ms[39m
[32m[Nest] 26768  - [39m22/09/2026, 21:01:23 [32m    LOG[39m [38;5;3m[RouterExplorer] [39m[32mMapped {/api/v1/employees, GET} route[39m[38;5;3m +1ms[39m
[32m[Nest] 26768  - [39m22/09/2026, 21:01:23 [32m    LOG[39m [38;5;3m[RouterExplorer] [39m[32mMapped {/api/v1/employees/departments, GET} route[39m[38;5;3m +0ms[39m
[32m[Nest] 26768  - [39m22/09/2026, 21:01:23 [32m    LOG[39m [38;5;3m[RouterExplorer] [39m[32mMapped {/api/v1/employees/roles, GET} route[39m[38;5;3m +0ms[39m
[32m[Nest] 26768  - [39m22/09/2026, 21:01:23 [32m    LOG[39m [38;5;3m[RouterExplorer] [39m[32mMapped {/api/v1/employees/:id, GET} route[39m[38;5;3m +0ms[39m
[32m[Nest] 26768  - [39m22/09/2026, 21:01:23 [32m    LOG[39m [38;5;3m[RouterExplorer] [39m[32mMapped {/api/v1/employees, POST} route[39m[38;5;3m +0ms[39m
[32m[Nest] 26768  - [39m22/09/2026, 21:01:23 [32m    LOG[39m [38;5;3m[RouterExplorer] [39m[32mMapped {/api/v1/employees/:id, PATCH} route[39m[38;5;3m +0ms[39m
[32m[Nest] 26768  - [39m22/09/2026, 21:01:23 [32m    LOG[39m [38;5;3m[RouterExplorer] [39m[32mMapped {/api/v1/employees/:id, DELETE} route[39m[38;5;3m +1ms[39m
[32m[Nest] 26768  - [39m22/09/2026, 21:01:23 [32m    LOG[39m [38;5;3m[RouterExplorer] [39m[32mMapped {/api/v1/employees/:id/roles, POST} route[39m[38;5;3m +0ms[39m
[32m[Nest] 26768  - [39m22/09/2026, 21:01:23 [32m    LOG[39m [38;5;3m[RouterExplorer] [39m[32mMapped {/api/v1/employees/:id/roles/remove, POST} route[39m[38;5;3m +0ms[39m
[32m[Nest] 26768  - [39m22/09/2026, 21:01:23 [32m    LOG[39m [38;5;3m[RoutesResolver] [39m[32mVendorController {/api/v1/vendors}:[39m[38;5;3m +0ms[39m
[32m[Nest] 26768  - [39m22/09/2026, 21:01:23 [32m    LOG[39m [38;5;3m[RoutesResolver] [39m[32mAppointmentController {/api/v1/appointments}:[39m[38;5;3m +0ms[39m
[32m[Nest] 26768  - [39m22/09/2026, 21:01:23 [32m    LOG[39m [38;5;3m[RoutesResolver] [39m[32mNotificationController {/api/v1/notifications}:[39m[38;5;3m +0ms[39m
[32m[Nest] 26768  - [39m22/09/2026, 21:01:23 [32m    LOG[39m [38;5;3m[RoutesResolver] [39m[32mAiController {/api/v1/ai}:[39m[38;5;3m +0ms[39m
[32m[Nest] 26768  - [39m22/09/2026, 21:01:23 [32m    LOG[39m [38;5;3m[RoutesResolver] [39m[32mDashboardController {/api/v1/dashboard}:[39m[38;5;3m +0ms[39m
[32m[Nest] 26768  - [39m22/09/2026, 21:01:23 [32m    LOG[39m [38;5;3m[RouterExplorer] [39m[32mMapped {/api/v1/dashboard/stats, GET} route[39m[38;5;3m +1ms[39m
[32m[Nest] 26768  - [39m22/09/2026, 21:01:23 [32m    LOG[39m [38;5;3m[RoutesResolver] [39m[32mPosterController {/api/v1/posters}:[39m[38;5;3m +0ms[39m
[32m[Nest] 26768  - [39m22/09/2026, 21:01:23 [32m    LOG[39m [38;5;3m[RouterExplorer] [39m[32mMapped {/api/v1/posters/public, GET} route[39m[38;5;3m +0ms[39m
[32m[Nest] 26768  - [39m22/09/2026, 21:01:23 [32m    LOG[39m [38;5;3m[RouterExplorer] [39m[32mMapped {/api/v1/posters, GET} route[39m[38;5;3m +0ms[39m
[32m[Nest] 26768  - [39m22/09/2026, 21:01:23 [32m    LOG[39m [38;5;3m[RouterExplorer] [39m[32mMapped {/api/v1/posters, POST} route[39m[38;5;3m +0ms[39m
[32m[Nest] 26768  - [39m22/09/2026, 21:01:23 [32m    LOG[39m [38;5;3m[RouterExplorer] [39m[32mMapped {/api/v1/posters/:id, PATCH} route[39m[38;5;3m +0ms[39m
[32m[Nest] 26768  - [39m22/09/2026, 21:01:23 [32m    LOG[39m [38;5;3m[RouterExplorer] [39m[32mMapped {/api/v1/posters/:id/toggle, PATCH} route[39m[38;5;3m +0ms[39m
[32m[Nest] 26768  - [39m22/09/2026, 21:01:23 [32m    LOG[39m [38;5;3m[RouterExplorer] [39m[32mMapped {/api/v1/posters/:id, DELETE} route[39m[38;5;3m +1ms[39m
[32m[Nest] 26768  - [39m22/09/2026, 21:01:26 [32m    LOG[39m [38;5;3m[PrismaService] [39m[32mDatabase connected[39m
[32m[Nest] 26768  - [39m22/09/2026, 21:01:26 [32m    LOG[39m [38;5;3m[NestApplication] [39m[32mNest application successfully started[39m[38;5;3m +4ms[39m
[31m[Nest] 26768  - [39m22/09/2026, 21:01:26 [31m  ERROR[39m [38;5;3m[NestApplication] [39m[31mError: listen EADDRINUSE: address already in use :::4000[39m[38;5;3m +2ms[39m
node:net:1941
    const ex = new UVExceptionWithHostPort(err, 'listen', address, port);
               ^

Error: listen EADDRINUSE: address already in use :::4000
    at Server.setupListenHandle [as _listen2] (node:net:1941:16)
    at listenInCluster (node:net:1998:12)
    at Server.listen (node:net:2103:7)
    at ExpressAdapter.listen (C:\Users\david\Desktop\Projects\Ndukego Homes Gallery Project\node_modules\.pnpm\@nestjs+platform-express@11.1.28_@nestjs+common@11.1.28_class-transformer@0.5.1_class-validat_tmrpyvfpavunwigoq4yf4m43ry\node_modules\@nestjs\platform-express\adapters\express-adapter.js:115:32)
    at C:\Users\david\Desktop\Projects\Ndukego Homes Gallery Project\node_modules\.pnpm\@nestjs+core@11.1.28_@nestjs+common@11.1.28_class-transformer@0.5.1_class-validator@0.14.4_re_jbbxms5qftvp4gp3vkdoquda7y\node_modules\@nestjs\core\nest-application.js:190:30
    at new Promise (<anonymous>)
    at NestApplication.listen (C:\Users\david\Desktop\Projects\Ndukego Homes Gallery Project\node_modules\.pnpm\@nestjs+core@11.1.28_@nestjs+common@11.1.28_class-transformer@0.5.1_class-validator@0.14.4_re_jbbxms5qftvp4gp3vkdoquda7y\node_modules\@nestjs\core\nest-application.js:180:16)
    at async bootstrap (C:\Users\david\Desktop\Projects\Ndukego Homes Gallery Project\apps\api\src\main.ts:81:3) {
  code: 'EADDRINUSE',
  errno: -4091,
  syscall: 'listen',
  address: '::',
  port: 4000
}

Node.js v22.23.1
[2J[3J[H[[90m21:04:22[0m] File change detected. Starting incremental compilation...

[[90m21:04:22[0m] Found 0 errors. Watching for file changes.

[2J[3J[H[[90m21:04:24[0m] File change detected. Starting incremental compilation...

[32m[Nest] 8188  - [39m22/09/2026, 21:04:24 [32m    LOG[39m [38;5;3m[NestFactory] [39m[32mStarting Nest application...[39m
[32m[Nest] 8188  - [39m22/09/2026, 21:04:24 [32m    LOG[39m [38;5;3m[InstanceLoader] [39m[32mPrismaModule dependencies initialized[39m[38;5;3m +26ms[39m
[32m[Nest] 8188  - [39m22/09/2026, 21:04:24 [32m    LOG[39m [38;5;3m[InstanceLoader] [39m[32mPassportModule dependencies initialized[39m[38;5;3m +0ms[39m
[32m[Nest] 8188  - [39m22/09/2026, 21:04:24 [32m    LOG[39m [38;5;3m[InstanceLoader] [39m[32mConfigHostModule dependencies initialized[39m[38;5;3m +6ms[39m
[32m[Nest] 8188  - [39m22/09/2026, 21:04:24 [32m    LOG[39m [38;5;3m[InstanceLoader] [39m[32mThrottlerModule dependencies initialized[39m[38;5;3m +1ms[39m
[33m[Nest] 8188  - [39m22/09/2026, 21:04:24 [33m   WARN[39m [38;5;3m[EmailService] [39m[33mSMTP not configured — emails will be logged to console. Set SMTP_HOST, SMTP_USER, SMTP_PASS in .env to enable sending.[39m
[32m[Nest] 8188  - [39m22/09/2026, 21:04:24 [32m    LOG[39m [38;5;3m[InstanceLoader] [39m[32mConfigModule dependencies initialized[39m[38;5;3m +1ms[39m
[32m[Nest] 8188  - [39m22/09/2026, 21:04:24 [32m    LOG[39m [38;5;3m[InstanceLoader] [39m[32mConfigModule dependencies initialized[39m[38;5;3m +0ms[39m
[32m[Nest] 8188  - [39m22/09/2026, 21:04:24 [32m    LOG[39m [38;5;3m[InstanceLoader] [39m[32mNotificationModule dependencies initialized[39m[38;5;3m +1ms[39m
[32m[Nest] 8188  - [39m22/09/2026, 21:04:24 [32m    LOG[39m [38;5;3m[InstanceLoader] [39m[32mAiModule dependencies initialized[39m[38;5;3m +0ms[39m
[32m[Nest] 8188  - [39m22/09/2026, 21:04:24 [32m    LOG[39m [38;5;3m[InstanceLoader] [39m[32mEmailModule dependencies initialized[39m[38;5;3m +0ms[39m
[32m[Nest] 8188  - [39m22/09/2026, 21:04:24 [32m    LOG[39m [38;5;3m[InstanceLoader] [39m[32mStorageModule dependencies initialized[39m[38;5;3m +0ms[39m
[32m[Nest] 8188  - [39m22/09/2026, 21:04:24 [32m    LOG[39m [38;5;3m[InstanceLoader] [39m[32mJwtModule dependencies initialized[39m[38;5;3m +1ms[39m
[32m[Nest] 8188  - [39m22/09/2026, 21:04:24 [32m    LOG[39m [38;5;3m[InstanceLoader] [39m[32mVendorModule dependencies initialized[39m[38;5;3m +1ms[39m
[32m[Nest] 8188  - [39m22/09/2026, 21:04:24 [32m    LOG[39m [38;5;3m[InstanceLoader] [39m[32mAppointmentModule dependencies initialized[39m[38;5;3m +0ms[39m
[32m[Nest] 8188  - [39m22/09/2026, 21:04:24 [32m    LOG[39m [38;5;3m[InstanceLoader] [39m[32mEmployeeModule dependencies initialized[39m[38;5;3m +1ms[39m
[32m[Nest] 8188  - [39m22/09/2026, 21:04:24 [32m    LOG[39m [38;5;3m[InstanceLoader] [39m[32mDashboardModule dependencies initialized[39m[38;5;3m +0ms[39m
[32m[Nest] 8188  - [39m22/09/2026, 21:04:24 [32m    LOG[39m [38;5;3m[InstanceLoader] [39m[32mAuditModule dependencies initialized[39m[38;5;3m +1ms[39m
[32m[Nest] 8188  - [39m22/09/2026, 21:04:24 [32m    LOG[39m [38;5;3m[InstanceLoader] [39m[32mAppModule dependencies initialized[39m[38;5;3m +0ms[39m
[32m[Nest] 8188  - [39m22/09/2026, 21:04:24 [32m    LOG[39m [38;5;3m[InstanceLoader] [39m[32mCustomerModule dependencies initialized[39m[38;5;3m +0ms[39m
[32m[Nest] 8188  - [39m22/09/2026, 21:04:24 [32m    LOG[39m [38;5;3m[InstanceLoader] [39m[32mSaleModule dependencies initialized[39m[38;5;3m +0ms[39m
[32m[Nest] 8188  - [39m22/09/2026, 21:04:24 [32m    LOG[39m [38;5;3m[InstanceLoader] [39m[32mPaymentModule dependencies initialized[39m[38;5;3m +0ms[39m
[32m[Nest] 8188  - [39m22/09/2026, 21:04:24 [32m    LOG[39m [38;5;3m[InstanceLoader] [39m[32mInspectionModule dependencies initialized[39m[38;5;3m +0ms[39m
[32m[Nest] 8188  - [39m22/09/2026, 21:04:24 [32m    LOG[39m [38;5;3m[InstanceLoader] [39m[32mCompanyModule dependencies initialized[39m[38;5;3m +0ms[39m
[32m[Nest] 8188  - [39m22/09/2026, 21:04:24 [32m    LOG[39m [38;5;3m[InstanceLoader] [39m[32mReservationModule dependencies initialized[39m[38;5;3m +0ms[39m
[32m[Nest] 8188  - [39m22/09/2026, 21:04:24 [32m    LOG[39m [38;5;3m[InstanceLoader] [39m[32mDocumentModule dependencies initialized[39m[38;5;3m +0ms[39m
[32m[Nest] 8188  - [39m22/09/2026, 21:04:24 [32m    LOG[39m [38;5;3m[InstanceLoader] [39m[32mEstateModule dependencies initialized[39m[38;5;3m +0ms[39m
[32m[Nest] 8188  - [39m22/09/2026, 21:04:24 [32m    LOG[39m [38;5;3m[InstanceLoader] [39m[32mPropertyModule dependencies initialized[39m[38;5;3m +0ms[39m
[32m[Nest] 8188  - [39m22/09/2026, 21:04:24 [32m    LOG[39m [38;5;3m[InstanceLoader] [39m[32mPosterModule dependencies initialized[39m[38;5;3m +0ms[39m
[32m[Nest] 8188  - [39m22/09/2026, 21:04:24 [32m    LOG[39m [38;5;3m[InstanceLoader] [39m[32mAuthModule dependencies initialized[39m[38;5;3m +0ms[39m
[32m[Nest] 8188  - [39m22/09/2026, 21:04:24 [32m    LOG[39m [38;5;3m[RoutesResolver] [39m[32mHealthController {/api/v1/health}:[39m[38;5;3m +523ms[39m
[32m[Nest] 8188  - [39m22/09/2026, 21:04:24 [32m    LOG[39m [38;5;3m[RouterExplorer] [39m[32mMapped {/api/v1/health, GET} route[39m[38;5;3m +2ms[39m
[32m[Nest] 8188  - [39m22/09/2026, 21:04:24 [32m    LOG[39m [38;5;3m[RoutesResolver] [39m[32mAuditController {/api/v1/audit-logs}:[39m[38;5;3m +0ms[39m
[32m[Nest] 8188  - [39m22/09/2026, 21:04:24 [32m    LOG[39m [38;5;3m[RouterExplorer] [39m[32mMapped {/api/v1/audit-logs, GET} route[39m[38;5;3m +1ms[39m
[32m[Nest] 8188  - [39m22/09/2026, 21:04:24 [32m    LOG[39m [38;5;3m[RoutesResolver] [39m[32mAuthController {/api/v1/auth}:[39m[38;5;3m +0ms[39m
[32m[Nest] 8188  - [39m22/09/2026, 21:04:24 [32m    LOG[39m [38;5;3m[RouterExplorer] [39m[32mMapped {/api/v1/auth/login, POST} route[39m[38;5;3m +0ms[39m
[32m[Nest] 8188  - [39m22/09/2026, 21:04:24 [32m    LOG[39m [38;5;3m[RouterExplorer] [39m[32mMapped {/api/v1/auth/refresh, POST} route[39m[38;5;3m +0ms[39m
[32m[Nest] 8188  - [39m22/09/2026, 21:04:24 [32m    LOG[39m [38;5;3m[RouterExplorer] [39m[32mMapped {/api/v1/auth/logout, POST} route[39m[38;5;3m +0ms[39m
[32m[Nest] 8188  - [39m22/09/2026, 21:04:24 [32m    LOG[39m [38;5;3m[RouterExplorer] [39m[32mMapped {/api/v1/auth/change-password, POST} route[39m[38;5;3m +1ms[39m
[32m[Nest] 8188  - [39m22/09/2026, 21:04:24 [32m    LOG[39m [38;5;3m[RouterExplorer] [39m[32mMapped {/api/v1/auth/me, POST} route[39m[38;5;3m +0ms[39m
[32m[Nest] 8188  - [39m22/09/2026, 21:04:24 [32m    LOG[39m [38;5;3m[RouterExplorer] [39m[32mMapped {/api/v1/auth/super/login, POST} route[39m[38;5;3m +0ms[39m
[32m[Nest] 8188  - [39m22/09/2026, 21:04:24 [32m    LOG[39m [38;5;3m[RouterExplorer] [39m[32mMapped {/api/v1/auth/customer/register, POST} route[39m[38;5;3m +0ms[39m
[32m[Nest] 8188  - [39m22/09/2026, 21:04:24 [32m    LOG[39m [38;5;3m[RouterExplorer] [39m[32mMapped {/api/v1/auth/customer/login, POST} route[39m[38;5;3m +0ms[39m
[32m[Nest] 8188  - [39m22/09/2026, 21:04:24 [32m    LOG[39m [38;5;3m[RouterExplorer] [39m[32mMapped {/api/v1/auth/customer/me, GET} route[39m[38;5;3m +1ms[39m
[32m[Nest] 8188  - [39m22/09/2026, 21:04:24 [32m    LOG[39m [38;5;3m[RouterExplorer] [39m[32mMapped {/api/v1/auth/customer/profile, PATCH} route[39m[38;5;3m +0ms[39m
[32m[Nest] 8188  - [39m22/09/2026, 21:04:24 [32m    LOG[39m [38;5;3m[RoutesResolver] [39m[32mCompanyController {/api/v1/companies}:[39m[38;5;3m +0ms[39m
[32m[Nest] 8188  - [39m22/09/2026, 21:04:24 [32m    LOG[39m [38;5;3m[RouterExplorer] [39m[32mMapped {/api/v1/companies, POST} route[39m[38;5;3m +0ms[39m
[32m[Nest] 8188  - [39m22/09/2026, 21:04:24 [32m    LOG[39m [38;5;3m[RouterExplorer] [39m[32mMapped {/api/v1/companies, GET} route[39m[38;5;3m +0ms[39m
[32m[Nest] 8188  - [39m22/09/2026, 21:04:24 [32m    LOG[39m [38;5;3m[RouterExplorer] [39m[32mMapped {/api/v1/companies/departments, GET} route[39m[38;5;3m +0ms[39m
[32m[Nest] 8188  - [39m22/09/2026, 21:04:24 [32m    LOG[39m [38;5;3m[RouterExplorer] [39m[32mMapped {/api/v1/companies/:id, GET} route[39m[38;5;3m +1ms[39m
[32m[Nest] 8188  - [39m22/09/2026, 21:04:24 [32m    LOG[39m [38;5;3m[RouterExplorer] [39m[32mMapped {/api/v1/companies/:id, PATCH} route[39m[38;5;3m +0ms[39m
[32m[Nest] 8188  - [39m22/09/2026, 21:04:24 [32m    LOG[39m [38;5;3m[RouterExplorer] [39m[32mMapped {/api/v1/companies/:id/branches, POST} route[39m[38;5;3m +0ms[39m
[32m[Nest] 8188  - [39m22/09/2026, 21:04:24 [32m    LOG[39m [38;5;3m[RouterExplorer] [39m[32mMapped {/api/v1/companies/branches/:branchId, PATCH} route[39m[38;5;3m +0ms[39m
[32m[Nest] 8188  - [39m22/09/2026, 21:04:24 [32m    LOG[39m [38;5;3m[RouterExplorer] [39m[32mMapped {/api/v1/companies/branches/:branchId, DELETE} route[39m[38;5;3m +0ms[39m
[32m[Nest] 8188  - [39m22/09/2026, 21:04:24 [32m    LOG[39m [38;5;3m[RouterExplorer] [39m[32mMapped {/api/v1/companies/departments, POST} route[39m[38;5;3m +0ms[39m
[32m[Nest] 8188  - [39m22/09/2026, 21:04:24 [32m    LOG[39m [38;5;3m[RouterExplorer] [39m[32mMapped {/api/v1/companies/departments/:id, PATCH} route[39m[38;5;3m +0ms[39m
[32m[Nest] 8188  - [39m22/09/2026, 21:04:24 [32m    LOG[39m [38;5;3m[RouterExplorer] [39m[32mMapped {/api/v1/companies/departments/:id, DELETE} route[39m[38;5;3m +0ms[39m
[32m[Nest] 8188  - [39m22/09/2026, 21:04:24 [32m    LOG[39m [38;5;3m[RoutesResolver] [39m[32mEstateController {/api/v1/estates}:[39m[38;5;3m +0ms[39m
[32m[Nest] 8188  - [39m22/09/2026, 21:04:24 [32m    LOG[39m [38;5;3m[RouterExplorer] [39m[32mMapped {/api/v1/estates/public, GET} route[39m[38;5;3m +1ms[39m
[32m[Nest] 8188  - [39m22/09/2026, 21:04:24 [32m    LOG[39m [38;5;3m[RouterExplorer] [39m[32mMapped {/api/v1/estates, GET} route[39m[38;5;3m +0ms[39m
[32m[Nest] 8188  - [39m22/09/2026, 21:04:24 [32m    LOG[39m [38;5;3m[RouterExplorer] [39m[32mMapped {/api/v1/estates/:id, GET} route[39m[38;5;3m +0ms[39m
[32m[Nest] 8188  - [39m22/09/2026, 21:04:24 [32m    LOG[39m [38;5;3m[RouterExplorer] [39m[32mMapped {/api/v1/estates, POST} route[39m[38;5;3m +0ms[39m
[32m[Nest] 8188  - [39m22/09/2026, 21:04:24 [32m    LOG[39m [38;5;3m[RouterExplorer] [39m[32mMapped {/api/v1/estates/:id, PATCH} route[39m[38;5;3m +0ms[39m
[32m[Nest] 8188  - [39m22/09/2026, 21:04:24 [32m    LOG[39m [38;5;3m[RouterExplorer] [39m[32mMapped {/api/v1/estates/:id/phases, POST} route[39m[38;5;3m +0ms[39m
[32m[Nest] 8188  - [39m22/09/2026, 21:04:24 [32m    LOG[39m [38;5;3m[RouterExplorer] [39m[32mMapped {/api/v1/estates/:id/blocks, POST} route[39m[38;5;3m +0ms[39m
[32m[Nest] 8188  - [39m22/09/2026, 21:04:24 [32m    LOG[39m [38;5;3m[RouterExplorer] [39m[32mMapped {/api/v1/estates/:id/infrastructure, POST} route[39m[38;5;3m +0ms[39m
[32m[Nest] 8188  - [39m22/09/2026, 21:04:24 [32m    LOG[39m [38;5;3m[RouterExplorer] [39m[32mMapped {/api/v1/estates/:id/site-plan, POST} route[39m[38;5;3m +0ms[39m
[32m[Nest] 8188  - [39m22/09/2026, 21:04:24 [32m    LOG[39m [38;5;3m[RouterExplorer] [39m[32mMapped {/api/v1/estates/:id/building-types, PATCH} route[39m[38;5;3m +0ms[39m
[32m[Nest] 8188  - [39m22/09/2026, 21:04:24 [32m    LOG[39m [38;5;3m[RouterExplorer] [39m[32mMapped {/api/v1/estates/:id/building-type-image/:typeId, POST} route[39m[38;5;3m +0ms[39m
[32m[Nest] 8188  - [39m22/09/2026, 21:04:24 [32m    LOG[39m [38;5;3m[RouterExplorer] [39m[32mMapped {/api/v1/estates/:id/building-type-image/:typeId/:filename, DELETE} route[39m[38;5;3m +1ms[39m
[32m[Nest] 8188  - [39m22/09/2026, 21:04:24 [32m    LOG[39m [38;5;3m[RouterExplorer] [39m[32mMapped {/api/v1/estates/:id/permanent, DELETE} route[39m[38;5;3m +0ms[39m
[32m[Nest] 8188  - [39m22/09/2026, 21:04:24 [32m    LOG[39m [38;5;3m[RoutesResolver] [39m[32mPropertyController {/api/v1/properties}:[39m[38;5;3m +0ms[39m
[32m[Nest] 8188  - [39m22/09/2026, 21:04:24 [32m    LOG[39m [38;5;3m[RouterExplorer] [39m[32mMapped {/api/v1/properties/public, GET} route[39m[38;5;3m +0ms[39m
[32m[Nest] 8188  - [39m22/09/2026, 21:04:24 [32m    LOG[39m [38;5;3m[RouterExplorer] [39m[32mMapped {/api/v1/properties/public/:id, GET} route[39m[38;5;3m +0ms[39m
[32m[Nest] 8188  - [39m22/09/2026, 21:04:24 [32m    LOG[39m [38;5;3m[RouterExplorer] [39m[32mMapped {/api/v1/properties/public/inquiry, POST} route[39m[38;5;3m +0ms[39m
[32m[Nest] 8188  - [39m22/09/2026, 21:04:24 [32m    LOG[39m [38;5;3m[RouterExplorer] [39m[32mMapped {/api/v1/properties, GET} route[39m[38;5;3m +0ms[39m
[32m[Nest] 8188  - [39m22/09/2026, 21:04:24 [32m    LOG[39m [38;5;3m[RouterExplorer] [39m[32mMapped {/api/v1/properties/admin/inquiries, GET} route[39m[38;5;3m +0ms[39m
[32m[Nest] 8188  - [39m22/09/2026, 21:04:24 [32m    LOG[39m [38;5;3m[RouterExplorer] [39m[32mMapped {/api/v1/properties/admin/inquiries/:id/status, PATCH} route[39m[38;5;3m +0ms[39m
[32m[Nest] 8188  - [39m22/09/2026, 21:04:24 [32m    LOG[39m [38;5;3m[RouterExplorer] [39m[32mMapped {/api/v1/properties/admin/inquiries/:id/notes, PATCH} route[39m[38;5;3m +0ms[39m
[32m[Nest] 8188  - [39m22/09/2026, 21:04:24 [32m    LOG[39m [38;5;3m[RouterExplorer] [39m[32mMapped {/api/v1/properties/admin/inquiries/:id/convert, POST} route[39m[38;5;3m +0ms[39m
[32m[Nest] 8188  - [39m22/09/2026, 21:04:24 [32m    LOG[39m [38;5;3m[RouterExplorer] [39m[32mMapped {/api/v1/properties/:id, GET} route[39m[38;5;3m +0ms[39m
[32m[Nest] 8188  - [39m22/09/2026, 21:04:24 [32m    LOG[39m [38;5;3m[RouterExplorer] [39m[32mMapped {/api/v1/properties, POST} route[39m[38;5;3m +1ms[39m
[32m[Nest] 8188  - [39m22/09/2026, 21:04:24 [32m    LOG[39m [38;5;3m[RouterExplorer] [39m[32mMapped {/api/v1/properties/:id, PATCH} route[39m[38;5;3m +0ms[39m
[32m[Nest] 8188  - [39m22/09/2026, 21:04:24 [32m    LOG[39m [38;5;3m[RouterExplorer] [39m[32mMapped {/api/v1/properties/:id/status, POST} route[39m[38;5;3m +0ms[39m
[32m[Nest] 8188  - [39m22/09/2026, 21:04:24 [32m    LOG[39m [38;5;3m[RouterExplorer] [39m[32mMapped {/api/v1/properties/:id, DELETE} route[39m[38;5;3m +0ms[39m
[32m[Nest] 8188  - [39m22/09/2026, 21:04:24 [32m    LOG[39m [38;5;3m[RouterExplorer] [39m[32mMapped {/api/v1/properties/:id/permanent, DELETE} route[39m[38;5;3m +0ms[39m
[32m[Nest] 8188  - [39m22/09/2026, 21:04:24 [32m    LOG[39m [38;5;3m[RouterExplorer] [39m[32mMapped {/api/v1/properties/:id/media, POST} route[39m[38;5;3m +0ms[39m
[32m[Nest] 8188  - [39m22/09/2026, 21:04:24 [32m    LOG[39m [38;5;3m[RouterExplorer] [39m[32mMapped {/api/v1/properties/:id/media/:mediaId, DELETE} route[39m[38;5;3m +0ms[39m
[32m[Nest] 8188  - [39m22/09/2026, 21:04:24 [32m    LOG[39m [38;5;3m[RouterExplorer] [39m[32mMapped {/api/v1/properties/:id/media/:mediaId/cover, PATCH} route[39m[38;5;3m +0ms[39m
[32m[Nest] 8188  - [39m22/09/2026, 21:04:24 [32m    LOG[39m [38;5;3m[RouterExplorer] [39m[32mMapped {/api/v1/properties/:id/favorite, POST} route[39m[38;5;3m +0ms[39m
[32m[Nest] 8188  - [39m22/09/2026, 21:04:24 [32m    LOG[39m [38;5;3m[RouterExplorer] [39m[32mMapped {/api/v1/properties/:id/favorite-status, GET} route[39m[38;5;3m +0ms[39m
[32m[Nest] 8188  - [39m22/09/2026, 21:04:24 [32m    LOG[39m [38;5;3m[RoutesResolver] [39m[32mCustomerController {/api/v1/customers}:[39m[38;5;3m +0ms[39m
[32m[Nest] 8188  - [39m22/09/2026, 21:04:24 [32m    LOG[39m [38;5;3m[RouterExplorer] [39m[32mMapped {/api/v1/customers, GET} route[39m[38;5;3m +0ms[39m
[32m[Nest] 8188  - [39m22/09/2026, 21:04:24 [32m    LOG[39m [38;5;3m[RouterExplorer] [39m[32mMapped {/api/v1/customers/:id, GET} route[39m[38;5;3m +0ms[39m
[32m[Nest] 8188  - [39m22/09/2026, 21:04:24 [32m    LOG[39m [38;5;3m[RouterExplorer] [39m[32mMapped {/api/v1/customers, POST} route[39m[38;5;3m +1ms[39m
[32m[Nest] 8188  - [39m22/09/2026, 21:04:24 [32m    LOG[39m [38;5;3m[RouterExplorer] [39m[32mMapped {/api/v1/customers/:id, PATCH} route[39m[38;5;3m +0ms[39m
[32m[Nest] 8188  - [39m22/09/2026, 21:04:24 [32m    LOG[39m [38;5;3m[RouterExplorer] [39m[32mMapped {/api/v1/customers/:id/deactivate, POST} route[39m[38;5;3m +0ms[39m
[32m[Nest] 8188  - [39m22/09/2026, 21:04:24 [32m    LOG[39m [38;5;3m[RouterExplorer] [39m[32mMapped {/api/v1/customers/:id/activate, POST} route[39m[38;5;3m +0ms[39m
[32m[Nest] 8188  - [39m22/09/2026, 21:04:24 [32m    LOG[39m [38;5;3m[RouterExplorer] [39m[32mMapped {/api/v1/customers/:id, DELETE} route[39m[38;5;3m +0ms[39m
[32m[Nest] 8188  - [39m22/09/2026, 21:04:24 [32m    LOG[39m [38;5;3m[RoutesResolver] [39m[32mReservationController {/api/v1/reservations}:[39m[38;5;3m +0ms[39m
[32m[Nest] 8188  - [39m22/09/2026, 21:04:24 [32m    LOG[39m [38;5;3m[RouterExplorer] [39m[32mMapped {/api/v1/reservations/public, POST} route[39m[38;5;3m +0ms[39m
[32m[Nest] 8188  - [39m22/09/2026, 21:04:24 [32m    LOG[39m [38;5;3m[RouterExplorer] [39m[32mMapped {/api/v1/reservations, GET} route[39m[38;5;3m +0ms[39m
[32m[Nest] 8188  - [39m22/09/2026, 21:04:24 [32m    LOG[39m [38;5;3m[RouterExplorer] [39m[32mMapped {/api/v1/reservations/mine, GET} route[39m[38;5;3m +0ms[39m
[32m[Nest] 8188  - [39m22/09/2026, 21:04:24 [32m    LOG[39m [38;5;3m[RouterExplorer] [39m[32mMapped {/api/v1/reservations/:id, GET} route[39m[38;5;3m +0ms[39m
[32m[Nest] 8188  - [39m22/09/2026, 21:04:24 [32m    LOG[39m [38;5;3m[RouterExplorer] [39m[32mMapped {/api/v1/reservations/:id/timeline, GET} route[39m[38;5;3m +0ms[39m
[32m[Nest] 8188  - [39m22/09/2026, 21:04:24 [32m    LOG[39m [38;5;3m[RouterExplorer] [39m[32mMapped {/api/v1/reservations/:id/status, PATCH} route[39m[38;5;3m +0ms[39m
[32m[Nest] 8188  - [39m22/09/2026, 21:04:24 [32m    LOG[39m [38;5;3m[RoutesResolver] [39m[32mSaleController {/api/v1/sales}:[39m[38;5;3m +0ms[39m
[32m[Nest] 8188  - [39m22/09/2026, 21:04:24 [32m    LOG[39m [38;5;3m[RouterExplorer] [39m[32mMapped {/api/v1/sales, GET} route[39m[38;5;3m +0ms[39m
[32m[Nest] 8188  - [39m22/09/2026, 21:04:24 [32m    LOG[39m [38;5;3m[RouterExplorer] [39m[32mMapped {/api/v1/sales/:id, GET} route[39m[38;5;3m +0ms[39m
[32m[Nest] 8188  - [39m22/09/2026, 21:04:24 [32m    LOG[39m [38;5;3m[RouterExplorer] [39m[32mMapped {/api/v1/sales, POST} route[39m[38;5;3m +1ms[39m
[32m[Nest] 8188  - [39m22/09/2026, 21:04:24 [32m    LOG[39m [38;5;3m[RouterExplorer] [39m[32mMapped {/api/v1/sales/:id/status, PATCH} route[39m[38;5;3m +0ms[39m
[32m[Nest] 8188  - [39m22/09/2026, 21:04:24 [32m    LOG[39m [38;5;3m[RoutesResolver] [39m[32mPaymentController {/api/v1/payments}:[39m[38;5;3m +0ms[39m
[32m[Nest] 8188  - [39m22/09/2026, 21:04:24 [32m    LOG[39m [38;5;3m[RouterExplorer] [39m[32mMapped {/api/v1/payments, POST} route[39m[38;5;3m +0ms[39m
[32m[Nest] 8188  - [39m22/09/2026, 21:04:24 [32m    LOG[39m [38;5;3m[RouterExplorer] [39m[32mMapped {/api/v1/payments, GET} route[39m[38;5;3m +0ms[39m
[32m[Nest] 8188  - [39m22/09/2026, 21:04:24 [32m    LOG[39m [38;5;3m[RouterExplorer] [39m[32mMapped {/api/v1/payments/:id, GET} route[39m[38;5;3m +0ms[39m
[32m[Nest] 8188  - [39m22/09/2026, 21:04:24 [32m    LOG[39m [38;5;3m[RouterExplorer] [39m[32mMapped {/api/v1/payments/:id/verify, PATCH} route[39m[38;5;3m +0ms[39m
[32m[Nest] 8188  - [39m22/09/2026, 21:04:24 [32m    LOG[39m [38;5;3m[RouterExplorer] [39m[32mMapped {/api/v1/payments/:id/reject, PATCH} route[39m[38;5;3m +0ms[39m
[32m[Nest] 8188  - [39m22/09/2026, 21:04:24 [32m    LOG[39m [38;5;3m[RoutesResolver] [39m[32mInspectionController {/api/v1/inspections}:[39m[38;5;3m +0ms[39m
[32m[Nest] 8188  - [39m22/09/2026, 21:04:24 [32m    LOG[39m [38;5;3m[RouterExplorer] [39m[32mMapped {/api/v1/inspections, POST} route[39m[38;5;3m +0ms[39m
[32m[Nest] 8188  - [39m22/09/2026, 21:04:24 [32m    LOG[39m [38;5;3m[RouterExplorer] [39m[32mMapped {/api/v1/inspections, GET} route[39m[38;5;3m +0ms[39m
[32m[Nest] 8188  - [39m22/09/2026, 21:04:24 [32m    LOG[39m [38;5;3m[RouterExplorer] [39m[32mMapped {/api/v1/inspections/:id, GET} route[39m[38;5;3m +0ms[39m
[32m[Nest] 8188  - [39m22/09/2026, 21:04:24 [32m    LOG[39m [38;5;3m[RouterExplorer] [39m[32mMapped {/api/v1/inspections/:id/start, PATCH} route[39m[38;5;3m +0ms[39m
[32m[Nest] 8188  - [39m22/09/2026, 21:04:24 [32m    LOG[39m [38;5;3m[RouterExplorer] [39m[32mMapped {/api/v1/inspections/:id/complete, PATCH} route[39m[38;5;3m +0ms[39m
[32m[Nest] 8188  - [39m22/09/2026, 21:04:24 [32m    LOG[39m [38;5;3m[RouterExplorer] [39m[32mMapped {/api/v1/inspections/:id/cancel, PATCH} route[39m[38;5;3m +0ms[39m
[32m[Nest] 8188  - [39m22/09/2026, 21:04:24 [32m    LOG[39m [38;5;3m[RouterExplorer] [39m[32mMapped {/api/v1/inspections/:id/fail, PATCH} route[39m[38;5;3m +1ms[39m
[32m[Nest] 8188  - [39m22/09/2026, 21:04:24 [32m    LOG[39m [38;5;3m[RoutesResolver] [39m[32mDocumentController {/api/v1/documents}:[39m[38;5;3m +0ms[39m
[32m[Nest] 8188  - [39m22/09/2026, 21:04:24 [32m    LOG[39m [38;5;3m[RouterExplorer] [39m[32mMapped {/api/v1/documents/upload, POST} route[39m[38;5;3m +0ms[39m
[32m[Nest] 8188  - [39m22/09/2026, 21:04:24 [32m    LOG[39m [38;5;3m[RouterExplorer] [39m[32mMapped {/api/v1/documents, GET} route[39m[38;5;3m +0ms[39m
[32m[Nest] 8188  - [39m22/09/2026, 21:04:24 [32m    LOG[39m [38;5;3m[RouterExplorer] [39m[32mMapped {/api/v1/documents/:id, GET} route[39m[38;5;3m +0ms[39m
[32m[Nest] 8188  - [39m22/09/2026, 21:04:24 [32m    LOG[39m [38;5;3m[RouterExplorer] [39m[32mMapped {/api/v1/documents/:id/download, GET} route[39m[38;5;3m +0ms[39m
[32m[Nest] 8188  - [39m22/09/2026, 21:04:24 [32m    LOG[39m [38;5;3m[RouterExplorer] [39m[32mMapped {/api/v1/documents/:id/status, PATCH} route[39m[38;5;3m +0ms[39m
[32m[Nest] 8188  - [39m22/09/2026, 21:04:24 [32m    LOG[39m [38;5;3m[RouterExplorer] [39m[32mMapped {/api/v1/documents/:id, DELETE} route[39m[38;5;3m +0ms[39m
[32m[Nest] 8188  - [39m22/09/2026, 21:04:24 [32m    LOG[39m [38;5;3m[RoutesResolver] [39m[32mEmployeeController {/api/v1/employees}:[39m[38;5;3m +0ms[39m
[32m[Nest] 8188  - [39m22/09/2026, 21:04:24 [32m    LOG[39m [38;5;3m[RouterExplorer] [39m[32mMapped {/api/v1/employees, GET} route[39m[38;5;3m +0ms[39m
[32m[Nest] 8188  - [39m22/09/2026, 21:04:24 [32m    LOG[39m [38;5;3m[RouterExplorer] [39m[32mMapped {/api/v1/employees/departments, GET} route[39m[38;5;3m +0ms[39m
[32m[Nest] 8188  - [39m22/09/2026, 21:04:24 [32m    LOG[39m [38;5;3m[RouterExplorer] [39m[32mMapped {/api/v1/employees/roles, GET} route[39m[38;5;3m +0ms[39m
[32m[Nest] 8188  - [39m22/09/2026, 21:04:24 [32m    LOG[39m [38;5;3m[RouterExplorer] [39m[32mMapped {/api/v1/employees/:id, GET} route[39m[38;5;3m +0ms[39m
[32m[Nest] 8188  - [39m22/09/2026, 21:04:24 [32m    LOG[39m [38;5;3m[RouterExplorer] [39m[32mMapped {/api/v1/employees, POST} route[39m[38;5;3m +0ms[39m
[32m[Nest] 8188  - [39m22/09/2026, 21:04:24 [32m    LOG[39m [38;5;3m[RouterExplorer] [39m[32mMapped {/api/v1/employees/:id, PATCH} route[39m[38;5;3m +0ms[39m
[32m[Nest] 8188  - [39m22/09/2026, 21:04:24 [32m    LOG[39m [38;5;3m[RouterExplorer] [39m[32mMapped {/api/v1/employees/:id, DELETE} route[39m[38;5;3m +1ms[39m
[32m[Nest] 8188  - [39m22/09/2026, 21:04:24 [32m    LOG[39m [38;5;3m[RouterExplorer] [39m[32mMapped {/api/v1/employees/:id/roles, POST} route[39m[38;5;3m +0ms[39m
[32m[Nest] 8188  - [39m22/09/2026, 21:04:24 [32m    LOG[39m [38;5;3m[RouterExplorer] [39m[32mMapped {/api/v1/employees/:id/roles/remove, POST} route[39m[38;5;3m +0ms[39m
[32m[Nest] 8188  - [39m22/09/2026, 21:04:24 [32m    LOG[39m [38;5;3m[RoutesResolver] [39m[32mVendorController {/api/v1/vendors}:[39m[38;5;3m +0ms[39m
[32m[Nest] 8188  - [39m22/09/2026, 21:04:24 [32m    LOG[39m [38;5;3m[RoutesResolver] [39m[32mAppointmentController {/api/v1/appointments}:[39m[38;5;3m +0ms[39m
[32m[Nest] 8188  - [39m22/09/2026, 21:04:24 [32m    LOG[39m [38;5;3m[RoutesResolver] [39m[32mNotificationController {/api/v1/notifications}:[39m[38;5;3m +0ms[39m
[32m[Nest] 8188  - [39m22/09/2026, 21:04:24 [32m    LOG[39m [38;5;3m[RoutesResolver] [39m[32mAiController {/api/v1/ai}:[39m[38;5;3m +0ms[39m
[32m[Nest] 8188  - [39m22/09/2026, 21:04:24 [32m    LOG[39m [38;5;3m[RoutesResolver] [39m[32mDashboardController {/api/v1/dashboard}:[39m[38;5;3m +0ms[39m
[32m[Nest] 8188  - [39m22/09/2026, 21:04:24 [32m    LOG[39m [38;5;3m[RouterExplorer] [39m[32mMapped {/api/v1/dashboard/stats, GET} route[39m[38;5;3m +0ms[39m
[32m[Nest] 8188  - [39m22/09/2026, 21:04:24 [32m    LOG[39m [38;5;3m[RoutesResolver] [39m[32mPosterController {/api/v1/posters}:[39m[38;5;3m +0ms[39m
[32m[Nest] 8188  - [39m22/09/2026, 21:04:24 [32m    LOG[39m [38;5;3m[RouterExplorer] [39m[32mMapped {/api/v1/posters/public, GET} route[39m[38;5;3m +0ms[39m
[32m[Nest] 8188  - [39m22/09/2026, 21:04:24 [32m    LOG[39m [38;5;3m[RouterExplorer] [39m[32mMapped {/api/v1/posters, GET} route[39m[38;5;3m +0ms[39m
[32m[Nest] 8188  - [39m22/09/2026, 21:04:24 [32m    LOG[39m [38;5;3m[RouterExplorer] [39m[32mMapped {/api/v1/posters, POST} route[39m[38;5;3m +0ms[39m
[32m[Nest] 8188  - [39m22/09/2026, 21:04:24 [32m    LOG[39m [38;5;3m[RouterExplorer] [39m[32mMapped {/api/v1/posters/:id, PATCH} route[39m[38;5;3m +0ms[39m
[32m[Nest] 8188  - [39m22/09/2026, 21:04:24 [32m    LOG[39m [38;5;3m[RouterExplorer] [39m[32mMapped {/api/v1/posters/:id/toggle, PATCH} route[39m[38;5;3m +0ms[39m
[32m[Nest] 8188  - [39m22/09/2026, 21:04:24 [32m    LOG[39m [38;5;3m[RouterExplorer] [39m[32mMapped {/api/v1/posters/:id, DELETE} route[39m[38;5;3m +0ms[39m
[[90m21:04:25[0m] Found 0 errors. Watching for file changes.

[32m[Nest] 34784  - [39m22/09/2026, 21:04:26 [32m    LOG[39m [38;5;3m[NestFactory] [39m[32mStarting Nest application...[39m
[32m[Nest] 34784  - [39m22/09/2026, 21:04:26 [32m    LOG[39m [38;5;3m[InstanceLoader] [39m[32mPrismaModule dependencies initialized[39m[38;5;3m +26ms[39m
[32m[Nest] 34784  - [39m22/09/2026, 21:04:26 [32m    LOG[39m [38;5;3m[InstanceLoader] [39m[32mPassportModule dependencies initialized[39m[38;5;3m +0ms[39m
[32m[Nest] 34784  - [39m22/09/2026, 21:04:26 [32m    LOG[39m [38;5;3m[InstanceLoader] [39m[32mConfigHostModule dependencies initialized[39m[38;5;3m +6ms[39m
[32m[Nest] 34784  - [39m22/09/2026, 21:04:26 [32m    LOG[39m [38;5;3m[InstanceLoader] [39m[32mThrottlerModule dependencies initialized[39m[38;5;3m +0ms[39m
[33m[Nest] 34784  - [39m22/09/2026, 21:04:26 [33m   WARN[39m [38;5;3m[EmailService] [39m[33mSMTP not configured — emails will be logged to console. Set SMTP_HOST, SMTP_USER, SMTP_PASS in .env to enable sending.[39m
[32m[Nest] 34784  - [39m22/09/2026, 21:04:26 [32m    LOG[39m [38;5;3m[InstanceLoader] [39m[32mConfigModule dependencies initialized[39m[38;5;3m +0ms[39m
[32m[Nest] 34784  - [39m22/09/2026, 21:04:26 [32m    LOG[39m [38;5;3m[InstanceLoader] [39m[32mConfigModule dependencies initialized[39m[38;5;3m +0ms[39m
[32m[Nest] 34784  - [39m22/09/2026, 21:04:26 [32m    LOG[39m [38;5;3m[InstanceLoader] [39m[32mNotificationModule dependencies initialized[39m[38;5;3m +1ms[39m
[32m[Nest] 34784  - [39m22/09/2026, 21:04:26 [32m    LOG[39m [38;5;3m[InstanceLoader] [39m[32mAiModule dependencies initialized[39m[38;5;3m +0ms[39m
[32m[Nest] 34784  - [39m22/09/2026, 21:04:26 [32m    LOG[39m [38;5;3m[InstanceLoader] [39m[32mEmailModule dependencies initialized[39m[38;5;3m +1ms[39m
[32m[Nest] 34784  - [39m22/09/2026, 21:04:26 [32m    LOG[39m [38;5;3m[InstanceLoader] [39m[32mStorageModule dependencies initialized[39m[38;5;3m +0ms[39m
[32m[Nest] 34784  - [39m22/09/2026, 21:04:26 [32m    LOG[39m [38;5;3m[InstanceLoader] [39m[32mJwtModule dependencies initialized[39m[38;5;3m +0ms[39m
[32m[Nest] 34784  - [39m22/09/2026, 21:04:26 [32m    LOG[39m [38;5;3m[InstanceLoader] [39m[32mVendorModule dependencies initialized[39m[38;5;3m +1ms[39m
[32m[Nest] 34784  - [39m22/09/2026, 21:04:26 [32m    LOG[39m [38;5;3m[InstanceLoader] [39m[32mAppointmentModule dependencies initialized[39m[38;5;3m +0ms[39m
[32m[Nest] 34784  - [39m22/09/2026, 21:04:26 [32m    LOG[39m [38;5;3m[InstanceLoader] [39m[32mEmployeeModule dependencies initialized[39m[38;5;3m +1ms[39m
[32m[Nest] 34784  - [39m22/09/2026, 21:04:26 [32m    LOG[39m [38;5;3m[InstanceLoader] [39m[32mDashboardModule dependencies initialized[39m[38;5;3m +0ms[39m
[32m[Nest] 34784  - [39m22/09/2026, 21:04:26 [32m    LOG[39m [38;5;3m[InstanceLoader] [39m[32mAuditModule dependencies initialized[39m[38;5;3m +0ms[39m
[32m[Nest] 34784  - [39m22/09/2026, 21:04:26 [32m    LOG[39m [38;5;3m[InstanceLoader] [39m[32mAppModule dependencies initialized[39m[38;5;3m +0ms[39m
[32m[Nest] 34784  - [39m22/09/2026, 21:04:26 [32m    LOG[39m [38;5;3m[InstanceLoader] [39m[32mCustomerModule dependencies initialized[39m[38;5;3m +0ms[39m
[32m[Nest] 34784  - [39m22/09/2026, 21:04:26 [32m    LOG[39m [38;5;3m[InstanceLoader] [39m[32mSaleModule dependencies initialized[39m[38;5;3m +0ms[39m
[32m[Nest] 34784  - [39m22/09/2026, 21:04:26 [32m    LOG[39m [38;5;3m[InstanceLoader] [39m[32mPaymentModule dependencies initialized[39m[38;5;3m +0ms[39m
[32m[Nest] 34784  - [39m22/09/2026, 21:04:26 [32m    LOG[39m [38;5;3m[InstanceLoader] [39m[32mInspectionModule dependencies initialized[39m[38;5;3m +0ms[39m
[32m[Nest] 34784  - [39m22/09/2026, 21:04:26 [32m    LOG[39m [38;5;3m[InstanceLoader] [39m[32mCompanyModule dependencies initialized[39m[38;5;3m +0ms[39m
[32m[Nest] 34784  - [39m22/09/2026, 21:04:26 [32m    LOG[39m [38;5;3m[InstanceLoader] [39m[32mReservationModule dependencies initialized[39m[38;5;3m +0ms[39m
[32m[Nest] 34784  - [39m22/09/2026, 21:04:26 [32m    LOG[39m [38;5;3m[InstanceLoader] [39m[32mDocumentModule dependencies initialized[39m[38;5;3m +1ms[39m
[32m[Nest] 34784  - [39m22/09/2026, 21:04:26 [32m    LOG[39m [38;5;3m[InstanceLoader] [39m[32mEstateModule dependencies initialized[39m[38;5;3m +0ms[39m
[32m[Nest] 34784  - [39m22/09/2026, 21:04:26 [32m    LOG[39m [38;5;3m[InstanceLoader] [39m[32mPropertyModule dependencies initialized[39m[38;5;3m +0ms[39m
[32m[Nest] 34784  - [39m22/09/2026, 21:04:26 [32m    LOG[39m [38;5;3m[InstanceLoader] [39m[32mPosterModule dependencies initialized[39m[38;5;3m +0ms[39m
[32m[Nest] 34784  - [39m22/09/2026, 21:04:26 [32m    LOG[39m [38;5;3m[InstanceLoader] [39m[32mAuthModule dependencies initialized[39m[38;5;3m +0ms[39m
[32m[Nest] 34784  - [39m22/09/2026, 21:04:26 [32m    LOG[39m [38;5;3m[RoutesResolver] [39m[32mHealthController {/api/v1/health}:[39m[38;5;3m +440ms[39m
[32m[Nest] 34784  - [39m22/09/2026, 21:04:26 [32m    LOG[39m [38;5;3m[RouterExplorer] [39m[32mMapped {/api/v1/health, GET} route[39m[38;5;3m +2ms[39m
[32m[Nest] 34784  - [39m22/09/2026, 21:04:26 [32m    LOG[39m [38;5;3m[RoutesResolver] [39m[32mAuditController {/api/v1/audit-logs}:[39m[38;5;3m +0ms[39m
[32m[Nest] 34784  - [39m22/09/2026, 21:04:26 [32m    LOG[39m [38;5;3m[RouterExplorer] [39m[32mMapped {/api/v1/audit-logs, GET} route[39m[38;5;3m +1ms[39m
[32m[Nest] 34784  - [39m22/09/2026, 21:04:26 [32m    LOG[39m [38;5;3m[RoutesResolver] [39m[32mAuthController {/api/v1/auth}:[39m[38;5;3m +0ms[39m
[32m[Nest] 34784  - [39m22/09/2026, 21:04:26 [32m    LOG[39m [38;5;3m[RouterExplorer] [39m[32mMapped {/api/v1/auth/login, POST} route[39m[38;5;3m +0ms[39m
[32m[Nest] 34784  - [39m22/09/2026, 21:04:26 [32m    LOG[39m [38;5;3m[RouterExplorer] [39m[32mMapped {/api/v1/auth/refresh, POST} route[39m[38;5;3m +2ms[39m
[32m[Nest] 34784  - [39m22/09/2026, 21:04:26 [32m    LOG[39m [38;5;3m[RouterExplorer] [39m[32mMapped {/api/v1/auth/logout, POST} route[39m[38;5;3m +0ms[39m
[32m[Nest] 34784  - [39m22/09/2026, 21:04:26 [32m    LOG[39m [38;5;3m[RouterExplorer] [39m[32mMapped {/api/v1/auth/change-password, POST} route[39m[38;5;3m +0ms[39m
[32m[Nest] 34784  - [39m22/09/2026, 21:04:26 [32m    LOG[39m [38;5;3m[RouterExplorer] [39m[32mMapped {/api/v1/auth/me, POST} route[39m[38;5;3m +0ms[39m
[32m[Nest] 34784  - [39m22/09/2026, 21:04:26 [32m    LOG[39m [38;5;3m[RouterExplorer] [39m[32mMapped {/api/v1/auth/super/login, POST} route[39m[38;5;3m +0ms[39m
[32m[Nest] 34784  - [39m22/09/2026, 21:04:26 [32m    LOG[39m [38;5;3m[RouterExplorer] [39m[32mMapped {/api/v1/auth/customer/register, POST} route[39m[38;5;3m +1ms[39m
[32m[Nest] 34784  - [39m22/09/2026, 21:04:26 [32m    LOG[39m [38;5;3m[RouterExplorer] [39m[32mMapped {/api/v1/auth/customer/login, POST} route[39m[38;5;3m +0ms[39m
[32m[Nest] 34784  - [39m22/09/2026, 21:04:26 [32m    LOG[39m [38;5;3m[RouterExplorer] [39m[32mMapped {/api/v1/auth/customer/me, GET} route[39m[38;5;3m +0ms[39m
[32m[Nest] 34784  - [39m22/09/2026, 21:04:26 [32m    LOG[39m [38;5;3m[RouterExplorer] [39m[32mMapped {/api/v1/auth/customer/profile, PATCH} route[39m[38;5;3m +0ms[39m
[32m[Nest] 34784  - [39m22/09/2026, 21:04:26 [32m    LOG[39m [38;5;3m[RoutesResolver] [39m[32mCompanyController {/api/v1/companies}:[39m[38;5;3m +0ms[39m
[32m[Nest] 34784  - [39m22/09/2026, 21:04:26 [32m    LOG[39m [38;5;3m[RouterExplorer] [39m[32mMapped {/api/v1/companies, POST} route[39m[38;5;3m +0ms[39m
[32m[Nest] 34784  - [39m22/09/2026, 21:04:26 [32m    LOG[39m [38;5;3m[RouterExplorer] [39m[32mMapped {/api/v1/companies, GET} route[39m[38;5;3m +1ms[39m
[32m[Nest] 34784  - [39m22/09/2026, 21:04:26 [32m    LOG[39m [38;5;3m[RouterExplorer] [39m[32mMapped {/api/v1/companies/departments, GET} route[39m[38;5;3m +0ms[39m
[32m[Nest] 34784  - [39m22/09/2026, 21:04:26 [32m    LOG[39m [38;5;3m[RouterExplorer] [39m[32mMapped {/api/v1/companies/:id, GET} route[39m[38;5;3m +0ms[39m
[32m[Nest] 34784  - [39m22/09/2026, 21:04:26 [32m    LOG[39m [38;5;3m[RouterExplorer] [39m[32mMapped {/api/v1/companies/:id, PATCH} route[39m[38;5;3m +0ms[39m
[32m[Nest] 34784  - [39m22/09/2026, 21:04:26 [32m    LOG[39m [38;5;3m[RouterExplorer] [39m[32mMapped {/api/v1/companies/:id/branches, POST} route[39m[38;5;3m +0ms[39m
[32m[Nest] 34784  - [39m22/09/2026, 21:04:26 [32m    LOG[39m [38;5;3m[RouterExplorer] [39m[32mMapped {/api/v1/companies/branches/:branchId, PATCH} route[39m[38;5;3m +0ms[39m
[32m[Nest] 34784  - [39m22/09/2026, 21:04:26 [32m    LOG[39m [38;5;3m[RouterExplorer] [39m[32mMapped {/api/v1/companies/branches/:branchId, DELETE} route[39m[38;5;3m +0ms[39m
[32m[Nest] 34784  - [39m22/09/2026, 21:04:26 [32m    LOG[39m [38;5;3m[RouterExplorer] [39m[32mMapped {/api/v1/companies/departments, POST} route[39m[38;5;3m +1ms[39m
[32m[Nest] 34784  - [39m22/09/2026, 21:04:26 [32m    LOG[39m [38;5;3m[RouterExplorer] [39m[32mMapped {/api/v1/companies/departments/:id, PATCH} route[39m[38;5;3m +0ms[39m
[32m[Nest] 34784  - [39m22/09/2026, 21:04:26 [32m    LOG[39m [38;5;3m[RouterExplorer] [39m[32mMapped {/api/v1/companies/departments/:id, DELETE} route[39m[38;5;3m +0ms[39m
[32m[Nest] 34784  - [39m22/09/2026, 21:04:26 [32m    LOG[39m [38;5;3m[RoutesResolver] [39m[32mEstateController {/api/v1/estates}:[39m[38;5;3m +0ms[39m
[32m[Nest] 34784  - [39m22/09/2026, 21:04:26 [32m    LOG[39m [38;5;3m[RouterExplorer] [39m[32mMapped {/api/v1/estates/public, GET} route[39m[38;5;3m +0ms[39m
[32m[Nest] 34784  - [39m22/09/2026, 21:04:26 [32m    LOG[39m [38;5;3m[RouterExplorer] [39m[32mMapped {/api/v1/estates, GET} route[39m[38;5;3m +0ms[39m
[32m[Nest] 34784  - [39m22/09/2026, 21:04:26 [32m    LOG[39m [38;5;3m[RouterExplorer] [39m[32mMapped {/api/v1/estates/:id, GET} route[39m[38;5;3m +0ms[39m
[32m[Nest] 34784  - [39m22/09/2026, 21:04:26 [32m    LOG[39m [38;5;3m[RouterExplorer] [39m[32mMapped {/api/v1/estates, POST} route[39m[38;5;3m +0ms[39m
[32m[Nest] 34784  - [39m22/09/2026, 21:04:26 [32m    LOG[39m [38;5;3m[RouterExplorer] [39m[32mMapped {/api/v1/estates/:id, PATCH} route[39m[38;5;3m +0ms[39m
[32m[Nest] 34784  - [39m22/09/2026, 21:04:26 [32m    LOG[39m [38;5;3m[RouterExplorer] [39m[32mMapped {/api/v1/estates/:id/phases, POST} route[39m[38;5;3m +0ms[39m
[32m[Nest] 34784  - [39m22/09/2026, 21:04:26 [32m    LOG[39m [38;5;3m[RouterExplorer] [39m[32mMapped {/api/v1/estates/:id/blocks, POST} route[39m[38;5;3m +0ms[39m
[32m[Nest] 34784  - [39m22/09/2026, 21:04:26 [32m    LOG[39m [38;5;3m[RouterExplorer] [39m[32mMapped {/api/v1/estates/:id/infrastructure, POST} route[39m[38;5;3m +0ms[39m
[32m[Nest] 34784  - [39m22/09/2026, 21:04:26 [32m    LOG[39m [38;5;3m[RouterExplorer] [39m[32mMapped {/api/v1/estates/:id/site-plan, POST} route[39m[38;5;3m +0ms[39m
[32m[Nest] 34784  - [39m22/09/2026, 21:04:26 [32m    LOG[39m [38;5;3m[RouterExplorer] [39m[32mMapped {/api/v1/estates/:id/building-types, PATCH} route[39m[38;5;3m +0ms[39m
[32m[Nest] 34784  - [39m22/09/2026, 21:04:26 [32m    LOG[39m [38;5;3m[RouterExplorer] [39m[32mMapped {/api/v1/estates/:id/building-type-image/:typeId, POST} route[39m[38;5;3m +1ms[39m
[32m[Nest] 34784  - [39m22/09/2026, 21:04:26 [32m    LOG[39m [38;5;3m[RouterExplorer] [39m[32mMapped {/api/v1/estates/:id/building-type-image/:typeId/:filename, DELETE} route[39m[38;5;3m +0ms[39m
[32m[Nest] 34784  - [39m22/09/2026, 21:04:26 [32m    LOG[39m [38;5;3m[RouterExplorer] [39m[32mMapped {/api/v1/estates/:id/permanent, DELETE} route[39m[38;5;3m +0ms[39m
[32m[Nest] 34784  - [39m22/09/2026, 21:04:26 [32m    LOG[39m [38;5;3m[RoutesResolver] [39m[32mPropertyController {/api/v1/properties}:[39m[38;5;3m +0ms[39m
[32m[Nest] 34784  - [39m22/09/2026, 21:04:26 [32m    LOG[39m [38;5;3m[RouterExplorer] [39m[32mMapped {/api/v1/properties/public, GET} route[39m[38;5;3m +0ms[39m
[32m[Nest] 34784  - [39m22/09/2026, 21:04:26 [32m    LOG[39m [38;5;3m[RouterExplorer] [39m[32mMapped {/api/v1/properties/public/:id, GET} route[39m[38;5;3m +0ms[39m
[32m[Nest] 34784  - [39m22/09/2026, 21:04:26 [32m    LOG[39m [38;5;3m[RouterExplorer] [39m[32mMapped {/api/v1/properties/public/inquiry, POST} route[39m[38;5;3m +0ms[39m
[32m[Nest] 34784  - [39m22/09/2026, 21:04:26 [32m    LOG[39m [38;5;3m[RouterExplorer] [39m[32mMapped {/api/v1/properties, GET} route[39m[38;5;3m +0ms[39m
[32m[Nest] 34784  - [39m22/09/2026, 21:04:26 [32m    LOG[39m [38;5;3m[RouterExplorer] [39m[32mMapped {/api/v1/properties/admin/inquiries, GET} route[39m[38;5;3m +0ms[39m
[32m[Nest] 34784  - [39m22/09/2026, 21:04:26 [32m    LOG[39m [38;5;3m[RouterExplorer] [39m[32mMapped {/api/v1/properties/admin/inquiries/:id/status, PATCH} route[39m[38;5;3m +0ms[39m
[32m[Nest] 34784  - [39m22/09/2026, 21:04:26 [32m    LOG[39m [38;5;3m[RouterExplorer] [39m[32mMapped {/api/v1/properties/admin/inquiries/:id/notes, PATCH} route[39m[38;5;3m +0ms[39m
[32m[Nest] 34784  - [39m22/09/2026, 21:04:26 [32m    LOG[39m [38;5;3m[RouterExplorer] [39m[32mMapped {/api/v1/properties/admin/inquiries/:id/convert, POST} route[39m[38;5;3m +0ms[39m
[32m[Nest] 34784  - [39m22/09/2026, 21:04:26 [32m    LOG[39m [38;5;3m[RouterExplorer] [39m[32mMapped {/api/v1/properties/:id, GET} route[39m[38;5;3m +0ms[39m
[32m[Nest] 34784  - [39m22/09/2026, 21:04:26 [32m    LOG[39m [38;5;3m[RouterExplorer] [39m[32mMapped {/api/v1/properties, POST} route[39m[38;5;3m +0ms[39m
[32m[Nest] 34784  - [39m22/09/2026, 21:04:26 [32m    LOG[39m [38;5;3m[RouterExplorer] [39m[32mMapped {/api/v1/properties/:id, PATCH} route[39m[38;5;3m +0ms[39m
[32m[Nest] 34784  - [39m22/09/2026, 21:04:26 [32m    LOG[39m [38;5;3m[RouterExplorer] [39m[32mMapped {/api/v1/properties/:id/status, POST} route[39m[38;5;3m +1ms[39m
[32m[Nest] 34784  - [39m22/09/2026, 21:04:26 [32m    LOG[39m [38;5;3m[RouterExplorer] [39m[32mMapped {/api/v1/properties/:id, DELETE} route[39m[38;5;3m +0ms[39m
[32m[Nest] 34784  - [39m22/09/2026, 21:04:26 [32m    LOG[39m [38;5;3m[RouterExplorer] [39m[32mMapped {/api/v1/properties/:id/permanent, DELETE} route[39m[38;5;3m +0ms[39m
[32m[Nest] 34784  - [39m22/09/2026, 21:04:26 [32m    LOG[39m [38;5;3m[RouterExplorer] [39m[32mMapped {/api/v1/properties/:id/media, POST} route[39m[38;5;3m +0ms[39m
[32m[Nest] 34784  - [39m22/09/2026, 21:04:26 [32m    LOG[39m [38;5;3m[RouterExplorer] [39m[32mMapped {/api/v1/properties/:id/media/:mediaId, DELETE} route[39m[38;5;3m +0ms[39m
[32m[Nest] 34784  - [39m22/09/2026, 21:04:26 [32m    LOG[39m [38;5;3m[RouterExplorer] [39m[32mMapped {/api/v1/properties/:id/media/:mediaId/cover, PATCH} route[39m[38;5;3m +0ms[39m
[32m[Nest] 34784  - [39m22/09/2026, 21:04:26 [32m    LOG[39m [38;5;3m[RouterExplorer] [39m[32mMapped {/api/v1/properties/:id/favorite, POST} route[39m[38;5;3m +0ms[39m
[32m[Nest] 34784  - [39m22/09/2026, 21:04:26 [32m    LOG[39m [38;5;3m[RouterExplorer] [39m[32mMapped {/api/v1/properties/:id/favorite-status, GET} route[39m[38;5;3m +0ms[39m
[32m[Nest] 34784  - [39m22/09/2026, 21:04:26 [32m    LOG[39m [38;5;3m[RoutesResolver] [39m[32mCustomerController {/api/v1/customers}:[39m[38;5;3m +0ms[39m
[32m[Nest] 34784  - [39m22/09/2026, 21:04:26 [32m    LOG[39m [38;5;3m[RouterExplorer] [39m[32mMapped {/api/v1/customers, GET} route[39m[38;5;3m +0ms[39m
[32m[Nest] 34784  - [39m22/09/2026, 21:04:26 [32m    LOG[39m [38;5;3m[RouterExplorer] [39m[32mMapped {/api/v1/customers/:id, GET} route[39m[38;5;3m +0ms[39m
[32m[Nest] 34784  - [39m22/09/2026, 21:04:26 [32m    LOG[39m [38;5;3m[RouterExplorer] [39m[32mMapped {/api/v1/customers, POST} route[39m[38;5;3m +0ms[39m
[32m[Nest] 34784  - [39m22/09/2026, 21:04:26 [32m    LOG[39m [38;5;3m[RouterExplorer] [39m[32mMapped {/api/v1/customers/:id, PATCH} route[39m[38;5;3m +0ms[39m
[32m[Nest] 34784  - [39m22/09/2026, 21:04:26 [32m    LOG[39m [38;5;3m[RouterExplorer] [39m[32mMapped {/api/v1/customers/:id/deactivate, POST} route[39m[38;5;3m +0ms[39m
[32m[Nest] 34784  - [39m22/09/2026, 21:04:26 [32m    LOG[39m [38;5;3m[RouterExplorer] [39m[32mMapped {/api/v1/customers/:id/activate, POST} route[39m[38;5;3m +0ms[39m
[32m[Nest] 34784  - [39m22/09/2026, 21:04:26 [32m    LOG[39m [38;5;3m[RouterExplorer] [39m[32mMapped {/api/v1/customers/:id, DELETE} route[39m[38;5;3m +0ms[39m
[32m[Nest] 34784  - [39m22/09/2026, 21:04:26 [32m    LOG[39m [38;5;3m[RoutesResolver] [39m[32mReservationController {/api/v1/reservations}:[39m[38;5;3m +1ms[39m
[32m[Nest] 34784  - [39m22/09/2026, 21:04:26 [32m    LOG[39m [38;5;3m[RouterExplorer] [39m[32mMapped {/api/v1/reservations/public, POST} route[39m[38;5;3m +0ms[39m
[32m[Nest] 34784  - [39m22/09/2026, 21:04:26 [32m    LOG[39m [38;5;3m[RouterExplorer] [39m[32mMapped {/api/v1/reservations, GET} route[39m[38;5;3m +0ms[39m
[32m[Nest] 34784  - [39m22/09/2026, 21:04:26 [32m    LOG[39m [38;5;3m[RouterExplorer] [39m[32mMapped {/api/v1/reservations/mine, GET} route[39m[38;5;3m +0ms[39m
[32m[Nest] 34784  - [39m22/09/2026, 21:04:26 [32m    LOG[39m [38;5;3m[RouterExplorer] [39m[32mMapped {/api/v1/reservations/:id, GET} route[39m[38;5;3m +0ms[39m
[32m[Nest] 34784  - [39m22/09/2026, 21:04:26 [32m    LOG[39m [38;5;3m[RouterExplorer] [39m[32mMapped {/api/v1/reservations/:id/timeline, GET} route[39m[38;5;3m +0ms[39m
[32m[Nest] 34784  - [39m22/09/2026, 21:04:26 [32m    LOG[39m [38;5;3m[RouterExplorer] [39m[32mMapped {/api/v1/reservations/:id/status, PATCH} route[39m[38;5;3m +0ms[39m
[32m[Nest] 34784  - [39m22/09/2026, 21:04:26 [32m    LOG[39m [38;5;3m[RoutesResolver] [39m[32mSaleController {/api/v1/sales}:[39m[38;5;3m +0ms[39m
[32m[Nest] 34784  - [39m22/09/2026, 21:04:26 [32m    LOG[39m [38;5;3m[RouterExplorer] [39m[32mMapped {/api/v1/sales, GET} route[39m[38;5;3m +0ms[39m
[32m[Nest] 34784  - [39m22/09/2026, 21:04:26 [32m    LOG[39m [38;5;3m[RouterExplorer] [39m[32mMapped {/api/v1/sales/:id, GET} route[39m[38;5;3m +0ms[39m
[32m[Nest] 34784  - [39m22/09/2026, 21:04:26 [32m    LOG[39m [38;5;3m[RouterExplorer] [39m[32mMapped {/api/v1/sales, POST} route[39m[38;5;3m +0ms[39m
[32m[Nest] 34784  - [39m22/09/2026, 21:04:26 [32m    LOG[39m [38;5;3m[RouterExplorer] [39m[32mMapped {/api/v1/sales/:id/status, PATCH} route[39m[38;5;3m +0ms[39m
[32m[Nest] 34784  - [39m22/09/2026, 21:04:26 [32m    LOG[39m [38;5;3m[RoutesResolver] [39m[32mPaymentController {/api/v1/payments}:[39m[38;5;3m +0ms[39m
[32m[Nest] 34784  - [39m22/09/2026, 21:04:26 [32m    LOG[39m [38;5;3m[RouterExplorer] [39m[32mMapped {/api/v1/payments, POST} route[39m[38;5;3m +0ms[39m
[32m[Nest] 34784  - [39m22/09/2026, 21:04:26 [32m    LOG[39m [38;5;3m[RouterExplorer] [39m[32mMapped {/api/v1/payments, GET} route[39m[38;5;3m +0ms[39m
[32m[Nest] 34784  - [39m22/09/2026, 21:04:26 [32m    LOG[39m [38;5;3m[RouterExplorer] [39m[32mMapped {/api/v1/payments/:id, GET} route[39m[38;5;3m +1ms[39m
[32m[Nest] 34784  - [39m22/09/2026, 21:04:26 [32m    LOG[39m [38;5;3m[RouterExplorer] [39m[32mMapped {/api/v1/payments/:id/verify, PATCH} route[39m[38;5;3m +0ms[39m
[32m[Nest] 34784  - [39m22/09/2026, 21:04:26 [32m    LOG[39m [38;5;3m[RouterExplorer] [39m[32mMapped {/api/v1/payments/:id/reject, PATCH} route[39m[38;5;3m +0ms[39m
[32m[Nest] 34784  - [39m22/09/2026, 21:04:26 [32m    LOG[39m [38;5;3m[RoutesResolver] [39m[32mInspectionController {/api/v1/inspections}:[39m[38;5;3m +0ms[39m
[32m[Nest] 34784  - [39m22/09/2026, 21:04:26 [32m    LOG[39m [38;5;3m[RouterExplorer] [39m[32mMapped {/api/v1/inspections, POST} route[39m[38;5;3m +0ms[39m
[32m[Nest] 34784  - [39m22/09/2026, 21:04:26 [32m    LOG[39m [38;5;3m[RouterExplorer] [39m[32mMapped {/api/v1/inspections, GET} route[39m[38;5;3m +0ms[39m
[32m[Nest] 34784  - [39m22/09/2026, 21:04:26 [32m    LOG[39m [38;5;3m[RouterExplorer] [39m[32mMapped {/api/v1/inspections/:id, GET} route[39m[38;5;3m +0ms[39m
[32m[Nest] 34784  - [39m22/09/2026, 21:04:26 [32m    LOG[39m [38;5;3m[RouterExplorer] [39m[32mMapped {/api/v1/inspections/:id/start, PATCH} route[39m[38;5;3m +0ms[39m
[32m[Nest] 34784  - [39m22/09/2026, 21:04:26 [32m    LOG[39m [38;5;3m[RouterExplorer] [39m[32mMapped {/api/v1/inspections/:id/complete, PATCH} route[39m[38;5;3m +0ms[39m
[32m[Nest] 34784  - [39m22/09/2026, 21:04:26 [32m    LOG[39m [38;5;3m[RouterExplorer] [39m[32mMapped {/api/v1/inspections/:id/cancel, PATCH} route[39m[38;5;3m +0ms[39m
[32m[Nest] 34784  - [39m22/09/2026, 21:04:26 [32m    LOG[39m [38;5;3m[RouterExplorer] [39m[32mMapped {/api/v1/inspections/:id/fail, PATCH} route[39m[38;5;3m +0ms[39m
[32m[Nest] 34784  - [39m22/09/2026, 21:04:26 [32m    LOG[39m [38;5;3m[RoutesResolver] [39m[32mDocumentController {/api/v1/documents}:[39m[38;5;3m +0ms[39m
[32m[Nest] 34784  - [39m22/09/2026, 21:04:26 [32m    LOG[39m [38;5;3m[RouterExplorer] [39m[32mMapped {/api/v1/documents/upload, POST} route[39m[38;5;3m +0ms[39m
[32m[Nest] 34784  - [39m22/09/2026, 21:04:26 [32m    LOG[39m [38;5;3m[RouterExplorer] [39m[32mMapped {/api/v1/documents, GET} route[39m[38;5;3m +0ms[39m
[32m[Nest] 34784  - [39m22/09/2026, 21:04:26 [32m    LOG[39m [38;5;3m[RouterExplorer] [39m[32mMapped {/api/v1/documents/:id, GET} route[39m[38;5;3m +0ms[39m
[32m[Nest] 34784  - [39m22/09/2026, 21:04:26 [32m    LOG[39m [38;5;3m[RouterExplorer] [39m[32mMapped {/api/v1/documents/:id/download, GET} route[39m[38;5;3m +0ms[39m
[32m[Nest] 34784  - [39m22/09/2026, 21:04:26 [32m    LOG[39m [38;5;3m[RouterExplorer] [39m[32mMapped {/api/v1/documents/:id/status, PATCH} route[39m[38;5;3m +0ms[39m
[32m[Nest] 34784  - [39m22/09/2026, 21:04:26 [32m    LOG[39m [38;5;3m[RouterExplorer] [39m[32mMapped {/api/v1/documents/:id, DELETE} route[39m[38;5;3m +1ms[39m
[32m[Nest] 34784  - [39m22/09/2026, 21:04:26 [32m    LOG[39m [38;5;3m[RoutesResolver] [39m[32mEmployeeController {/api/v1/employees}:[39m[38;5;3m +0ms[39m
[32m[Nest] 34784  - [39m22/09/2026, 21:04:26 [32m    LOG[39m [38;5;3m[RouterExplorer] [39m[32mMapped {/api/v1/employees, GET} route[39m[38;5;3m +0ms[39m
[32m[Nest] 34784  - [39m22/09/2026, 21:04:26 [32m    LOG[39m [38;5;3m[RouterExplorer] [39m[32mMapped {/api/v1/employees/departments, GET} route[39m[38;5;3m +0ms[39m
[32m[Nest] 34784  - [39m22/09/2026, 21:04:26 [32m    LOG[39m [38;5;3m[RouterExplorer] [39m[32mMapped {/api/v1/employees/roles, GET} route[39m[38;5;3m +0ms[39m
[32m[Nest] 34784  - [39m22/09/2026, 21:04:26 [32m    LOG[39m [38;5;3m[RouterExplorer] [39m[32mMapped {/api/v1/employees/:id, GET} route[39m[38;5;3m +0ms[39m
[32m[Nest] 34784  - [39m22/09/2026, 21:04:26 [32m    LOG[39m [38;5;3m[RouterExplorer] [39m[32mMapped {/api/v1/employees, POST} route[39m[38;5;3m +0ms[39m
[32m[Nest] 34784  - [39m22/09/2026, 21:04:26 [32m    LOG[39m [38;5;3m[RouterExplorer] [39m[32mMapped {/api/v1/employees/:id, PATCH} route[39m[38;5;3m +0ms[39m
[32m[Nest] 34784  - [39m22/09/2026, 21:04:26 [32m    LOG[39m [38;5;3m[RouterExplorer] [39m[32mMapped {/api/v1/employees/:id, DELETE} route[39m[38;5;3m +0ms[39m
[32m[Nest] 34784  - [39m22/09/2026, 21:04:26 [32m    LOG[39m [38;5;3m[RouterExplorer] [39m[32mMapped {/api/v1/employees/:id/roles, POST} route[39m[38;5;3m +0ms[39m
[32m[Nest] 34784  - [39m22/09/2026, 21:04:26 [32m    LOG[39m [38;5;3m[RouterExplorer] [39m[32mMapped {/api/v1/employees/:id/roles/remove, POST} route[39m[38;5;3m +0ms[39m
[32m[Nest] 34784  - [39m22/09/2026, 21:04:26 [32m    LOG[39m [38;5;3m[RoutesResolver] [39m[32mVendorController {/api/v1/vendors}:[39m[38;5;3m +0ms[39m
[32m[Nest] 34784  - [39m22/09/2026, 21:04:26 [32m    LOG[39m [38;5;3m[RoutesResolver] [39m[32mAppointmentController {/api/v1/appointments}:[39m[38;5;3m +0ms[39m
[32m[Nest] 34784  - [39m22/09/2026, 21:04:26 [32m    LOG[39m [38;5;3m[RoutesResolver] [39m[32mNotificationController {/api/v1/notifications}:[39m[38;5;3m +0ms[39m
[32m[Nest] 34784  - [39m22/09/2026, 21:04:26 [32m    LOG[39m [38;5;3m[RoutesResolver] [39m[32mAiController {/api/v1/ai}:[39m[38;5;3m +0ms[39m
[32m[Nest] 34784  - [39m22/09/2026, 21:04:26 [32m    LOG[39m [38;5;3m[RoutesResolver] [39m[32mDashboardController {/api/v1/dashboard}:[39m[38;5;3m +0ms[39m
[32m[Nest] 34784  - [39m22/09/2026, 21:04:26 [32m    LOG[39m [38;5;3m[RouterExplorer] [39m[32mMapped {/api/v1/dashboard/stats, GET} route[39m[38;5;3m +0ms[39m
[32m[Nest] 34784  - [39m22/09/2026, 21:04:26 [32m    LOG[39m [38;5;3m[RoutesResolver] [39m[32mPosterController {/api/v1/posters}:[39m[38;5;3m +0ms[39m
[32m[Nest] 34784  - [39m22/09/2026, 21:04:26 [32m    LOG[39m [38;5;3m[RouterExplorer] [39m[32mMapped {/api/v1/posters/public, GET} route[39m[38;5;3m +0ms[39m
[32m[Nest] 34784  - [39m22/09/2026, 21:04:26 [32m    LOG[39m [38;5;3m[RouterExplorer] [39m[32mMapped {/api/v1/posters, GET} route[39m[38;5;3m +0ms[39m
[32m[Nest] 34784  - [39m22/09/2026, 21:04:26 [32m    LOG[39m [38;5;3m[RouterExplorer] [39m[32mMapped {/api/v1/posters, POST} route[39m[38;5;3m +0ms[39m
[32m[Nest] 34784  - [39m22/09/2026, 21:04:26 [32m    LOG[39m [38;5;3m[RouterExplorer] [39m[32mMapped {/api/v1/posters/:id, PATCH} route[39m[38;5;3m +0ms[39m
[32m[Nest] 34784  - [39m22/09/2026, 21:04:26 [32m    LOG[39m [38;5;3m[RouterExplorer] [39m[32mMapped {/api/v1/posters/:id/toggle, PATCH} route[39m[38;5;3m +0ms[39m
[32m[Nest] 34784  - [39m22/09/2026, 21:04:26 [32m    LOG[39m [38;5;3m[RouterExplorer] [39m[32mMapped {/api/v1/posters/:id, DELETE} route[39m[38;5;3m +1ms[39m
[32m[Nest] 34784  - [39m22/09/2026, 21:04:28 [32m    LOG[39m [38;5;3m[PrismaService] [39m[32mDatabase connected[39m
[32m[Nest] 34784  - [39m22/09/2026, 21:04:28 [32m    LOG[39m [38;5;3m[NestApplication] [39m[32mNest application successfully started[39m[38;5;3m +3ms[39m
[31m[Nest] 34784  - [39m22/09/2026, 21:04:28 [31m  ERROR[39m [38;5;3m[NestApplication] [39m[31mError: listen EADDRINUSE: address already in use :::4000[39m[38;5;3m +1ms[39m
node:net:1941
    const ex = new UVExceptionWithHostPort(err, 'listen', address, port);
               ^

Error: listen EADDRINUSE: address already in use :::4000
    at Server.setupListenHandle [as _listen2] (node:net:1941:16)
    at listenInCluster (node:net:1998:12)
    at Server.listen (node:net:2103:7)
    at ExpressAdapter.listen (C:\Users\david\Desktop\Projects\Ndukego Homes Gallery Project\node_modules\.pnpm\@nestjs+platform-express@11.1.28_@nestjs+common@11.1.28_class-transformer@0.5.1_class-validat_tmrpyvfpavunwigoq4yf4m43ry\node_modules\@nestjs\platform-express\adapters\express-adapter.js:115:32)
    at C:\Users\david\Desktop\Projects\Ndukego Homes Gallery Project\node_modules\.pnpm\@nestjs+core@11.1.28_@nestjs+common@11.1.28_class-transformer@0.5.1_class-validator@0.14.4_re_jbbxms5qftvp4gp3vkdoquda7y\node_modules\@nestjs\core\nest-application.js:190:30
    at new Promise (<anonymous>)
    at NestApplication.listen (C:\Users\david\Desktop\Projects\Ndukego Homes Gallery Project\node_modules\.pnpm\@nestjs+core@11.1.28_@nestjs+common@11.1.28_class-transformer@0.5.1_class-validator@0.14.4_re_jbbxms5qftvp4gp3vkdoquda7y\node_modules\@nestjs\core\nest-application.js:180:16)
    at async bootstrap (C:\Users\david\Desktop\Projects\Ndukego Homes Gallery Project\apps\api\src\main.ts:81:3) {
  code: 'EADDRINUSE',
  errno: -4091,
  syscall: 'listen',
  address: '::',
  port: 4000
}

Node.js v22.23.1
[2J[3J[H[[90m21:04:51[0m] File change detected. Starting incremental compilation...

[[90m21:04:52[0m] Found 0 errors. Watching for file changes.

[32m[Nest] 28032  - [39m22/09/2026, 21:04:53 [32m    LOG[39m [38;5;3m[NestFactory] [39m[32mStarting Nest application...[39m
[32m[Nest] 28032  - [39m22/09/2026, 21:04:53 [32m    LOG[39m [38;5;3m[InstanceLoader] [39m[32mPrismaModule dependencies initialized[39m[38;5;3m +25ms[39m
[32m[Nest] 28032  - [39m22/09/2026, 21:04:53 [32m    LOG[39m [38;5;3m[InstanceLoader] [39m[32mPassportModule dependencies initialized[39m[38;5;3m +0ms[39m
[32m[Nest] 28032  - [39m22/09/2026, 21:04:53 [32m    LOG[39m [38;5;3m[InstanceLoader] [39m[32mConfigHostModule dependencies initialized[39m[38;5;3m +6ms[39m
[32m[Nest] 28032  - [39m22/09/2026, 21:04:53 [32m    LOG[39m [38;5;3m[InstanceLoader] [39m[32mThrottlerModule dependencies initialized[39m[38;5;3m +0ms[39m
[33m[Nest] 28032  - [39m22/09/2026, 21:04:53 [33m   WARN[39m [38;5;3m[EmailService] [39m[33mSMTP not configured — emails will be logged to console. Set SMTP_HOST, SMTP_USER, SMTP_PASS in .env to enable sending.[39m
[32m[Nest] 28032  - [39m22/09/2026, 21:04:53 [32m    LOG[39m [38;5;3m[InstanceLoader] [39m[32mConfigModule dependencies initialized[39m[38;5;3m +1ms[39m
[32m[Nest] 28032  - [39m22/09/2026, 21:04:53 [32m    LOG[39m [38;5;3m[InstanceLoader] [39m[32mConfigModule dependencies initialized[39m[38;5;3m +0ms[39m
[32m[Nest] 28032  - [39m22/09/2026, 21:04:53 [32m    LOG[39m [38;5;3m[InstanceLoader] [39m[32mNotificationModule dependencies initialized[39m[38;5;3m +1ms[39m
[32m[Nest] 28032  - [39m22/09/2026, 21:04:53 [32m    LOG[39m [38;5;3m[InstanceLoader] [39m[32mAiModule dependencies initialized[39m[38;5;3m +0ms[39m
[32m[Nest] 28032  - [39m22/09/2026, 21:04:53 [32m    LOG[39m [38;5;3m[InstanceLoader] [39m[32mEmailModule dependencies initialized[39m[38;5;3m +0ms[39m
[32m[Nest] 28032  - [39m22/09/2026, 21:04:53 [32m    LOG[39m [38;5;3m[InstanceLoader] [39m[32mStorageModule dependencies initialized[39m[38;5;3m +0ms[39m
[32m[Nest] 28032  - [39m22/09/2026, 21:04:53 [32m    LOG[39m [38;5;3m[InstanceLoader] [39m[32mJwtModule dependencies initialized[39m[38;5;3m +1ms[39m
[32m[Nest] 28032  - [39m22/09/2026, 21:04:53 [32m    LOG[39m [38;5;3m[InstanceLoader] [39m[32mVendorModule dependencies initialized[39m[38;5;3m +0ms[39m
[32m[Nest] 28032  - [39m22/09/2026, 21:04:53 [32m    LOG[39m [38;5;3m[InstanceLoader] [39m[32mAppointmentModule dependencies initialized[39m[38;5;3m +0ms[39m
[32m[Nest] 28032  - [39m22/09/2026, 21:04:53 [32m    LOG[39m [38;5;3m[InstanceLoader] [39m[32mEmployeeModule dependencies initialized[39m[38;5;3m +1ms[39m
[32m[Nest] 28032  - [39m22/09/2026, 21:04:53 [32m    LOG[39m [38;5;3m[InstanceLoader] [39m[32mDashboardModule dependencies initialized[39m[38;5;3m +0ms[39m
[32m[Nest] 28032  - [39m22/09/2026, 21:04:53 [32m    LOG[39m [38;5;3m[InstanceLoader] [39m[32mAuditModule dependencies initialized[39m[38;5;3m +1ms[39m
[32m[Nest] 28032  - [39m22/09/2026, 21:04:53 [32m    LOG[39m [38;5;3m[InstanceLoader] [39m[32mAppModule dependencies initialized[39m[38;5;3m +0ms[39m
[32m[Nest] 28032  - [39m22/09/2026, 21:04:53 [32m    LOG[39m [38;5;3m[InstanceLoader] [39m[32mCustomerModule dependencies initialized[39m[38;5;3m +0ms[39m
[32m[Nest] 28032  - [39m22/09/2026, 21:04:53 [32m    LOG[39m [38;5;3m[InstanceLoader] [39m[32mSaleModule dependencies initialized[39m[38;5;3m +0ms[39m
[32m[Nest] 28032  - [39m22/09/2026, 21:04:53 [32m    LOG[39m [38;5;3m[InstanceLoader] [39m[32mPaymentModule dependencies initialized[39m[38;5;3m +0ms[39m
[32m[Nest] 28032  - [39m22/09/2026, 21:04:53 [32m    LOG[39m [38;5;3m[InstanceLoader] [39m[32mInspectionModule dependencies initialized[39m[38;5;3m +0ms[39m
[32m[Nest] 28032  - [39m22/09/2026, 21:04:53 [32m    LOG[39m [38;5;3m[InstanceLoader] [39m[32mCompanyModule dependencies initialized[39m[38;5;3m +0ms[39m
[32m[Nest] 28032  - [39m22/09/2026, 21:04:53 [32m    LOG[39m [38;5;3m[InstanceLoader] [39m[32mReservationModule dependencies initialized[39m[38;5;3m +0ms[39m
[32m[Nest] 28032  - [39m22/09/2026, 21:04:53 [32m    LOG[39m [38;5;3m[InstanceLoader] [39m[32mDocumentModule dependencies initialized[39m[38;5;3m +0ms[39m
[32m[Nest] 28032  - [39m22/09/2026, 21:04:53 [32m    LOG[39m [38;5;3m[InstanceLoader] [39m[32mEstateModule dependencies initialized[39m[38;5;3m +0ms[39m
[32m[Nest] 28032  - [39m22/09/2026, 21:04:53 [32m    LOG[39m [38;5;3m[InstanceLoader] [39m[32mPropertyModule dependencies initialized[39m[38;5;3m +0ms[39m
[32m[Nest] 28032  - [39m22/09/2026, 21:04:53 [32m    LOG[39m [38;5;3m[InstanceLoader] [39m[32mPosterModule dependencies initialized[39m[38;5;3m +0ms[39m
[32m[Nest] 28032  - [39m22/09/2026, 21:04:53 [32m    LOG[39m [38;5;3m[InstanceLoader] [39m[32mAuthModule dependencies initialized[39m[38;5;3m +0ms[39m
[32m[Nest] 28032  - [39m22/09/2026, 21:04:54 [32m    LOG[39m [38;5;3m[RoutesResolver] [39m[32mHealthController {/api/v1/health}:[39m[38;5;3m +455ms[39m
[32m[Nest] 28032  - [39m22/09/2026, 21:04:54 [32m    LOG[39m [38;5;3m[RouterExplorer] [39m[32mMapped {/api/v1/health, GET} route[39m[38;5;3m +2ms[39m
[32m[Nest] 28032  - [39m22/09/2026, 21:04:54 [32m    LOG[39m [38;5;3m[RoutesResolver] [39m[32mAuditController {/api/v1/audit-logs}:[39m[38;5;3m +1ms[39m
[32m[Nest] 28032  - [39m22/09/2026, 21:04:54 [32m    LOG[39m [38;5;3m[RouterExplorer] [39m[32mMapped {/api/v1/audit-logs, GET} route[39m[38;5;3m +0ms[39m
[32m[Nest] 28032  - [39m22/09/2026, 21:04:54 [32m    LOG[39m [38;5;3m[RoutesResolver] [39m[32mAuthController {/api/v1/auth}:[39m[38;5;3m +0ms[39m
[32m[Nest] 28032  - [39m22/09/2026, 21:04:54 [32m    LOG[39m [38;5;3m[RouterExplorer] [39m[32mMapped {/api/v1/auth/login, POST} route[39m[38;5;3m +0ms[39m
[32m[Nest] 28032  - [39m22/09/2026, 21:04:54 [32m    LOG[39m [38;5;3m[RouterExplorer] [39m[32mMapped {/api/v1/auth/refresh, POST} route[39m[38;5;3m +1ms[39m
[32m[Nest] 28032  - [39m22/09/2026, 21:04:54 [32m    LOG[39m [38;5;3m[RouterExplorer] [39m[32mMapped {/api/v1/auth/logout, POST} route[39m[38;5;3m +0ms[39m
[32m[Nest] 28032  - [39m22/09/2026, 21:04:54 [32m    LOG[39m [38;5;3m[RouterExplorer] [39m[32mMapped {/api/v1/auth/change-password, POST} route[39m[38;5;3m +0ms[39m
[32m[Nest] 28032  - [39m22/09/2026, 21:04:54 [32m    LOG[39m [38;5;3m[RouterExplorer] [39m[32mMapped {/api/v1/auth/me, POST} route[39m[38;5;3m +2ms[39m
[32m[Nest] 28032  - [39m22/09/2026, 21:04:54 [32m    LOG[39m [38;5;3m[RouterExplorer] [39m[32mMapped {/api/v1/auth/super/login, POST} route[39m[38;5;3m +0ms[39m
[32m[Nest] 28032  - [39m22/09/2026, 21:04:54 [32m    LOG[39m [38;5;3m[RouterExplorer] [39m[32mMapped {/api/v1/auth/customer/register, POST} route[39m[38;5;3m +1ms[39m
[32m[Nest] 28032  - [39m22/09/2026, 21:04:54 [32m    LOG[39m [38;5;3m[RouterExplorer] [39m[32mMapped {/api/v1/auth/customer/login, POST} route[39m[38;5;3m +0ms[39m
[32m[Nest] 28032  - [39m22/09/2026, 21:04:54 [32m    LOG[39m [38;5;3m[RouterExplorer] [39m[32mMapped {/api/v1/auth/customer/me, GET} route[39m[38;5;3m +0ms[39m
[32m[Nest] 28032  - [39m22/09/2026, 21:04:54 [32m    LOG[39m [38;5;3m[RouterExplorer] [39m[32mMapped {/api/v1/auth/customer/profile, PATCH} route[39m[38;5;3m +0ms[39m
[32m[Nest] 28032  - [39m22/09/2026, 21:04:54 [32m    LOG[39m [38;5;3m[RoutesResolver] [39m[32mCompanyController {/api/v1/companies}:[39m[38;5;3m +0ms[39m
[32m[Nest] 28032  - [39m22/09/2026, 21:04:54 [32m    LOG[39m [38;5;3m[RouterExplorer] [39m[32mMapped {/api/v1/companies, POST} route[39m[38;5;3m +0ms[39m
[32m[Nest] 28032  - [39m22/09/2026, 21:04:54 [32m    LOG[39m [38;5;3m[RouterExplorer] [39m[32mMapped {/api/v1/companies, GET} route[39m[38;5;3m +1ms[39m
[32m[Nest] 28032  - [39m22/09/2026, 21:04:54 [32m    LOG[39m [38;5;3m[RouterExplorer] [39m[32mMapped {/api/v1/companies/departments, GET} route[39m[38;5;3m +0ms[39m
[32m[Nest] 28032  - [39m22/09/2026, 21:04:54 [32m    LOG[39m [38;5;3m[RouterExplorer] [39m[32mMapped {/api/v1/companies/:id, GET} route[39m[38;5;3m +0ms[39m
[32m[Nest] 28032  - [39m22/09/2026, 21:04:54 [32m    LOG[39m [38;5;3m[RouterExplorer] [39m[32mMapped {/api/v1/companies/:id, PATCH} route[39m[38;5;3m +0ms[39m
[32m[Nest] 28032  - [39m22/09/2026, 21:04:54 [32m    LOG[39m [38;5;3m[RouterExplorer] [39m[32mMapped {/api/v1/companies/:id/branches, POST} route[39m[38;5;3m +0ms[39m
[32m[Nest] 28032  - [39m22/09/2026, 21:04:54 [32m    LOG[39m [38;5;3m[RouterExplorer] [39m[32mMapped {/api/v1/companies/branches/:branchId, PATCH} route[39m[38;5;3m +0ms[39m
[32m[Nest] 28032  - [39m22/09/2026, 21:04:54 [32m    LOG[39m [38;5;3m[RouterExplorer] [39m[32mMapped {/api/v1/companies/branches/:branchId, DELETE} route[39m[38;5;3m +0ms[39m
[32m[Nest] 28032  - [39m22/09/2026, 21:04:54 [32m    LOG[39m [38;5;3m[RouterExplorer] [39m[32mMapped {/api/v1/companies/departments, POST} route[39m[38;5;3m +1ms[39m
[32m[Nest] 28032  - [39m22/09/2026, 21:04:54 [32m    LOG[39m [38;5;3m[RouterExplorer] [39m[32mMapped {/api/v1/companies/departments/:id, PATCH} route[39m[38;5;3m +0ms[39m
[32m[Nest] 28032  - [39m22/09/2026, 21:04:54 [32m    LOG[39m [38;5;3m[RouterExplorer] [39m[32mMapped {/api/v1/companies/departments/:id, DELETE} route[39m[38;5;3m +0ms[39m
[32m[Nest] 28032  - [39m22/09/2026, 21:04:54 [32m    LOG[39m [38;5;3m[RoutesResolver] [39m[32mEstateController {/api/v1/estates}:[39m[38;5;3m +0ms[39m
[32m[Nest] 28032  - [39m22/09/2026, 21:04:54 [32m    LOG[39m [38;5;3m[RouterExplorer] [39m[32mMapped {/api/v1/estates/public, GET} route[39m[38;5;3m +0ms[39m
[32m[Nest] 28032  - [39m22/09/2026, 21:04:54 [32m    LOG[39m [38;5;3m[RouterExplorer] [39m[32mMapped {/api/v1/estates, GET} route[39m[38;5;3m +0ms[39m
[32m[Nest] 28032  - [39m22/09/2026, 21:04:54 [32m    LOG[39m [38;5;3m[RouterExplorer] [39m[32mMapped {/api/v1/estates/:id, GET} route[39m[38;5;3m +0ms[39m
[32m[Nest] 28032  - [39m22/09/2026, 21:04:54 [32m    LOG[39m [38;5;3m[RouterExplorer] [39m[32mMapped {/api/v1/estates, POST} route[39m[38;5;3m +0ms[39m
[32m[Nest] 28032  - [39m22/09/2026, 21:04:54 [32m    LOG[39m [38;5;3m[RouterExplorer] [39m[32mMapped {/api/v1/estates/:id, PATCH} route[39m[38;5;3m +0ms[39m
[32m[Nest] 28032  - [39m22/09/2026, 21:04:54 [32m    LOG[39m [38;5;3m[RouterExplorer] [39m[32mMapped {/api/v1/estates/:id/phases, POST} route[39m[38;5;3m +0ms[39m
[32m[Nest] 28032  - [39m22/09/2026, 21:04:54 [32m    LOG[39m [38;5;3m[RouterExplorer] [39m[32mMapped {/api/v1/estates/:id/blocks, POST} route[39m[38;5;3m +0ms[39m
[32m[Nest] 28032  - [39m22/09/2026, 21:04:54 [32m    LOG[39m [38;5;3m[RouterExplorer] [39m[32mMapped {/api/v1/estates/:id/infrastructure, POST} route[39m[38;5;3m +0ms[39m
[32m[Nest] 28032  - [39m22/09/2026, 21:04:54 [32m    LOG[39m [38;5;3m[RouterExplorer] [39m[32mMapped {/api/v1/estates/:id/site-plan, POST} route[39m[38;5;3m +1ms[39m
[32m[Nest] 28032  - [39m22/09/2026, 21:04:54 [32m    LOG[39m [38;5;3m[RouterExplorer] [39m[32mMapped {/api/v1/estates/:id/building-types, PATCH} route[39m[38;5;3m +0ms[39m
[32m[Nest] 28032  - [39m22/09/2026, 21:04:54 [32m    LOG[39m [38;5;3m[RouterExplorer] [39m[32mMapped {/api/v1/estates/:id/building-type-image/:typeId, POST} route[39m[38;5;3m +0ms[39m
[32m[Nest] 28032  - [39m22/09/2026, 21:04:54 [32m    LOG[39m [38;5;3m[RouterExplorer] [39m[32mMapped {/api/v1/estates/:id/building-type-image/:typeId/:filename, DELETE} route[39m[38;5;3m +0ms[39m
[32m[Nest] 28032  - [39m22/09/2026, 21:04:54 [32m    LOG[39m [38;5;3m[RouterExplorer] [39m[32mMapped {/api/v1/estates/:id/permanent, DELETE} route[39m[38;5;3m +0ms[39m
[32m[Nest] 28032  - [39m22/09/2026, 21:04:54 [32m    LOG[39m [38;5;3m[RoutesResolver] [39m[32mPropertyController {/api/v1/properties}:[39m[38;5;3m +0ms[39m
[32m[Nest] 28032  - [39m22/09/2026, 21:04:54 [32m    LOG[39m [38;5;3m[RouterExplorer] [39m[32mMapped {/api/v1/properties/public, GET} route[39m[38;5;3m +0ms[39m
[32m[Nest] 28032  - [39m22/09/2026, 21:04:54 [32m    LOG[39m [38;5;3m[RouterExplorer] [39m[32mMapped {/api/v1/properties/public/:id, GET} route[39m[38;5;3m +0ms[39m
[32m[Nest] 28032  - [39m22/09/2026, 21:04:54 [32m    LOG[39m [38;5;3m[RouterExplorer] [39m[32mMapped {/api/v1/properties/public/inquiry, POST} route[39m[38;5;3m +0ms[39m
[32m[Nest] 28032  - [39m22/09/2026, 21:04:54 [32m    LOG[39m [38;5;3m[RouterExplorer] [39m[32mMapped {/api/v1/properties, GET} route[39m[38;5;3m +1ms[39m
[32m[Nest] 28032  - [39m22/09/2026, 21:04:54 [32m    LOG[39m [38;5;3m[RouterExplorer] [39m[32mMapped {/api/v1/properties/admin/inquiries, GET} route[39m[38;5;3m +0ms[39m
[32m[Nest] 28032  - [39m22/09/2026, 21:04:54 [32m    LOG[39m [38;5;3m[RouterExplorer] [39m[32mMapped {/api/v1/properties/admin/inquiries/:id/status, PATCH} route[39m[38;5;3m +0ms[39m
[32m[Nest] 28032  - [39m22/09/2026, 21:04:54 [32m    LOG[39m [38;5;3m[RouterExplorer] [39m[32mMapped {/api/v1/properties/admin/inquiries/:id/notes, PATCH} route[39m[38;5;3m +0ms[39m
[32m[Nest] 28032  - [39m22/09/2026, 21:04:54 [32m    LOG[39m [38;5;3m[RouterExplorer] [39m[32mMapped {/api/v1/properties/admin/inquiries/:id/convert, POST} route[39m[38;5;3m +0ms[39m
[32m[Nest] 28032  - [39m22/09/2026, 21:04:54 [32m    LOG[39m [38;5;3m[RouterExplorer] [39m[32mMapped {/api/v1/properties/:id, GET} route[39m[38;5;3m +0ms[39m
[32m[Nest] 28032  - [39m22/09/2026, 21:04:54 [32m    LOG[39m [38;5;3m[RouterExplorer] [39m[32mMapped {/api/v1/properties, POST} route[39m[38;5;3m +0ms[39m
[32m[Nest] 28032  - [39m22/09/2026, 21:04:54 [32m    LOG[39m [38;5;3m[RouterExplorer] [39m[32mMapped {/api/v1/properties/:id, PATCH} route[39m[38;5;3m +0ms[39m
[32m[Nest] 28032  - [39m22/09/2026, 21:04:54 [32m    LOG[39m [38;5;3m[RouterExplorer] [39m[32mMapped {/api/v1/properties/:id/status, POST} route[39m[38;5;3m +0ms[39m
[32m[Nest] 28032  - [39m22/09/2026, 21:04:54 [32m    LOG[39m [38;5;3m[RouterExplorer] [39m[32mMapped {/api/v1/properties/:id, DELETE} route[39m[38;5;3m +1ms[39m
[32m[Nest] 28032  - [39m22/09/2026, 21:04:54 [32m    LOG[39m [38;5;3m[RouterExplorer] [39m[32mMapped {/api/v1/properties/:id/permanent, DELETE} route[39m[38;5;3m +0ms[39m
[32m[Nest] 28032  - [39m22/09/2026, 21:04:54 [32m    LOG[39m [38;5;3m[RouterExplorer] [39m[32mMapped {/api/v1/properties/:id/media, POST} route[39m[38;5;3m +0ms[39m
[32m[Nest] 28032  - [39m22/09/2026, 21:04:54 [32m    LOG[39m [38;5;3m[RouterExplorer] [39m[32mMapped {/api/v1/properties/:id/media/:mediaId, DELETE} route[39m[38;5;3m +0ms[39m
[32m[Nest] 28032  - [39m22/09/2026, 21:04:54 [32m    LOG[39m [38;5;3m[RouterExplorer] [39m[32mMapped {/api/v1/properties/:id/media/:mediaId/cover, PATCH} route[39m[38;5;3m +0ms[39m
[32m[Nest] 28032  - [39m22/09/2026, 21:04:54 [32m    LOG[39m [38;5;3m[RouterExplorer] [39m[32mMapped {/api/v1/properties/:id/favorite, POST} route[39m[38;5;3m +0ms[39m
[32m[Nest] 28032  - [39m22/09/2026, 21:04:54 [32m    LOG[39m [38;5;3m[RouterExplorer] [39m[32mMapped {/api/v1/properties/:id/favorite-status, GET} route[39m[38;5;3m +0ms[39m
[32m[Nest] 28032  - [39m22/09/2026, 21:04:54 [32m    LOG[39m [38;5;3m[RoutesResolver] [39m[32mCustomerController {/api/v1/customers}:[39m[38;5;3m +0ms[39m
[32m[Nest] 28032  - [39m22/09/2026, 21:04:54 [32m    LOG[39m [38;5;3m[RouterExplorer] [39m[32mMapped {/api/v1/customers, GET} route[39m[38;5;3m +0ms[39m
[32m[Nest] 28032  - [39m22/09/2026, 21:04:54 [32m    LOG[39m [38;5;3m[RouterExplorer] [39m[32mMapped {/api/v1/customers/:id, GET} route[39m[38;5;3m +0ms[39m
[32m[Nest] 28032  - [39m22/09/2026, 21:04:54 [32m    LOG[39m [38;5;3m[RouterExplorer] [39m[32mMapped {/api/v1/customers, POST} route[39m[38;5;3m +1ms[39m
[32m[Nest] 28032  - [39m22/09/2026, 21:04:54 [32m    LOG[39m [38;5;3m[RouterExplorer] [39m[32mMapped {/api/v1/customers/:id, PATCH} route[39m[38;5;3m +0ms[39m
[32m[Nest] 28032  - [39m22/09/2026, 21:04:54 [32m    LOG[39m [38;5;3m[RouterExplorer] [39m[32mMapped {/api/v1/customers/:id/deactivate, POST} route[39m[38;5;3m +0ms[39m
[32m[Nest] 28032  - [39m22/09/2026, 21:04:54 [32m    LOG[39m [38;5;3m[RouterExplorer] [39m[32mMapped {/api/v1/customers/:id/activate, POST} route[39m[38;5;3m +0ms[39m
[32m[Nest] 28032  - [39m22/09/2026, 21:04:54 [32m    LOG[39m [38;5;3m[RouterExplorer] [39m[32mMapped {/api/v1/customers/:id, DELETE} route[39m[38;5;3m +0ms[39m
[32m[Nest] 28032  - [39m22/09/2026, 21:04:54 [32m    LOG[39m [38;5;3m[RoutesResolver] [39m[32mReservationController {/api/v1/reservations}:[39m[38;5;3m +0ms[39m
[32m[Nest] 28032  - [39m22/09/2026, 21:04:54 [32m    LOG[39m [38;5;3m[RouterExplorer] [39m[32mMapped {/api/v1/reservations/public, POST} route[39m[38;5;3m +0ms[39m
[32m[Nest] 28032  - [39m22/09/2026, 21:04:54 [32m    LOG[39m [38;5;3m[RouterExplorer] [39m[32mMapped {/api/v1/reservations, GET} route[39m[38;5;3m +1ms[39m
[32m[Nest] 28032  - [39m22/09/2026, 21:04:54 [32m    LOG[39m [38;5;3m[RouterExplorer] [39m[32mMapped {/api/v1/reservations/mine, GET} route[39m[38;5;3m +0ms[39m
[32m[Nest] 28032  - [39m22/09/2026, 21:04:54 [32m    LOG[39m [38;5;3m[RouterExplorer] [39m[32mMapped {/api/v1/reservations/:id, GET} route[39m[38;5;3m +0ms[39m
[32m[Nest] 28032  - [39m22/09/2026, 21:04:54 [32m    LOG[39m [38;5;3m[RouterExplorer] [39m[32mMapped {/api/v1/reservations/:id/timeline, GET} route[39m[38;5;3m +0ms[39m
[32m[Nest] 28032  - [39m22/09/2026, 21:04:54 [32m    LOG[39m [38;5;3m[RouterExplorer] [39m[32mMapped {/api/v1/reservations/:id/status, PATCH} route[39m[38;5;3m +0ms[39m
[32m[Nest] 28032  - [39m22/09/2026, 21:04:54 [32m    LOG[39m [38;5;3m[RoutesResolver] [39m[32mSaleController {/api/v1/sales}:[39m[38;5;3m +0ms[39m
[32m[Nest] 28032  - [39m22/09/2026, 21:04:54 [32m    LOG[39m [38;5;3m[RouterExplorer] [39m[32mMapped {/api/v1/sales, GET} route[39m[38;5;3m +0ms[39m
[32m[Nest] 28032  - [39m22/09/2026, 21:04:54 [32m    LOG[39m [38;5;3m[RouterExplorer] [39m[32mMapped {/api/v1/sales/:id, GET} route[39m[38;5;3m +0ms[39m
[32m[Nest] 28032  - [39m22/09/2026, 21:04:54 [32m    LOG[39m [38;5;3m[RouterExplorer] [39m[32mMapped {/api/v1/sales, POST} route[39m[38;5;3m +0ms[39m
[32m[Nest] 28032  - [39m22/09/2026, 21:04:54 [32m    LOG[39m [38;5;3m[RouterExplorer] [39m[32mMapped {/api/v1/sales/:id/status, PATCH} route[39m[38;5;3m +0ms[39m
[32m[Nest] 28032  - [39m22/09/2026, 21:04:54 [32m    LOG[39m [38;5;3m[RoutesResolver] [39m[32mPaymentController {/api/v1/payments}:[39m[38;5;3m +0ms[39m
[32m[Nest] 28032  - [39m22/09/2026, 21:04:54 [32m    LOG[39m [38;5;3m[RouterExplorer] [39m[32mMapped {/api/v1/payments, POST} route[39m[38;5;3m +1ms[39m
[32m[Nest] 28032  - [39m22/09/2026, 21:04:54 [32m    LOG[39m [38;5;3m[RouterExplorer] [39m[32mMapped {/api/v1/payments, GET} route[39m[38;5;3m +0ms[39m
[32m[Nest] 28032  - [39m22/09/2026, 21:04:54 [32m    LOG[39m [38;5;3m[RouterExplorer] [39m[32mMapped {/api/v1/payments/:id, GET} route[39m[38;5;3m +0ms[39m
[32m[Nest] 28032  - [39m22/09/2026, 21:04:54 [32m    LOG[39m [38;5;3m[RouterExplorer] [39m[32mMapped {/api/v1/payments/:id/verify, PATCH} route[39m[38;5;3m +0ms[39m
[32m[Nest] 28032  - [39m22/09/2026, 21:04:54 [32m    LOG[39m [38;5;3m[RouterExplorer] [39m[32mMapped {/api/v1/payments/:id/reject, PATCH} route[39m[38;5;3m +0ms[39m
[32m[Nest] 28032  - [39m22/09/2026, 21:04:54 [32m    LOG[39m [38;5;3m[RoutesResolver] [39m[32mInspectionController {/api/v1/inspections}:[39m[38;5;3m +0ms[39m
[32m[Nest] 28032  - [39m22/09/2026, 21:04:54 [32m    LOG[39m [38;5;3m[RouterExplorer] [39m[32mMapped {/api/v1/inspections, POST} route[39m[38;5;3m +0ms[39m
[32m[Nest] 28032  - [39m22/09/2026, 21:04:54 [32m    LOG[39m [38;5;3m[RouterExplorer] [39m[32mMapped {/api/v1/inspections, GET} route[39m[38;5;3m +0ms[39m
[32m[Nest] 28032  - [39m22/09/2026, 21:04:54 [32m    LOG[39m [38;5;3m[RouterExplorer] [39m[32mMapped {/api/v1/inspections/:id, GET} route[39m[38;5;3m +0ms[39m
[32m[Nest] 28032  - [39m22/09/2026, 21:04:54 [32m    LOG[39m [38;5;3m[RouterExplorer] [39m[32mMapped {/api/v1/inspections/:id/start, PATCH} route[39m[38;5;3m +0ms[39m
[32m[Nest] 28032  - [39m22/09/2026, 21:04:54 [32m    LOG[39m [38;5;3m[RouterExplorer] [39m[32mMapped {/api/v1/inspections/:id/complete, PATCH} route[39m[38;5;3m +0ms[39m
[32m[Nest] 28032  - [39m22/09/2026, 21:04:54 [32m    LOG[39m [38;5;3m[RouterExplorer] [39m[32mMapped {/api/v1/inspections/:id/cancel, PATCH} route[39m[38;5;3m +1ms[39m
[32m[Nest] 28032  - [39m22/09/2026, 21:04:54 [32m    LOG[39m [38;5;3m[RouterExplorer] [39m[32mMapped {/api/v1/inspections/:id/fail, PATCH} route[39m[38;5;3m +0ms[39m
[32m[Nest] 28032  - [39m22/09/2026, 21:04:54 [32m    LOG[39m [38;5;3m[RoutesResolver] [39m[32mDocumentController {/api/v1/documents}:[39m[38;5;3m +0ms[39m
[32m[Nest] 28032  - [39m22/09/2026, 21:04:54 [32m    LOG[39m [38;5;3m[RouterExplorer] [39m[32mMapped {/api/v1/documents/upload, POST} route[39m[38;5;3m +0ms[39m
[32m[Nest] 28032  - [39m22/09/2026, 21:04:54 [32m    LOG[39m [38;5;3m[RouterExplorer] [39m[32mMapped {/api/v1/documents, GET} route[39m[38;5;3m +0ms[39m
[32m[Nest] 28032  - [39m22/09/2026, 21:04:54 [32m    LOG[39m [38;5;3m[RouterExplorer] [39m[32mMapped {/api/v1/documents/:id, GET} route[39m[38;5;3m +0ms[39m
[32m[Nest] 28032  - [39m22/09/2026, 21:04:54 [32m    LOG[39m [38;5;3m[RouterExplorer] [39m[32mMapped {/api/v1/documents/:id/download, GET} route[39m[38;5;3m +0ms[39m
[32m[Nest] 28032  - [39m22/09/2026, 21:04:54 [32m    LOG[39m [38;5;3m[RouterExplorer] [39m[32mMapped {/api/v1/documents/:id/status, PATCH} route[39m[38;5;3m +0ms[39m
[32m[Nest] 28032  - [39m22/09/2026, 21:04:54 [32m    LOG[39m [38;5;3m[RouterExplorer] [39m[32mMapped {/api/v1/documents/:id, DELETE} route[39m[38;5;3m +0ms[39m
[32m[Nest] 28032  - [39m22/09/2026, 21:04:54 [32m    LOG[39m [38;5;3m[RoutesResolver] [39m[32mEmployeeController {/api/v1/employees}:[39m[38;5;3m +0ms[39m
[32m[Nest] 28032  - [39m22/09/2026, 21:04:54 [32m    LOG[39m [38;5;3m[RouterExplorer] [39m[32mMapped {/api/v1/employees, GET} route[39m[38;5;3m +0ms[39m
[32m[Nest] 28032  - [39m22/09/2026, 21:04:54 [32m    LOG[39m [38;5;3m[RouterExplorer] [39m[32mMapped {/api/v1/employees/departments, GET} route[39m[38;5;3m +0ms[39m
[32m[Nest] 28032  - [39m22/09/2026, 21:04:54 [32m    LOG[39m [38;5;3m[RouterExplorer] [39m[32mMapped {/api/v1/employees/roles, GET} route[39m[38;5;3m +0ms[39m
[32m[Nest] 28032  - [39m22/09/2026, 21:04:54 [32m    LOG[39m [38;5;3m[RouterExplorer] [39m[32mMapped {/api/v1/employees/:id, GET} route[39m[38;5;3m +0ms[39m
[32m[Nest] 28032  - [39m22/09/2026, 21:04:54 [32m    LOG[39m [38;5;3m[RouterExplorer] [39m[32mMapped {/api/v1/employees, POST} route[39m[38;5;3m +0ms[39m
[32m[Nest] 28032  - [39m22/09/2026, 21:04:54 [32m    LOG[39m [38;5;3m[RouterExplorer] [39m[32mMapped {/api/v1/employees/:id, PATCH} route[39m[38;5;3m +1ms[39m
[32m[Nest] 28032  - [39m22/09/2026, 21:04:54 [32m    LOG[39m [38;5;3m[RouterExplorer] [39m[32mMapped {/api/v1/employees/:id, DELETE} route[39m[38;5;3m +0ms[39m
[32m[Nest] 28032  - [39m22/09/2026, 21:04:54 [32m    LOG[39m [38;5;3m[RouterExplorer] [39m[32mMapped {/api/v1/employees/:id/roles, POST} route[39m[38;5;3m +0ms[39m
[32m[Nest] 28032  - [39m22/09/2026, 21:04:54 [32m    LOG[39m [38;5;3m[RouterExplorer] [39m[32mMapped {/api/v1/employees/:id/roles/remove, POST} route[39m[38;5;3m +0ms[39m
[32m[Nest] 28032  - [39m22/09/2026, 21:04:54 [32m    LOG[39m [38;5;3m[RoutesResolver] [39m[32mVendorController {/api/v1/vendors}:[39m[38;5;3m +0ms[39m
[32m[Nest] 28032  - [39m22/09/2026, 21:04:54 [32m    LOG[39m [38;5;3m[RoutesResolver] [39m[32mAppointmentController {/api/v1/appointments}:[39m[38;5;3m +0ms[39m
[32m[Nest] 28032  - [39m22/09/2026, 21:04:54 [32m    LOG[39m [38;5;3m[RoutesResolver] [39m[32mNotificationController {/api/v1/notifications}:[39m[38;5;3m +0ms[39m
[32m[Nest] 28032  - [39m22/09/2026, 21:04:54 [32m    LOG[39m [38;5;3m[RoutesResolver] [39m[32mAiController {/api/v1/ai}:[39m[38;5;3m +0ms[39m
[32m[Nest] 28032  - [39m22/09/2026, 21:04:54 [32m    LOG[39m [38;5;3m[RoutesResolver] [39m[32mDashboardController {/api/v1/dashboard}:[39m[38;5;3m +0ms[39m
[32m[Nest] 28032  - [39m22/09/2026, 21:04:54 [32m    LOG[39m [38;5;3m[RouterExplorer] [39m[32mMapped {/api/v1/dashboard/stats, GET} route[39m[38;5;3m +0ms[39m
[32m[Nest] 28032  - [39m22/09/2026, 21:04:54 [32m    LOG[39m [38;5;3m[RoutesResolver] [39m[32mPosterController {/api/v1/posters}:[39m[38;5;3m +0ms[39m
[32m[Nest] 28032  - [39m22/09/2026, 21:04:54 [32m    LOG[39m [38;5;3m[RouterExplorer] [39m[32mMapped {/api/v1/posters/public, GET} route[39m[38;5;3m +0ms[39m
[32m[Nest] 28032  - [39m22/09/2026, 21:04:54 [32m    LOG[39m [38;5;3m[RouterExplorer] [39m[32mMapped {/api/v1/posters, GET} route[39m[38;5;3m +0ms[39m
[32m[Nest] 28032  - [39m22/09/2026, 21:04:54 [32m    LOG[39m [38;5;3m[RouterExplorer] [39m[32mMapped {/api/v1/posters, POST} route[39m[38;5;3m +0ms[39m
[32m[Nest] 28032  - [39m22/09/2026, 21:04:54 [32m    LOG[39m [38;5;3m[RouterExplorer] [39m[32mMapped {/api/v1/posters/:id, PATCH} route[39m[38;5;3m +0ms[39m
[32m[Nest] 28032  - [39m22/09/2026, 21:04:54 [32m    LOG[39m [38;5;3m[RouterExplorer] [39m[32mMapped {/api/v1/posters/:id/toggle, PATCH} route[39m[38;5;3m +0ms[39m
[32m[Nest] 28032  - [39m22/09/2026, 21:04:54 [32m    LOG[39m [38;5;3m[RouterExplorer] [39m[32mMapped {/api/v1/posters/:id, DELETE} route[39m[38;5;3m +0ms[39m
[2J[3J[H[[90m21:04:55[0m] File change detected. Starting incremental compilation...

[[90m21:04:55[0m] Found 0 errors. Watching for file changes.

[32m[Nest] 32868  - [39m22/09/2026, 21:04:56 [32m    LOG[39m [38;5;3m[NestFactory] [39m[32mStarting Nest application...[39m
[32m[Nest] 32868  - [39m22/09/2026, 21:04:56 [32m    LOG[39m [38;5;3m[InstanceLoader] [39m[32mPrismaModule dependencies initialized[39m[38;5;3m +25ms[39m
[32m[Nest] 32868  - [39m22/09/2026, 21:04:56 [32m    LOG[39m [38;5;3m[InstanceLoader] [39m[32mPassportModule dependencies initialized[39m[38;5;3m +0ms[39m
[32m[Nest] 32868  - [39m22/09/2026, 21:04:56 [32m    LOG[39m [38;5;3m[InstanceLoader] [39m[32mConfigHostModule dependencies initialized[39m[38;5;3m +6ms[39m
[32m[Nest] 32868  - [39m22/09/2026, 21:04:56 [32m    LOG[39m [38;5;3m[InstanceLoader] [39m[32mThrottlerModule dependencies initialized[39m[38;5;3m +0ms[39m
[33m[Nest] 32868  - [39m22/09/2026, 21:04:56 [33m   WARN[39m [38;5;3m[EmailService] [39m[33mSMTP not configured — emails will be logged to console. Set SMTP_HOST, SMTP_USER, SMTP_PASS in .env to enable sending.[39m
[32m[Nest] 32868  - [39m22/09/2026, 21:04:56 [32m    LOG[39m [38;5;3m[InstanceLoader] [39m[32mConfigModule dependencies initialized[39m[38;5;3m +1ms[39m
[32m[Nest] 32868  - [39m22/09/2026, 21:04:56 [32m    LOG[39m [38;5;3m[InstanceLoader] [39m[32mConfigModule dependencies initialized[39m[38;5;3m +0ms[39m
[32m[Nest] 32868  - [39m22/09/2026, 21:04:56 [32m    LOG[39m [38;5;3m[InstanceLoader] [39m[32mNotificationModule dependencies initialized[39m[38;5;3m +1ms[39m
[32m[Nest] 32868  - [39m22/09/2026, 21:04:56 [32m    LOG[39m [38;5;3m[InstanceLoader] [39m[32mAiModule dependencies initialized[39m[38;5;3m +0ms[39m
[32m[Nest] 32868  - [39m22/09/2026, 21:04:56 [32m    LOG[39m [38;5;3m[InstanceLoader] [39m[32mEmailModule dependencies initialized[39m[38;5;3m +0ms[39m
[32m[Nest] 32868  - [39m22/09/2026, 21:04:56 [32m    LOG[39m [38;5;3m[InstanceLoader] [39m[32mStorageModule dependencies initialized[39m[38;5;3m +0ms[39m
[32m[Nest] 32868  - [39m22/09/2026, 21:04:56 [32m    LOG[39m [38;5;3m[InstanceLoader] [39m[32mJwtModule dependencies initialized[39m[38;5;3m +1ms[39m
[32m[Nest] 32868  - [39m22/09/2026, 21:04:56 [32m    LOG[39m [38;5;3m[InstanceLoader] [39m[32mVendorModule dependencies initialized[39m[38;5;3m +1ms[39m
[32m[Nest] 32868  - [39m22/09/2026, 21:04:56 [32m    LOG[39m [38;5;3m[InstanceLoader] [39m[32mAppointmentModule dependencies initialized[39m[38;5;3m +0ms[39m
[32m[Nest] 32868  - [39m22/09/2026, 21:04:56 [32m    LOG[39m [38;5;3m[InstanceLoader] [39m[32mEmployeeModule dependencies initialized[39m[38;5;3m +1ms[39m
[32m[Nest] 32868  - [39m22/09/2026, 21:04:56 [32m    LOG[39m [38;5;3m[InstanceLoader] [39m[32mDashboardModule dependencies initialized[39m[38;5;3m +0ms[39m
[32m[Nest] 32868  - [39m22/09/2026, 21:04:56 [32m    LOG[39m [38;5;3m[InstanceLoader] [39m[32mAuditModule dependencies initialized[39m[38;5;3m +0ms[39m
[32m[Nest] 32868  - [39m22/09/2026, 21:04:56 [32m    LOG[39m [38;5;3m[InstanceLoader] [39m[32mAppModule dependencies initialized[39m[38;5;3m +0ms[39m
[32m[Nest] 32868  - [39m22/09/2026, 21:04:56 [32m    LOG[39m [38;5;3m[InstanceLoader] [39m[32mCustomerModule dependencies initialized[39m[38;5;3m +0ms[39m
[32m[Nest] 32868  - [39m22/09/2026, 21:04:56 [32m    LOG[39m [38;5;3m[InstanceLoader] [39m[32mSaleModule dependencies initialized[39m[38;5;3m +0ms[39m
[32m[Nest] 32868  - [39m22/09/2026, 21:04:56 [32m    LOG[39m [38;5;3m[InstanceLoader] [39m[32mPaymentModule dependencies initialized[39m[38;5;3m +0ms[39m
[32m[Nest] 32868  - [39m22/09/2026, 21:04:56 [32m    LOG[39m [38;5;3m[InstanceLoader] [39m[32mInspectionModule dependencies initialized[39m[38;5;3m +0ms[39m
[32m[Nest] 32868  - [39m22/09/2026, 21:04:56 [32m    LOG[39m [38;5;3m[InstanceLoader] [39m[32mCompanyModule dependencies initialized[39m[38;5;3m +0ms[39m
[32m[Nest] 32868  - [39m22/09/2026, 21:04:56 [32m    LOG[39m [38;5;3m[InstanceLoader] [39m[32mReservationModule dependencies initialized[39m[38;5;3m +0ms[39m
[32m[Nest] 32868  - [39m22/09/2026, 21:04:56 [32m    LOG[39m [38;5;3m[InstanceLoader] [39m[32mDocumentModule dependencies initialized[39m[38;5;3m +0ms[39m
[32m[Nest] 32868  - [39m22/09/2026, 21:04:56 [32m    LOG[39m [38;5;3m[InstanceLoader] [39m[32mEstateModule dependencies initialized[39m[38;5;3m +0ms[39m
[32m[Nest] 32868  - [39m22/09/2026, 21:04:56 [32m    LOG[39m [38;5;3m[InstanceLoader] [39m[32mPropertyModule dependencies initialized[39m[38;5;3m +0ms[39m
[32m[Nest] 32868  - [39m22/09/2026, 21:04:56 [32m    LOG[39m [38;5;3m[InstanceLoader] [39m[32mPosterModule dependencies initialized[39m[38;5;3m +0ms[39m
[32m[Nest] 32868  - [39m22/09/2026, 21:04:56 [32m    LOG[39m [38;5;3m[InstanceLoader] [39m[32mAuthModule dependencies initialized[39m[38;5;3m +0ms[39m
[32m[Nest] 32868  - [39m22/09/2026, 21:04:57 [32m    LOG[39m [38;5;3m[RoutesResolver] [39m[32mHealthController {/api/v1/health}:[39m[38;5;3m +421ms[39m
[32m[Nest] 32868  - [39m22/09/2026, 21:04:57 [32m    LOG[39m [38;5;3m[RouterExplorer] [39m[32mMapped {/api/v1/health, GET} route[39m[38;5;3m +2ms[39m
[32m[Nest] 32868  - [39m22/09/2026, 21:04:57 [32m    LOG[39m [38;5;3m[RoutesResolver] [39m[32mAuditController {/api/v1/audit-logs}:[39m[38;5;3m +0ms[39m
[32m[Nest] 32868  - [39m22/09/2026, 21:04:57 [32m    LOG[39m [38;5;3m[RouterExplorer] [39m[32mMapped {/api/v1/audit-logs, GET} route[39m[38;5;3m +0ms[39m
[32m[Nest] 32868  - [39m22/09/2026, 21:04:57 [32m    LOG[39m [38;5;3m[RoutesResolver] [39m[32mAuthController {/api/v1/auth}:[39m[38;5;3m +0ms[39m
[32m[Nest] 32868  - [39m22/09/2026, 21:04:57 [32m    LOG[39m [38;5;3m[RouterExplorer] [39m[32mMapped {/api/v1/auth/login, POST} route[39m[38;5;3m +1ms[39m
[32m[Nest] 32868  - [39m22/09/2026, 21:04:57 [32m    LOG[39m [38;5;3m[RouterExplorer] [39m[32mMapped {/api/v1/auth/refresh, POST} route[39m[38;5;3m +0ms[39m
[32m[Nest] 32868  - [39m22/09/2026, 21:04:57 [32m    LOG[39m [38;5;3m[RouterExplorer] [39m[32mMapped {/api/v1/auth/logout, POST} route[39m[38;5;3m +0ms[39m
[32m[Nest] 32868  - [39m22/09/2026, 21:04:57 [32m    LOG[39m [38;5;3m[RouterExplorer] [39m[32mMapped {/api/v1/auth/change-password, POST} route[39m[38;5;3m +0ms[39m
[32m[Nest] 32868  - [39m22/09/2026, 21:04:57 [32m    LOG[39m [38;5;3m[RouterExplorer] [39m[32mMapped {/api/v1/auth/me, POST} route[39m[38;5;3m +1ms[39m
[32m[Nest] 32868  - [39m22/09/2026, 21:04:57 [32m    LOG[39m [38;5;3m[RouterExplorer] [39m[32mMapped {/api/v1/auth/super/login, POST} route[39m[38;5;3m +0ms[39m
[32m[Nest] 32868  - [39m22/09/2026, 21:04:57 [32m    LOG[39m [38;5;3m[RouterExplorer] [39m[32mMapped {/api/v1/auth/customer/register, POST} route[39m[38;5;3m +0ms[39m
[32m[Nest] 32868  - [39m22/09/2026, 21:04:57 [32m    LOG[39m [38;5;3m[RouterExplorer] [39m[32mMapped {/api/v1/auth/customer/login, POST} route[39m[38;5;3m +0ms[39m
[32m[Nest] 32868  - [39m22/09/2026, 21:04:57 [32m    LOG[39m [38;5;3m[RouterExplorer] [39m[32mMapped {/api/v1/auth/customer/me, GET} route[39m[38;5;3m +0ms[39m
[32m[Nest] 32868  - [39m22/09/2026, 21:04:57 [32m    LOG[39m [38;5;3m[RouterExplorer] [39m[32mMapped {/api/v1/auth/customer/profile, PATCH} route[39m[38;5;3m +0ms[39m
[32m[Nest] 32868  - [39m22/09/2026, 21:04:57 [32m    LOG[39m [38;5;3m[RoutesResolver] [39m[32mCompanyController {/api/v1/companies}:[39m[38;5;3m +1ms[39m
[32m[Nest] 32868  - [39m22/09/2026, 21:04:57 [32m    LOG[39m [38;5;3m[RouterExplorer] [39m[32mMapped {/api/v1/companies, POST} route[39m[38;5;3m +0ms[39m
[32m[Nest] 32868  - [39m22/09/2026, 21:04:57 [32m    LOG[39m [38;5;3m[RouterExplorer] [39m[32mMapped {/api/v1/companies, GET} route[39m[38;5;3m +0ms[39m
[32m[Nest] 32868  - [39m22/09/2026, 21:04:57 [32m    LOG[39m [38;5;3m[RouterExplorer] [39m[32mMapped {/api/v1/companies/departments, GET} route[39m[38;5;3m +0ms[39m
[32m[Nest] 32868  - [39m22/09/2026, 21:04:57 [32m    LOG[39m [38;5;3m[RouterExplorer] [39m[32mMapped {/api/v1/companies/:id, GET} route[39m[38;5;3m +0ms[39m
[32m[Nest] 32868  - [39m22/09/2026, 21:04:57 [32m    LOG[39m [38;5;3m[RouterExplorer] [39m[32mMapped {/api/v1/companies/:id, PATCH} route[39m[38;5;3m +0ms[39m
[32m[Nest] 32868  - [39m22/09/2026, 21:04:57 [32m    LOG[39m [38;5;3m[RouterExplorer] [39m[32mMapped {/api/v1/companies/:id/branches, POST} route[39m[38;5;3m +0ms[39m
[32m[Nest] 32868  - [39m22/09/2026, 21:04:57 [32m    LOG[39m [38;5;3m[RouterExplorer] [39m[32mMapped {/api/v1/companies/branches/:branchId, PATCH} route[39m[38;5;3m +1ms[39m
[32m[Nest] 32868  - [39m22/09/2026, 21:04:57 [32m    LOG[39m [38;5;3m[RouterExplorer] [39m[32mMapped {/api/v1/companies/branches/:branchId, DELETE} route[39m[38;5;3m +0ms[39m
[32m[Nest] 32868  - [39m22/09/2026, 21:04:57 [32m    LOG[39m [38;5;3m[RouterExplorer] [39m[32mMapped {/api/v1/companies/departments, POST} route[39m[38;5;3m +0ms[39m
[32m[Nest] 32868  - [39m22/09/2026, 21:04:57 [32m    LOG[39m [38;5;3m[RouterExplorer] [39m[32mMapped {/api/v1/companies/departments/:id, PATCH} route[39m[38;5;3m +0ms[39m
[32m[Nest] 32868  - [39m22/09/2026, 21:04:57 [32m    LOG[39m [38;5;3m[RouterExplorer] [39m[32mMapped {/api/v1/companies/departments/:id, DELETE} route[39m[38;5;3m +0ms[39m
[32m[Nest] 32868  - [39m22/09/2026, 21:04:57 [32m    LOG[39m [38;5;3m[RoutesResolver] [39m[32mEstateController {/api/v1/estates}:[39m[38;5;3m +0ms[39m
[32m[Nest] 32868  - [39m22/09/2026, 21:04:57 [32m    LOG[39m [38;5;3m[RouterExplorer] [39m[32mMapped {/api/v1/estates/public, GET} route[39m[38;5;3m +0ms[39m
[32m[Nest] 32868  - [39m22/09/2026, 21:04:57 [32m    LOG[39m [38;5;3m[RouterExplorer] [39m[32mMapped {/api/v1/estates, GET} route[39m[38;5;3m +0ms[39m
[32m[Nest] 32868  - [39m22/09/2026, 21:04:57 [32m    LOG[39m [38;5;3m[RouterExplorer] [39m[32mMapped {/api/v1/estates/:id, GET} route[39m[38;5;3m +0ms[39m
[32m[Nest] 32868  - [39m22/09/2026, 21:04:57 [32m    LOG[39m [38;5;3m[RouterExplorer] [39m[32mMapped {/api/v1/estates, POST} route[39m[38;5;3m +0ms[39m
[32m[Nest] 32868  - [39m22/09/2026, 21:04:57 [32m    LOG[39m [38;5;3m[RouterExplorer] [39m[32mMapped {/api/v1/estates/:id, PATCH} route[39m[38;5;3m +0ms[39m
[32m[Nest] 32868  - [39m22/09/2026, 21:04:57 [32m    LOG[39m [38;5;3m[RouterExplorer] [39m[32mMapped {/api/v1/estates/:id/phases, POST} route[39m[38;5;3m +0ms[39m
[32m[Nest] 32868  - [39m22/09/2026, 21:04:57 [32m    LOG[39m [38;5;3m[RouterExplorer] [39m[32mMapped {/api/v1/estates/:id/blocks, POST} route[39m[38;5;3m +0ms[39m
[32m[Nest] 32868  - [39m22/09/2026, 21:04:57 [32m    LOG[39m [38;5;3m[RouterExplorer] [39m[32mMapped {/api/v1/estates/:id/infrastructure, POST} route[39m[38;5;3m +1ms[39m
[32m[Nest] 32868  - [39m22/09/2026, 21:04:57 [32m    LOG[39m [38;5;3m[RouterExplorer] [39m[32mMapped {/api/v1/estates/:id/site-plan, POST} route[39m[38;5;3m +0ms[39m
[32m[Nest] 32868  - [39m22/09/2026, 21:04:57 [32m    LOG[39m [38;5;3m[RouterExplorer] [39m[32mMapped {/api/v1/estates/:id/building-types, PATCH} route[39m[38;5;3m +0ms[39m
[32m[Nest] 32868  - [39m22/09/2026, 21:04:57 [32m    LOG[39m [38;5;3m[RouterExplorer] [39m[32mMapped {/api/v1/estates/:id/building-type-image/:typeId, POST} route[39m[38;5;3m +0ms[39m
[32m[Nest] 32868  - [39m22/09/2026, 21:04:57 [32m    LOG[39m [38;5;3m[RouterExplorer] [39m[32mMapped {/api/v1/estates/:id/building-type-image/:typeId/:filename, DELETE} route[39m[38;5;3m +0ms[39m
[32m[Nest] 32868  - [39m22/09/2026, 21:04:57 [32m    LOG[39m [38;5;3m[RouterExplorer] [39m[32mMapped {/api/v1/estates/:id/permanent, DELETE} route[39m[38;5;3m +0ms[39m
[32m[Nest] 32868  - [39m22/09/2026, 21:04:57 [32m    LOG[39m [38;5;3m[RoutesResolver] [39m[32mPropertyController {/api/v1/properties}:[39m[38;5;3m +0ms[39m
[32m[Nest] 32868  - [39m22/09/2026, 21:04:57 [32m    LOG[39m [38;5;3m[RouterExplorer] [39m[32mMapped {/api/v1/properties/public, GET} route[39m[38;5;3m +0ms[39m
[32m[Nest] 32868  - [39m22/09/2026, 21:04:57 [32m    LOG[39m [38;5;3m[RouterExplorer] [39m[32mMapped {/api/v1/properties/public/:id, GET} route[39m[38;5;3m +0ms[39m
[32m[Nest] 32868  - [39m22/09/2026, 21:04:57 [32m    LOG[39m [38;5;3m[RouterExplorer] [39m[32mMapped {/api/v1/properties/public/inquiry, POST} route[39m[38;5;3m +0ms[39m
[32m[Nest] 32868  - [39m22/09/2026, 21:04:57 [32m    LOG[39m [38;5;3m[RouterExplorer] [39m[32mMapped {/api/v1/properties, GET} route[39m[38;5;3m +0ms[39m
[32m[Nest] 32868  - [39m22/09/2026, 21:04:57 [32m    LOG[39m [38;5;3m[RouterExplorer] [39m[32mMapped {/api/v1/properties/admin/inquiries, GET} route[39m[38;5;3m +0ms[39m
[32m[Nest] 32868  - [39m22/09/2026, 21:04:57 [32m    LOG[39m [38;5;3m[RouterExplorer] [39m[32mMapped {/api/v1/properties/admin/inquiries/:id/status, PATCH} route[39m[38;5;3m +2ms[39m
[32m[Nest] 32868  - [39m22/09/2026, 21:04:57 [32m    LOG[39m [38;5;3m[RouterExplorer] [39m[32mMapped {/api/v1/properties/admin/inquiries/:id/notes, PATCH} route[39m[38;5;3m +0ms[39m
[32m[Nest] 32868  - [39m22/09/2026, 21:04:57 [32m    LOG[39m [38;5;3m[RouterExplorer] [39m[32mMapped {/api/v1/properties/admin/inquiries/:id/convert, POST} route[39m[38;5;3m +0ms[39m
[32m[Nest] 32868  - [39m22/09/2026, 21:04:57 [32m    LOG[39m [38;5;3m[RouterExplorer] [39m[32mMapped {/api/v1/properties/:id, GET} route[39m[38;5;3m +1ms[39m
[32m[Nest] 32868  - [39m22/09/2026, 21:04:57 [32m    LOG[39m [38;5;3m[RouterExplorer] [39m[32mMapped {/api/v1/properties, POST} route[39m[38;5;3m +0ms[39m
[32m[Nest] 32868  - [39m22/09/2026, 21:04:57 [32m    LOG[39m [38;5;3m[RouterExplorer] [39m[32mMapped {/api/v1/properties/:id, PATCH} route[39m[38;5;3m +0ms[39m
[32m[Nest] 32868  - [39m22/09/2026, 21:04:57 [32m    LOG[39m [38;5;3m[RouterExplorer] [39m[32mMapped {/api/v1/properties/:id/status, POST} route[39m[38;5;3m +0ms[39m
[32m[Nest] 32868  - [39m22/09/2026, 21:04:57 [32m    LOG[39m [38;5;3m[RouterExplorer] [39m[32mMapped {/api/v1/properties/:id, DELETE} route[39m[38;5;3m +0ms[39m
[32m[Nest] 32868  - [39m22/09/2026, 21:04:57 [32m    LOG[39m [38;5;3m[RouterExplorer] [39m[32mMapped {/api/v1/properties/:id/permanent, DELETE} route[39m[38;5;3m +0ms[39m
[32m[Nest] 32868  - [39m22/09/2026, 21:04:57 [32m    LOG[39m [38;5;3m[RouterExplorer] [39m[32mMapped {/api/v1/properties/:id/media, POST} route[39m[38;5;3m +0ms[39m
[32m[Nest] 32868  - [39m22/09/2026, 21:04:57 [32m    LOG[39m [38;5;3m[RouterExplorer] [39m[32mMapped {/api/v1/properties/:id/media/:mediaId, DELETE} route[39m[38;5;3m +0ms[39m
[32m[Nest] 32868  - [39m22/09/2026, 21:04:57 [32m    LOG[39m [38;5;3m[RouterExplorer] [39m[32mMapped {/api/v1/properties/:id/media/:mediaId/cover, PATCH} route[39m[38;5;3m +0ms[39m
[32m[Nest] 32868  - [39m22/09/2026, 21:04:57 [32m    LOG[39m [38;5;3m[RouterExplorer] [39m[32mMapped {/api/v1/properties/:id/favorite, POST} route[39m[38;5;3m +0ms[39m
[32m[Nest] 32868  - [39m22/09/2026, 21:04:57 [32m    LOG[39m [38;5;3m[RouterExplorer] [39m[32mMapped {/api/v1/properties/:id/favorite-status, GET} route[39m[38;5;3m +0ms[39m
[32m[Nest] 32868  - [39m22/09/2026, 21:04:57 [32m    LOG[39m [38;5;3m[RoutesResolver] [39m[32mCustomerController {/api/v1/customers}:[39m[38;5;3m +0ms[39m
[32m[Nest] 32868  - [39m22/09/2026, 21:04:57 [32m    LOG[39m [38;5;3m[RouterExplorer] [39m[32mMapped {/api/v1/customers, GET} route[39m[38;5;3m +0ms[39m
[32m[Nest] 32868  - [39m22/09/2026, 21:04:57 [32m    LOG[39m [38;5;3m[RouterExplorer] [39m[32mMapped {/api/v1/customers/:id, GET} route[39m[38;5;3m +0ms[39m
[32m[Nest] 32868  - [39m22/09/2026, 21:04:57 [32m    LOG[39m [38;5;3m[RouterExplorer] [39m[32mMapped {/api/v1/customers, POST} route[39m[38;5;3m +1ms[39m
[32m[Nest] 32868  - [39m22/09/2026, 21:04:57 [32m    LOG[39m [38;5;3m[RouterExplorer] [39m[32mMapped {/api/v1/customers/:id, PATCH} route[39m[38;5;3m +0ms[39m
[32m[Nest] 32868  - [39m22/09/2026, 21:04:57 [32m    LOG[39m [38;5;3m[RouterExplorer] [39m[32mMapped {/api/v1/customers/:id/deactivate, POST} route[39m[38;5;3m +0ms[39m
[32m[Nest] 32868  - [39m22/09/2026, 21:04:57 [32m    LOG[39m [38;5;3m[RouterExplorer] [39m[32mMapped {/api/v1/customers/:id/activate, POST} route[39m[38;5;3m +0ms[39m
[32m[Nest] 32868  - [39m22/09/2026, 21:04:57 [32m    LOG[39m [38;5;3m[RouterExplorer] [39m[32mMapped {/api/v1/customers/:id, DELETE} route[39m[38;5;3m +0ms[39m
[32m[Nest] 32868  - [39m22/09/2026, 21:04:57 [32m    LOG[39m [38;5;3m[RoutesResolver] [39m[32mReservationController {/api/v1/reservations}:[39m[38;5;3m +0ms[39m
[32m[Nest] 32868  - [39m22/09/2026, 21:04:57 [32m    LOG[39m [38;5;3m[RouterExplorer] [39m[32mMapped {/api/v1/reservations/public, POST} route[39m[38;5;3m +0ms[39m
[32m[Nest] 32868  - [39m22/09/2026, 21:04:57 [32m    LOG[39m [38;5;3m[RouterExplorer] [39m[32mMapped {/api/v1/reservations, GET} route[39m[38;5;3m +0ms[39m
[32m[Nest] 32868  - [39m22/09/2026, 21:04:57 [32m    LOG[39m [38;5;3m[RouterExplorer] [39m[32mMapped {/api/v1/reservations/mine, GET} route[39m[38;5;3m +0ms[39m
[32m[Nest] 32868  - [39m22/09/2026, 21:04:57 [32m    LOG[39m [38;5;3m[RouterExplorer] [39m[32mMapped {/api/v1/reservations/:id, GET} route[39m[38;5;3m +0ms[39m
[32m[Nest] 32868  - [39m22/09/2026, 21:04:57 [32m    LOG[39m [38;5;3m[RouterExplorer] [39m[32mMapped {/api/v1/reservations/:id/timeline, GET} route[39m[38;5;3m +0ms[39m
[32m[Nest] 32868  - [39m22/09/2026, 21:04:57 [32m    LOG[39m [38;5;3m[RouterExplorer] [39m[32mMapped {/api/v1/reservations/:id/status, PATCH} route[39m[38;5;3m +0ms[39m
[32m[Nest] 32868  - [39m22/09/2026, 21:04:57 [32m    LOG[39m [38;5;3m[RoutesResolver] [39m[32mSaleController {/api/v1/sales}:[39m[38;5;3m +0ms[39m
[32m[Nest] 32868  - [39m22/09/2026, 21:04:57 [32m    LOG[39m [38;5;3m[RouterExplorer] [39m[32mMapped {/api/v1/sales, GET} route[39m[38;5;3m +0ms[39m
[32m[Nest] 32868  - [39m22/09/2026, 21:04:57 [32m    LOG[39m [38;5;3m[RouterExplorer] [39m[32mMapped {/api/v1/sales/:id, GET} route[39m[38;5;3m +0ms[39m
[32m[Nest] 32868  - [39m22/09/2026, 21:04:57 [32m    LOG[39m [38;5;3m[RouterExplorer] [39m[32mMapped {/api/v1/sales, POST} route[39m[38;5;3m +0ms[39m
[32m[Nest] 32868  - [39m22/09/2026, 21:04:57 [32m    LOG[39m [38;5;3m[RouterExplorer] [39m[32mMapped {/api/v1/sales/:id/status, PATCH} route[39m[38;5;3m +0ms[39m
[32m[Nest] 32868  - [39m22/09/2026, 21:04:57 [32m    LOG[39m [38;5;3m[RoutesResolver] [39m[32mPaymentController {/api/v1/payments}:[39m[38;5;3m +1ms[39m
[32m[Nest] 32868  - [39m22/09/2026, 21:04:57 [32m    LOG[39m [38;5;3m[RouterExplorer] [39m[32mMapped {/api/v1/payments, POST} route[39m[38;5;3m +0ms[39m
[32m[Nest] 32868  - [39m22/09/2026, 21:04:57 [32m    LOG[39m [38;5;3m[RouterExplorer] [39m[32mMapped {/api/v1/payments, GET} route[39m[38;5;3m +0ms[39m
[32m[Nest] 32868  - [39m22/09/2026, 21:04:57 [32m    LOG[39m [38;5;3m[RouterExplorer] [39m[32mMapped {/api/v1/payments/:id, GET} route[39m[38;5;3m +0ms[39m
[32m[Nest] 32868  - [39m22/09/2026, 21:04:57 [32m    LOG[39m [38;5;3m[RouterExplorer] [39m[32mMapped {/api/v1/payments/:id/verify, PATCH} route[39m[38;5;3m +0ms[39m
[32m[Nest] 32868  - [39m22/09/2026, 21:04:57 [32m    LOG[39m [38;5;3m[RouterExplorer] [39m[32mMapped {/api/v1/payments/:id/reject, PATCH} route[39m[38;5;3m +0ms[39m
[32m[Nest] 32868  - [39m22/09/2026, 21:04:57 [32m    LOG[39m [38;5;3m[RoutesResolver] [39m[32mInspectionController {/api/v1/inspections}:[39m[38;5;3m +0ms[39m
[32m[Nest] 32868  - [39m22/09/2026, 21:04:57 [32m    LOG[39m [38;5;3m[RouterExplorer] [39m[32mMapped {/api/v1/inspections, POST} route[39m[38;5;3m +0ms[39m
[32m[Nest] 32868  - [39m22/09/2026, 21:04:57 [32m    LOG[39m [38;5;3m[RouterExplorer] [39m[32mMapped {/api/v1/inspections, GET} route[39m[38;5;3m +0ms[39m
[32m[Nest] 32868  - [39m22/09/2026, 21:04:57 [32m    LOG[39m [38;5;3m[RouterExplorer] [39m[32mMapped {/api/v1/inspections/:id, GET} route[39m[38;5;3m +0ms[39m
[32m[Nest] 32868  - [39m22/09/2026, 21:04:57 [32m    LOG[39m [38;5;3m[RouterExplorer] [39m[32mMapped {/api/v1/inspections/:id/start, PATCH} route[39m[38;5;3m +0ms[39m
[32m[Nest] 32868  - [39m22/09/2026, 21:04:57 [32m    LOG[39m [38;5;3m[RouterExplorer] [39m[32mMapped {/api/v1/inspections/:id/complete, PATCH} route[39m[38;5;3m +0ms[39m
[32m[Nest] 32868  - [39m22/09/2026, 21:04:57 [32m    LOG[39m [38;5;3m[RouterExplorer] [39m[32mMapped {/api/v1/inspections/:id/cancel, PATCH} route[39m[38;5;3m +0ms[39m
[32m[Nest] 32868  - [39m22/09/2026, 21:04:57 [32m    LOG[39m [38;5;3m[RouterExplorer] [39m[32mMapped {/api/v1/inspections/:id/fail, PATCH} route[39m[38;5;3m +0ms[39m
[32m[Nest] 32868  - [39m22/09/2026, 21:04:57 [32m    LOG[39m [38;5;3m[RoutesResolver] [39m[32mDocumentController {/api/v1/documents}:[39m[38;5;3m +0ms[39m
[32m[Nest] 32868  - [39m22/09/2026, 21:04:57 [32m    LOG[39m [38;5;3m[RouterExplorer] [39m[32mMapped {/api/v1/documents/upload, POST} route[39m[38;5;3m +0ms[39m
[32m[Nest] 32868  - [39m22/09/2026, 21:04:57 [32m    LOG[39m [38;5;3m[RouterExplorer] [39m[32mMapped {/api/v1/documents, GET} route[39m[38;5;3m +0ms[39m
[32m[Nest] 32868  - [39m22/09/2026, 21:04:57 [32m    LOG[39m [38;5;3m[RouterExplorer] [39m[32mMapped {/api/v1/documents/:id, GET} route[39m[38;5;3m +0ms[39m
[32m[Nest] 32868  - [39m22/09/2026, 21:04:57 [32m    LOG[39m [38;5;3m[RouterExplorer] [39m[32mMapped {/api/v1/documents/:id/download, GET} route[39m[38;5;3m +1ms[39m
[32m[Nest] 32868  - [39m22/09/2026, 21:04:57 [32m    LOG[39m [38;5;3m[RouterExplorer] [39m[32mMapped {/api/v1/documents/:id/status, PATCH} route[39m[38;5;3m +0ms[39m
[32m[Nest] 32868  - [39m22/09/2026, 21:04:57 [32m    LOG[39m [38;5;3m[RouterExplorer] [39m[32mMapped {/api/v1/documents/:id, DELETE} route[39m[38;5;3m +0ms[39m
[32m[Nest] 32868  - [39m22/09/2026, 21:04:57 [32m    LOG[39m [38;5;3m[RoutesResolver] [39m[32mEmployeeController {/api/v1/employees}:[39m[38;5;3m +0ms[39m
[32m[Nest] 32868  - [39m22/09/2026, 21:04:57 [32m    LOG[39m [38;5;3m[RouterExplorer] [39m[32mMapped {/api/v1/employees, GET} route[39m[38;5;3m +0ms[39m
[32m[Nest] 32868  - [39m22/09/2026, 21:04:57 [32m    LOG[39m [38;5;3m[RouterExplorer] [39m[32mMapped {/api/v1/employees/departments, GET} route[39m[38;5;3m +0ms[39m
[32m[Nest] 32868  - [39m22/09/2026, 21:04:57 [32m    LOG[39m [38;5;3m[RouterExplorer] [39m[32mMapped {/api/v1/employees/roles, GET} route[39m[38;5;3m +0ms[39m
[32m[Nest] 32868  - [39m22/09/2026, 21:04:57 [32m    LOG[39m [38;5;3m[RouterExplorer] [39m[32mMapped {/api/v1/employees/:id, GET} route[39m[38;5;3m +0ms[39m
[32m[Nest] 32868  - [39m22/09/2026, 21:04:57 [32m    LOG[39m [38;5;3m[RouterExplorer] [39m[32mMapped {/api/v1/employees, POST} route[39m[38;5;3m +0ms[39m
[32m[Nest] 32868  - [39m22/09/2026, 21:04:57 [32m    LOG[39m [38;5;3m[RouterExplorer] [39m[32mMapped {/api/v1/employees/:id, PATCH} route[39m[38;5;3m +0ms[39m
[32m[Nest] 32868  - [39m22/09/2026, 21:04:57 [32m    LOG[39m [38;5;3m[RouterExplorer] [39m[32mMapped {/api/v1/employees/:id, DELETE} route[39m[38;5;3m +0ms[39m
[32m[Nest] 32868  - [39m22/09/2026, 21:04:57 [32m    LOG[39m [38;5;3m[RouterExplorer] [39m[32mMapped {/api/v1/employees/:id/roles, POST} route[39m[38;5;3m +0ms[39m
[32m[Nest] 32868  - [39m22/09/2026, 21:04:57 [32m    LOG[39m [38;5;3m[RouterExplorer] [39m[32mMapped {/api/v1/employees/:id/roles/remove, POST} route[39m[38;5;3m +0ms[39m
[32m[Nest] 32868  - [39m22/09/2026, 21:04:57 [32m    LOG[39m [38;5;3m[RoutesResolver] [39m[32mVendorController {/api/v1/vendors}:[39m[38;5;3m +0ms[39m
[32m[Nest] 32868  - [39m22/09/2026, 21:04:57 [32m    LOG[39m [38;5;3m[RoutesResolver] [39m[32mAppointmentController {/api/v1/appointments}:[39m[38;5;3m +0ms[39m
[32m[Nest] 32868  - [39m22/09/2026, 21:04:57 [32m    LOG[39m [38;5;3m[RoutesResolver] [39m[32mNotificationController {/api/v1/notifications}:[39m[38;5;3m +0ms[39m
[32m[Nest] 32868  - [39m22/09/2026, 21:04:57 [32m    LOG[39m [38;5;3m[RoutesResolver] [39m[32mAiController {/api/v1/ai}:[39m[38;5;3m +0ms[39m
[32m[Nest] 32868  - [39m22/09/2026, 21:04:57 [32m    LOG[39m [38;5;3m[RoutesResolver] [39m[32mDashboardController {/api/v1/dashboard}:[39m[38;5;3m +0ms[39m
[32m[Nest] 32868  - [39m22/09/2026, 21:04:57 [32m    LOG[39m [38;5;3m[RouterExplorer] [39m[32mMapped {/api/v1/dashboard/stats, GET} route[39m[38;5;3m +0ms[39m
[32m[Nest] 32868  - [39m22/09/2026, 21:04:57 [32m    LOG[39m [38;5;3m[RoutesResolver] [39m[32mPosterController {/api/v1/posters}:[39m[38;5;3m +0ms[39m
[32m[Nest] 32868  - [39m22/09/2026, 21:04:57 [32m    LOG[39m [38;5;3m[RouterExplorer] [39m[32mMapped {/api/v1/posters/public, GET} route[39m[38;5;3m +0ms[39m
[32m[Nest] 32868  - [39m22/09/2026, 21:04:57 [32m    LOG[39m [38;5;3m[RouterExplorer] [39m[32mMapped {/api/v1/posters, GET} route[39m[38;5;3m +0ms[39m
[32m[Nest] 32868  - [39m22/09/2026, 21:04:57 [32m    LOG[39m [38;5;3m[RouterExplorer] [39m[32mMapped {/api/v1/posters, POST} route[39m[38;5;3m +1ms[39m
[32m[Nest] 32868  - [39m22/09/2026, 21:04:57 [32m    LOG[39m [38;5;3m[RouterExplorer] [39m[32mMapped {/api/v1/posters/:id, PATCH} route[39m[38;5;3m +0ms[39m
[32m[Nest] 32868  - [39m22/09/2026, 21:04:57 [32m    LOG[39m [38;5;3m[RouterExplorer] [39m[32mMapped {/api/v1/posters/:id/toggle, PATCH} route[39m[38;5;3m +0ms[39m
[32m[Nest] 32868  - [39m22/09/2026, 21:04:57 [32m    LOG[39m [38;5;3m[RouterExplorer] [39m[32mMapped {/api/v1/posters/:id, DELETE} route[39m[38;5;3m +0ms[39m
[32m[Nest] 32868  - [39m22/09/2026, 21:04:58 [32m    LOG[39m [38;5;3m[PrismaService] [39m[32mDatabase connected[39m
[32m[Nest] 32868  - [39m22/09/2026, 21:04:58 [32m    LOG[39m [38;5;3m[NestApplication] [39m[32mNest application successfully started[39m[38;5;3m +3ms[39m
🚀 NHGP API running at http://localhost:4000/api/v1
[32m[Nest] 32868  - [39m22/09/2026, 21:11:14 [32m    LOG[39m [38;5;3m[EmailService] [39m[32m[EMAIL STUB] To: david.okoronkwo200805@gmail.com | Subject: Welcome to Ndukego Homes[39m
[2J[3J[H[[90m21:24:29[0m] File change detected. Starting incremental compilation...

[[90m21:24:30[0m] Found 0 errors. Watching for file changes.

[32m[Nest] 29484  - [39m22/09/2026, 21:24:44 [32m    LOG[39m [38;5;3m[NestFactory] [39m[32mStarting Nest application...[39m
[32m[Nest] 29484  - [39m22/09/2026, 21:24:44 [32m    LOG[39m [38;5;3m[InstanceLoader] [39m[32mPrismaModule dependencies initialized[39m[38;5;3m +43ms[39m
[32m[Nest] 29484  - [39m22/09/2026, 21:24:44 [32m    LOG[39m [38;5;3m[InstanceLoader] [39m[32mPassportModule dependencies initialized[39m[38;5;3m +0ms[39m
[32m[Nest] 29484  - [39m22/09/2026, 21:24:44 [32m    LOG[39m [38;5;3m[InstanceLoader] [39m[32mConfigHostModule dependencies initialized[39m[38;5;3m +9ms[39m
[32m[Nest] 29484  - [39m22/09/2026, 21:24:44 [32m    LOG[39m [38;5;3m[InstanceLoader] [39m[32mThrottlerModule dependencies initialized[39m[38;5;3m +0ms[39m
[33m[Nest] 29484  - [39m22/09/2026, 21:24:44 [33m   WARN[39m [38;5;3m[EmailService] [39m[33mSMTP not configured — emails will be logged to console. Set SMTP_HOST, SMTP_USER, SMTP_PASS in .env to enable sending.[39m
[32m[Nest] 29484  - [39m22/09/2026, 21:24:44 [32m    LOG[39m [38;5;3m[InstanceLoader] [39m[32mConfigModule dependencies initialized[39m[38;5;3m +0ms[39m
[32m[Nest] 29484  - [39m22/09/2026, 21:24:44 [32m    LOG[39m [38;5;3m[InstanceLoader] [39m[32mConfigModule dependencies initialized[39m[38;5;3m +1ms[39m
[32m[Nest] 29484  - [39m22/09/2026, 21:24:44 [32m    LOG[39m [38;5;3m[InstanceLoader] [39m[32mNotificationModule dependencies initialized[39m[38;5;3m +1ms[39m
[32m[Nest] 29484  - [39m22/09/2026, 21:24:44 [32m    LOG[39m [38;5;3m[InstanceLoader] [39m[32mAiModule dependencies initialized[39m[38;5;3m +1ms[39m
[32m[Nest] 29484  - [39m22/09/2026, 21:24:44 [32m    LOG[39m [38;5;3m[InstanceLoader] [39m[32mEmailModule dependencies initialized[39m[38;5;3m +0ms[39m
[32m[Nest] 29484  - [39m22/09/2026, 21:24:44 [32m    LOG[39m [38;5;3m[InstanceLoader] [39m[32mStorageModule dependencies initialized[39m[38;5;3m +0ms[39m
[32m[Nest] 29484  - [39m22/09/2026, 21:24:44 [32m    LOG[39m [38;5;3m[InstanceLoader] [39m[32mJwtModule dependencies initialized[39m[38;5;3m +1ms[39m
[32m[Nest] 29484  - [39m22/09/2026, 21:24:44 [32m    LOG[39m [38;5;3m[InstanceLoader] [39m[32mVendorModule dependencies initialized[39m[38;5;3m +1ms[39m
[32m[Nest] 29484  - [39m22/09/2026, 21:24:44 [32m    LOG[39m [38;5;3m[InstanceLoader] [39m[32mAppointmentModule dependencies initialized[39m[38;5;3m +0ms[39m
[32m[Nest] 29484  - [39m22/09/2026, 21:24:44 [32m    LOG[39m [38;5;3m[InstanceLoader] [39m[32mEmployeeModule dependencies initialized[39m[38;5;3m +2ms[39m
[32m[Nest] 29484  - [39m22/09/2026, 21:24:44 [32m    LOG[39m [38;5;3m[InstanceLoader] [39m[32mDashboardModule dependencies initialized[39m[38;5;3m +0ms[39m
[32m[Nest] 29484  - [39m22/09/2026, 21:24:44 [32m    LOG[39m [38;5;3m[InstanceLoader] [39m[32mAuditModule dependencies initialized[39m[38;5;3m +0ms[39m
[32m[Nest] 29484  - [39m22/09/2026, 21:24:44 [32m    LOG[39m [38;5;3m[InstanceLoader] [39m[32mAppModule dependencies initialized[39m[38;5;3m +0ms[39m
[32m[Nest] 29484  - [39m22/09/2026, 21:24:44 [32m    LOG[39m [38;5;3m[InstanceLoader] [39m[32mCustomerModule dependencies initialized[39m[38;5;3m +0ms[39m
[32m[Nest] 29484  - [39m22/09/2026, 21:24:44 [32m    LOG[39m [38;5;3m[InstanceLoader] [39m[32mSaleModule dependencies initialized[39m[38;5;3m +0ms[39m
[32m[Nest] 29484  - [39m22/09/2026, 21:24:44 [32m    LOG[39m [38;5;3m[InstanceLoader] [39m[32mPaymentModule dependencies initialized[39m[38;5;3m +0ms[39m
[32m[Nest] 29484  - [39m22/09/2026, 21:24:44 [32m    LOG[39m [38;5;3m[InstanceLoader] [39m[32mInspectionModule dependencies initialized[39m[38;5;3m +0ms[39m
[32m[Nest] 29484  - [39m22/09/2026, 21:24:44 [32m    LOG[39m [38;5;3m[InstanceLoader] [39m[32mCompanyModule dependencies initialized[39m[38;5;3m +0ms[39m
[32m[Nest] 29484  - [39m22/09/2026, 21:24:44 [32m    LOG[39m [38;5;3m[InstanceLoader] [39m[32mReservationModule dependencies initialized[39m[38;5;3m +1ms[39m
[32m[Nest] 29484  - [39m22/09/2026, 21:24:44 [32m    LOG[39m [38;5;3m[InstanceLoader] [39m[32mDocumentModule dependencies initialized[39m[38;5;3m +0ms[39m
[32m[Nest] 29484  - [39m22/09/2026, 21:24:44 [32m    LOG[39m [38;5;3m[InstanceLoader] [39m[32mEstateModule dependencies initialized[39m[38;5;3m +0ms[39m
[32m[Nest] 29484  - [39m22/09/2026, 21:24:44 [32m    LOG[39m [38;5;3m[InstanceLoader] [39m[32mPropertyModule dependencies initialized[39m[38;5;3m +0ms[39m
[32m[Nest] 29484  - [39m22/09/2026, 21:24:44 [32m    LOG[39m [38;5;3m[InstanceLoader] [39m[32mPosterModule dependencies initialized[39m[38;5;3m +0ms[39m
[32m[Nest] 29484  - [39m22/09/2026, 21:24:44 [32m    LOG[39m [38;5;3m[InstanceLoader] [39m[32mAuthModule dependencies initialized[39m[38;5;3m +0ms[39m
[32m[Nest] 29484  - [39m22/09/2026, 21:24:49 [32m    LOG[39m [38;5;3m[RoutesResolver] [39m[32mHealthController {/api/v1/health}:[39m[38;5;3m +4756ms[39m
[32m[Nest] 29484  - [39m22/09/2026, 21:24:49 [32m    LOG[39m [38;5;3m[RouterExplorer] [39m[32mMapped {/api/v1/health, GET} route[39m[38;5;3m +6ms[39m
[32m[Nest] 29484  - [39m22/09/2026, 21:24:49 [32m    LOG[39m [38;5;3m[RoutesResolver] [39m[32mAuditController {/api/v1/audit-logs}:[39m[38;5;3m +0ms[39m
[32m[Nest] 29484  - [39m22/09/2026, 21:24:49 [32m    LOG[39m [38;5;3m[RouterExplorer] [39m[32mMapped {/api/v1/audit-logs, GET} route[39m[38;5;3m +1ms[39m
[32m[Nest] 29484  - [39m22/09/2026, 21:24:49 [32m    LOG[39m [38;5;3m[RoutesResolver] [39m[32mAuthController {/api/v1/auth}:[39m[38;5;3m +0ms[39m
[32m[Nest] 29484  - [39m22/09/2026, 21:24:49 [32m    LOG[39m [38;5;3m[RouterExplorer] [39m[32mMapped {/api/v1/auth/login, POST} route[39m[38;5;3m +0ms[39m
[32m[Nest] 29484  - [39m22/09/2026, 21:24:49 [32m    LOG[39m [38;5;3m[RouterExplorer] [39m[32mMapped {/api/v1/auth/refresh, POST} route[39m[38;5;3m +1ms[39m
[32m[Nest] 29484  - [39m22/09/2026, 21:24:49 [32m    LOG[39m [38;5;3m[RouterExplorer] [39m[32mMapped {/api/v1/auth/logout, POST} route[39m[38;5;3m +0ms[39m
[32m[Nest] 29484  - [39m22/09/2026, 21:24:49 [32m    LOG[39m [38;5;3m[RouterExplorer] [39m[32mMapped {/api/v1/auth/change-password, POST} route[39m[38;5;3m +1ms[39m
[32m[Nest] 29484  - [39m22/09/2026, 21:24:49 [32m    LOG[39m [38;5;3m[RouterExplorer] [39m[32mMapped {/api/v1/auth/me, POST} route[39m[38;5;3m +0ms[39m
[32m[Nest] 29484  - [39m22/09/2026, 21:24:49 [32m    LOG[39m [38;5;3m[RouterExplorer] [39m[32mMapped {/api/v1/auth/super/login, POST} route[39m[38;5;3m +0ms[39m
[32m[Nest] 29484  - [39m22/09/2026, 21:24:49 [32m    LOG[39m [38;5;3m[RouterExplorer] [39m[32mMapped {/api/v1/auth/customer/register, POST} route[39m[38;5;3m +0ms[39m
[32m[Nest] 29484  - [39m22/09/2026, 21:24:49 [32m    LOG[39m [38;5;3m[RouterExplorer] [39m[32mMapped {/api/v1/auth/customer/login, POST} route[39m[38;5;3m +1ms[39m
[32m[Nest] 29484  - [39m22/09/2026, 21:24:49 [32m    LOG[39m [38;5;3m[RouterExplorer] [39m[32mMapped {/api/v1/auth/customer/me, GET} route[39m[38;5;3m +1ms[39m
[32m[Nest] 29484  - [39m22/09/2026, 21:24:49 [32m    LOG[39m [38;5;3m[RouterExplorer] [39m[32mMapped {/api/v1/auth/customer/profile, PATCH} route[39m[38;5;3m +0ms[39m
[32m[Nest] 29484  - [39m22/09/2026, 21:24:49 [32m    LOG[39m [38;5;3m[RoutesResolver] [39m[32mCompanyController {/api/v1/companies}:[39m[38;5;3m +0ms[39m
[32m[Nest] 29484  - [39m22/09/2026, 21:24:49 [32m    LOG[39m [38;5;3m[RouterExplorer] [39m[32mMapped {/api/v1/companies, POST} route[39m[38;5;3m +3ms[39m
[32m[Nest] 29484  - [39m22/09/2026, 21:24:49 [32m    LOG[39m [38;5;3m[RouterExplorer] [39m[32mMapped {/api/v1/companies, GET} route[39m[38;5;3m +0ms[39m
[32m[Nest] 29484  - [39m22/09/2026, 21:24:49 [32m    LOG[39m [38;5;3m[RouterExplorer] [39m[32mMapped {/api/v1/companies/departments, GET} route[39m[38;5;3m +0ms[39m
[32m[Nest] 29484  - [39m22/09/2026, 21:24:49 [32m    LOG[39m [38;5;3m[RouterExplorer] [39m[32mMapped {/api/v1/companies/:id, GET} route[39m[38;5;3m +1ms[39m
[32m[Nest] 29484  - [39m22/09/2026, 21:24:49 [32m    LOG[39m [38;5;3m[RouterExplorer] [39m[32mMapped {/api/v1/companies/:id, PATCH} route[39m[38;5;3m +1ms[39m
[32m[Nest] 29484  - [39m22/09/2026, 21:24:49 [32m    LOG[39m [38;5;3m[RouterExplorer] [39m[32mMapped {/api/v1/companies/:id/branches, POST} route[39m[38;5;3m +0ms[39m
[32m[Nest] 29484  - [39m22/09/2026, 21:24:49 [32m    LOG[39m [38;5;3m[RouterExplorer] [39m[32mMapped {/api/v1/companies/branches/:branchId, PATCH} route[39m[38;5;3m +0ms[39m
[32m[Nest] 29484  - [39m22/09/2026, 21:24:49 [32m    LOG[39m [38;5;3m[RouterExplorer] [39m[32mMapped {/api/v1/companies/branches/:branchId, DELETE} route[39m[38;5;3m +0ms[39m
[32m[Nest] 29484  - [39m22/09/2026, 21:24:49 [32m    LOG[39m [38;5;3m[RouterExplorer] [39m[32mMapped {/api/v1/companies/departments, POST} route[39m[38;5;3m +0ms[39m
[32m[Nest] 29484  - [39m22/09/2026, 21:24:49 [32m    LOG[39m [38;5;3m[RouterExplorer] [39m[32mMapped {/api/v1/companies/departments/:id, PATCH} route[39m[38;5;3m +1ms[39m
[32m[Nest] 29484  - [39m22/09/2026, 21:24:49 [32m    LOG[39m [38;5;3m[RouterExplorer] [39m[32mMapped {/api/v1/companies/departments/:id, DELETE} route[39m[38;5;3m +0ms[39m
[32m[Nest] 29484  - [39m22/09/2026, 21:24:49 [32m    LOG[39m [38;5;3m[RoutesResolver] [39m[32mEstateController {/api/v1/estates}:[39m[38;5;3m +0ms[39m
[32m[Nest] 29484  - [39m22/09/2026, 21:24:49 [32m    LOG[39m [38;5;3m[RouterExplorer] [39m[32mMapped {/api/v1/estates/public, GET} route[39m[38;5;3m +0ms[39m
[32m[Nest] 29484  - [39m22/09/2026, 21:24:49 [32m    LOG[39m [38;5;3m[RouterExplorer] [39m[32mMapped {/api/v1/estates, GET} route[39m[38;5;3m +1ms[39m
[32m[Nest] 29484  - [39m22/09/2026, 21:24:49 [32m    LOG[39m [38;5;3m[RouterExplorer] [39m[32mMapped {/api/v1/estates/:id, GET} route[39m[38;5;3m +0ms[39m
[32m[Nest] 29484  - [39m22/09/2026, 21:24:49 [32m    LOG[39m [38;5;3m[RouterExplorer] [39m[32mMapped {/api/v1/estates, POST} route[39m[38;5;3m +0ms[39m
[32m[Nest] 29484  - [39m22/09/2026, 21:24:49 [32m    LOG[39m [38;5;3m[RouterExplorer] [39m[32mMapped {/api/v1/estates/:id, PATCH} route[39m[38;5;3m +0ms[39m
[32m[Nest] 29484  - [39m22/09/2026, 21:24:49 [32m    LOG[39m [38;5;3m[RouterExplorer] [39m[32mMapped {/api/v1/estates/:id/phases, POST} route[39m[38;5;3m +1ms[39m
[32m[Nest] 29484  - [39m22/09/2026, 21:24:49 [32m    LOG[39m [38;5;3m[RouterExplorer] [39m[32mMapped {/api/v1/estates/:id/blocks, POST} route[39m[38;5;3m +0ms[39m
[32m[Nest] 29484  - [39m22/09/2026, 21:24:49 [32m    LOG[39m [38;5;3m[RouterExplorer] [39m[32mMapped {/api/v1/estates/:id/infrastructure, POST} route[39m[38;5;3m +0ms[39m
[32m[Nest] 29484  - [39m22/09/2026, 21:24:49 [32m    LOG[39m [38;5;3m[RouterExplorer] [39m[32mMapped {/api/v1/estates/:id/site-plan, POST} route[39m[38;5;3m +0ms[39m
[32m[Nest] 29484  - [39m22/09/2026, 21:24:49 [32m    LOG[39m [38;5;3m[RouterExplorer] [39m[32mMapped {/api/v1/estates/:id/building-types, PATCH} route[39m[38;5;3m +1ms[39m
[32m[Nest] 29484  - [39m22/09/2026, 21:24:49 [32m    LOG[39m [38;5;3m[RouterExplorer] [39m[32mMapped {/api/v1/estates/:id/building-type-image/:typeId, POST} route[39m[38;5;3m +0ms[39m
[32m[Nest] 29484  - [39m22/09/2026, 21:24:49 [32m    LOG[39m [38;5;3m[RouterExplorer] [39m[32mMapped {/api/v1/estates/:id/building-type-image/:typeId/:filename, DELETE} route[39m[38;5;3m +0ms[39m
[32m[Nest] 29484  - [39m22/09/2026, 21:24:49 [32m    LOG[39m [38;5;3m[RouterExplorer] [39m[32mMapped {/api/v1/estates/:id/permanent, DELETE} route[39m[38;5;3m +0ms[39m
[32m[Nest] 29484  - [39m22/09/2026, 21:24:49 [32m    LOG[39m [38;5;3m[RoutesResolver] [39m[32mPropertyController {/api/v1/properties}:[39m[38;5;3m +0ms[39m
[32m[Nest] 29484  - [39m22/09/2026, 21:24:49 [32m    LOG[39m [38;5;3m[RouterExplorer] [39m[32mMapped {/api/v1/properties/public, GET} route[39m[38;5;3m +0ms[39m
[32m[Nest] 29484  - [39m22/09/2026, 21:24:49 [32m    LOG[39m [38;5;3m[RouterExplorer] [39m[32mMapped {/api/v1/properties/public/:id, GET} route[39m[38;5;3m +1ms[39m
[32m[Nest] 29484  - [39m22/09/2026, 21:24:49 [32m    LOG[39m [38;5;3m[RouterExplorer] [39m[32mMapped {/api/v1/properties/public/inquiry, POST} route[39m[38;5;3m +0ms[39m
[32m[Nest] 29484  - [39m22/09/2026, 21:24:49 [32m    LOG[39m [38;5;3m[RouterExplorer] [39m[32mMapped {/api/v1/properties, GET} route[39m[38;5;3m +0ms[39m
[32m[Nest] 29484  - [39m22/09/2026, 21:24:49 [32m    LOG[39m [38;5;3m[RouterExplorer] [39m[32mMapped {/api/v1/properties/admin/inquiries, GET} route[39m[38;5;3m +0ms[39m
[32m[Nest] 29484  - [39m22/09/2026, 21:24:49 [32m    LOG[39m [38;5;3m[RouterExplorer] [39m[32mMapped {/api/v1/properties/admin/inquiries/:id/status, PATCH} route[39m[38;5;3m +0ms[39m
[32m[Nest] 29484  - [39m22/09/2026, 21:24:49 [32m    LOG[39m [38;5;3m[RouterExplorer] [39m[32mMapped {/api/v1/properties/admin/inquiries/:id/notes, PATCH} route[39m[38;5;3m +0ms[39m
[32m[Nest] 29484  - [39m22/09/2026, 21:24:49 [32m    LOG[39m [38;5;3m[RouterExplorer] [39m[32mMapped {/api/v1/properties/admin/inquiries/:id/convert, POST} route[39m[38;5;3m +1ms[39m
[32m[Nest] 29484  - [39m22/09/2026, 21:24:49 [32m    LOG[39m [38;5;3m[RouterExplorer] [39m[32mMapped {/api/v1/properties/:id, GET} route[39m[38;5;3m +0ms[39m
[32m[Nest] 29484  - [39m22/09/2026, 21:24:49 [32m    LOG[39m [38;5;3m[RouterExplorer] [39m[32mMapped {/api/v1/properties, POST} route[39m[38;5;3m +0ms[39m
[32m[Nest] 29484  - [39m22/09/2026, 21:24:49 [32m    LOG[39m [38;5;3m[RouterExplorer] [39m[32mMapped {/api/v1/properties/:id, PATCH} route[39m[38;5;3m +0ms[39m
[32m[Nest] 29484  - [39m22/09/2026, 21:24:49 [32m    LOG[39m [38;5;3m[RouterExplorer] [39m[32mMapped {/api/v1/properties/:id/status, POST} route[39m[38;5;3m +0ms[39m
[32m[Nest] 29484  - [39m22/09/2026, 21:24:49 [32m    LOG[39m [38;5;3m[RouterExplorer] [39m[32mMapped {/api/v1/properties/:id, DELETE} route[39m[38;5;3m +0ms[39m
[32m[Nest] 29484  - [39m22/09/2026, 21:24:49 [32m    LOG[39m [38;5;3m[RouterExplorer] [39m[32mMapped {/api/v1/properties/:id/permanent, DELETE} route[39m[38;5;3m +0ms[39m
[32m[Nest] 29484  - [39m22/09/2026, 21:24:49 [32m    LOG[39m [38;5;3m[RouterExplorer] [39m[32mMapped {/api/v1/properties/:id/media, POST} route[39m[38;5;3m +1ms[39m
[32m[Nest] 29484  - [39m22/09/2026, 21:24:49 [32m    LOG[39m [38;5;3m[RouterExplorer] [39m[32mMapped {/api/v1/properties/:id/media/:mediaId, DELETE} route[39m[38;5;3m +0ms[39m
[32m[Nest] 29484  - [39m22/09/2026, 21:24:49 [32m    LOG[39m [38;5;3m[RouterExplorer] [39m[32mMapped {/api/v1/properties/:id/media/:mediaId/cover, PATCH} route[39m[38;5;3m +0ms[39m
[32m[Nest] 29484  - [39m22/09/2026, 21:24:49 [32m    LOG[39m [38;5;3m[RouterExplorer] [39m[32mMapped {/api/v1/properties/:id/favorite, POST} route[39m[38;5;3m +0ms[39m
[32m[Nest] 29484  - [39m22/09/2026, 21:24:49 [32m    LOG[39m [38;5;3m[RouterExplorer] [39m[32mMapped {/api/v1/properties/:id/favorite-status, GET} route[39m[38;5;3m +1ms[39m
[32m[Nest] 29484  - [39m22/09/2026, 21:24:49 [32m    LOG[39m [38;5;3m[RoutesResolver] [39m[32mCustomerController {/api/v1/customers}:[39m[38;5;3m +0ms[39m
[32m[Nest] 29484  - [39m22/09/2026, 21:24:49 [32m    LOG[39m [38;5;3m[RouterExplorer] [39m[32mMapped {/api/v1/customers, GET} route[39m[38;5;3m +0ms[39m
[32m[Nest] 29484  - [39m22/09/2026, 21:24:49 [32m    LOG[39m [38;5;3m[RouterExplorer] [39m[32mMapped {/api/v1/customers/:id, GET} route[39m[38;5;3m +0ms[39m
[32m[Nest] 29484  - [39m22/09/2026, 21:24:49 [32m    LOG[39m [38;5;3m[RouterExplorer] [39m[32mMapped {/api/v1/customers, POST} route[39m[38;5;3m +1ms[39m
[32m[Nest] 29484  - [39m22/09/2026, 21:24:49 [32m    LOG[39m [38;5;3m[RouterExplorer] [39m[32mMapped {/api/v1/customers/:id, PATCH} route[39m[38;5;3m +0ms[39m
[32m[Nest] 29484  - [39m22/09/2026, 21:24:49 [32m    LOG[39m [38;5;3m[RouterExplorer] [39m[32mMapped {/api/v1/customers/:id/deactivate, POST} route[39m[38;5;3m +0ms[39m
[32m[Nest] 29484  - [39m22/09/2026, 21:24:49 [32m    LOG[39m [38;5;3m[RouterExplorer] [39m[32mMapped {/api/v1/customers/:id/activate, POST} route[39m[38;5;3m +0ms[39m
[32m[Nest] 29484  - [39m22/09/2026, 21:24:49 [32m    LOG[39m [38;5;3m[RouterExplorer] [39m[32mMapped {/api/v1/customers/:id, DELETE} route[39m[38;5;3m +0ms[39m
[32m[Nest] 29484  - [39m22/09/2026, 21:24:49 [32m    LOG[39m [38;5;3m[RoutesResolver] [39m[32mReservationController {/api/v1/reservations}:[39m[38;5;3m +0ms[39m
[32m[Nest] 29484  - [39m22/09/2026, 21:24:49 [32m    LOG[39m [38;5;3m[RouterExplorer] [39m[32mMapped {/api/v1/reservations/public, POST} route[39m[38;5;3m +1ms[39m
[32m[Nest] 29484  - [39m22/09/2026, 21:24:49 [32m    LOG[39m [38;5;3m[RouterExplorer] [39m[32mMapped {/api/v1/reservations, GET} route[39m[38;5;3m +0ms[39m
[32m[Nest] 29484  - [39m22/09/2026, 21:24:49 [32m    LOG[39m [38;5;3m[RouterExplorer] [39m[32mMapped {/api/v1/reservations/mine, GET} route[39m[38;5;3m +0ms[39m
[32m[Nest] 29484  - [39m22/09/2026, 21:24:49 [32m    LOG[39m [38;5;3m[RouterExplorer] [39m[32mMapped {/api/v1/reservations/:id, GET} route[39m[38;5;3m +0ms[39m
[32m[Nest] 29484  - [39m22/09/2026, 21:24:49 [32m    LOG[39m [38;5;3m[RouterExplorer] [39m[32mMapped {/api/v1/reservations/:id/timeline, GET} route[39m[38;5;3m +0ms[39m
[32m[Nest] 29484  - [39m22/09/2026, 21:24:49 [32m    LOG[39m [38;5;3m[RouterExplorer] [39m[32mMapped {/api/v1/reservations/:id/status, PATCH} route[39m[38;5;3m +1ms[39m
[32m[Nest] 29484  - [39m22/09/2026, 21:24:49 [32m    LOG[39m [38;5;3m[RoutesResolver] [39m[32mSaleController {/api/v1/sales}:[39m[38;5;3m +0ms[39m
[32m[Nest] 29484  - [39m22/09/2026, 21:24:49 [32m    LOG[39m [38;5;3m[RouterExplorer] [39m[32mMapped {/api/v1/sales, GET} route[39m[38;5;3m +0ms[39m
[32m[Nest] 29484  - [39m22/09/2026, 21:24:49 [32m    LOG[39m [38;5;3m[RouterExplorer] [39m[32mMapped {/api/v1/sales/:id, GET} route[39m[38;5;3m +0ms[39m
[32m[Nest] 29484  - [39m22/09/2026, 21:24:49 [32m    LOG[39m [38;5;3m[RouterExplorer] [39m[32mMapped {/api/v1/sales, POST} route[39m[38;5;3m +0ms[39m
[32m[Nest] 29484  - [39m22/09/2026, 21:24:49 [32m    LOG[39m [38;5;3m[RouterExplorer] [39m[32mMapped {/api/v1/sales/:id/status, PATCH} route[39m[38;5;3m +0ms[39m
[32m[Nest] 29484  - [39m22/09/2026, 21:24:49 [32m    LOG[39m [38;5;3m[RoutesResolver] [39m[32mPaymentController {/api/v1/payments}:[39m[38;5;3m +1ms[39m
[32m[Nest] 29484  - [39m22/09/2026, 21:24:49 [32m    LOG[39m [38;5;3m[RouterExplorer] [39m[32mMapped {/api/v1/payments, POST} route[39m[38;5;3m +0ms[39m
[32m[Nest] 29484  - [39m22/09/2026, 21:24:49 [32m    LOG[39m [38;5;3m[RouterExplorer] [39m[32mMapped {/api/v1/payments, GET} route[39m[38;5;3m +1ms[39m
[32m[Nest] 29484  - [39m22/09/2026, 21:24:49 [32m    LOG[39m [38;5;3m[RouterExplorer] [39m[32mMapped {/api/v1/payments/:id, GET} route[39m[38;5;3m +0ms[39m
[32m[Nest] 29484  - [39m22/09/2026, 21:24:49 [32m    LOG[39m [38;5;3m[RouterExplorer] [39m[32mMapped {/api/v1/payments/:id/verify, PATCH} route[39m[38;5;3m +0ms[39m
[32m[Nest] 29484  - [39m22/09/2026, 21:24:49 [32m    LOG[39m [38;5;3m[RouterExplorer] [39m[32mMapped {/api/v1/payments/:id/reject, PATCH} route[39m[38;5;3m +0ms[39m
[32m[Nest] 29484  - [39m22/09/2026, 21:24:49 [32m    LOG[39m [38;5;3m[RoutesResolver] [39m[32mInspectionController {/api/v1/inspections}:[39m[38;5;3m +0ms[39m
[32m[Nest] 29484  - [39m22/09/2026, 21:24:49 [32m    LOG[39m [38;5;3m[RouterExplorer] [39m[32mMapped {/api/v1/inspections, POST} route[39m[38;5;3m +0ms[39m
[32m[Nest] 29484  - [39m22/09/2026, 21:24:49 [32m    LOG[39m [38;5;3m[RouterExplorer] [39m[32mMapped {/api/v1/inspections, GET} route[39m[38;5;3m +1ms[39m
[32m[Nest] 29484  - [39m22/09/2026, 21:24:49 [32m    LOG[39m [38;5;3m[RouterExplorer] [39m[32mMapped {/api/v1/inspections/:id, GET} route[39m[38;5;3m +0ms[39m
[32m[Nest] 29484  - [39m22/09/2026, 21:24:49 [32m    LOG[39m [38;5;3m[RouterExplorer] [39m[32mMapped {/api/v1/inspections/:id/start, PATCH} route[39m[38;5;3m +0ms[39m
[32m[Nest] 29484  - [39m22/09/2026, 21:24:49 [32m    LOG[39m [38;5;3m[RouterExplorer] [39m[32mMapped {/api/v1/inspections/:id/complete, PATCH} route[39m[38;5;3m +0ms[39m
[32m[Nest] 29484  - [39m22/09/2026, 21:24:49 [32m    LOG[39m [38;5;3m[RouterExplorer] [39m[32mMapped {/api/v1/inspections/:id/cancel, PATCH} route[39m[38;5;3m +0ms[39m
[32m[Nest] 29484  - [39m22/09/2026, 21:24:49 [32m    LOG[39m [38;5;3m[RouterExplorer] [39m[32mMapped {/api/v1/inspections/:id/fail, PATCH} route[39m[38;5;3m +1ms[39m
[32m[Nest] 29484  - [39m22/09/2026, 21:24:49 [32m    LOG[39m [38;5;3m[RoutesResolver] [39m[32mDocumentController {/api/v1/documents}:[39m[38;5;3m +0ms[39m
[32m[Nest] 29484  - [39m22/09/2026, 21:24:49 [32m    LOG[39m [38;5;3m[RouterExplorer] [39m[32mMapped {/api/v1/documents/upload, POST} route[39m[38;5;3m +0ms[39m
[32m[Nest] 29484  - [39m22/09/2026, 21:24:49 [32m    LOG[39m [38;5;3m[RouterExplorer] [39m[32mMapped {/api/v1/documents, GET} route[39m[38;5;3m +0ms[39m
[32m[Nest] 29484  - [39m22/09/2026, 21:24:49 [32m    LOG[39m [38;5;3m[RouterExplorer] [39m[32mMapped {/api/v1/documents/:id, GET} route[39m[38;5;3m +0ms[39m
[32m[Nest] 29484  - [39m22/09/2026, 21:24:49 [32m    LOG[39m [38;5;3m[RouterExplorer] [39m[32mMapped {/api/v1/documents/:id/download, GET} route[39m[38;5;3m +1ms[39m
[32m[Nest] 29484  - [39m22/09/2026, 21:24:49 [32m    LOG[39m [38;5;3m[RouterExplorer] [39m[32mMapped {/api/v1/documents/:id/status, PATCH} route[39m[38;5;3m +0ms[39m
[32m[Nest] 29484  - [39m22/09/2026, 21:24:49 [32m    LOG[39m [38;5;3m[RouterExplorer] [39m[32mMapped {/api/v1/documents/:id, DELETE} route[39m[38;5;3m +0ms[39m
[32m[Nest] 29484  - [39m22/09/2026, 21:24:49 [32m    LOG[39m [38;5;3m[RoutesResolver] [39m[32mEmployeeController {/api/v1/employees}:[39m[38;5;3m +0ms[39m
[32m[Nest] 29484  - [39m22/09/2026, 21:24:49 [32m    LOG[39m [38;5;3m[RouterExplorer] [39m[32mMapped {/api/v1/employees, GET} route[39m[38;5;3m +0ms[39m
[32m[Nest] 29484  - [39m22/09/2026, 21:24:49 [32m    LOG[39m [38;5;3m[RouterExplorer] [39m[32mMapped {/api/v1/employees/departments, GET} route[39m[38;5;3m +1ms[39m
[32m[Nest] 29484  - [39m22/09/2026, 21:24:49 [32m    LOG[39m [38;5;3m[RouterExplorer] [39m[32mMapped {/api/v1/employees/roles, GET} route[39m[38;5;3m +0ms[39m
[32m[Nest] 29484  - [39m22/09/2026, 21:24:49 [32m    LOG[39m [38;5;3m[RouterExplorer] [39m[32mMapped {/api/v1/employees/:id, GET} route[39m[38;5;3m +0ms[39m
[32m[Nest] 29484  - [39m22/09/2026, 21:24:49 [32m    LOG[39m [38;5;3m[RouterExplorer] [39m[32mMapped {/api/v1/employees, POST} route[39m[38;5;3m +0ms[39m
[32m[Nest] 29484  - [39m22/09/2026, 21:24:49 [32m    LOG[39m [38;5;3m[RouterExplorer] [39m[32mMapped {/api/v1/employees/:id, PATCH} route[39m[38;5;3m +0ms[39m
[32m[Nest] 29484  - [39m22/09/2026, 21:24:49 [32m    LOG[39m [38;5;3m[RouterExplorer] [39m[32mMapped {/api/v1/employees/:id, DELETE} route[39m[38;5;3m +0ms[39m
[32m[Nest] 29484  - [39m22/09/2026, 21:24:49 [32m    LOG[39m [38;5;3m[RouterExplorer] [39m[32mMapped {/api/v1/employees/:id/roles, POST} route[39m[38;5;3m +0ms[39m
[32m[Nest] 29484  - [39m22/09/2026, 21:24:49 [32m    LOG[39m [38;5;3m[RouterExplorer] [39m[32mMapped {/api/v1/employees/:id/roles/remove, POST} route[39m[38;5;3m +1ms[39m
[32m[Nest] 29484  - [39m22/09/2026, 21:24:49 [32m    LOG[39m [38;5;3m[RoutesResolver] [39m[32mVendorController {/api/v1/vendors}:[39m[38;5;3m +0ms[39m
[32m[Nest] 29484  - [39m22/09/2026, 21:24:49 [32m    LOG[39m [38;5;3m[RoutesResolver] [39m[32mAppointmentController {/api/v1/appointments}:[39m[38;5;3m +0ms[39m
[32m[Nest] 29484  - [39m22/09/2026, 21:24:49 [32m    LOG[39m [38;5;3m[RoutesResolver] [39m[32mNotificationController {/api/v1/notifications}:[39m[38;5;3m +0ms[39m
[32m[Nest] 29484  - [39m22/09/2026, 21:24:49 [32m    LOG[39m [38;5;3m[RoutesResolver] [39m[32mAiController {/api/v1/ai}:[39m[38;5;3m +0ms[39m
[32m[Nest] 29484  - [39m22/09/2026, 21:24:49 [32m    LOG[39m [38;5;3m[RoutesResolver] [39m[32mDashboardController {/api/v1/dashboard}:[39m[38;5;3m +0ms[39m
[32m[Nest] 29484  - [39m22/09/2026, 21:24:49 [32m    LOG[39m [38;5;3m[RouterExplorer] [39m[32mMapped {/api/v1/dashboard/stats, GET} route[39m[38;5;3m +0ms[39m
[32m[Nest] 29484  - [39m22/09/2026, 21:24:49 [32m    LOG[39m [38;5;3m[RoutesResolver] [39m[32mPosterController {/api/v1/posters}:[39m[38;5;3m +0ms[39m
[32m[Nest] 29484  - [39m22/09/2026, 21:24:49 [32m    LOG[39m [38;5;3m[RouterExplorer] [39m[32mMapped {/api/v1/posters/public, GET} route[39m[38;5;3m +0ms[39m
[32m[Nest] 29484  - [39m22/09/2026, 21:24:49 [32m    LOG[39m [38;5;3m[RouterExplorer] [39m[32mMapped {/api/v1/posters, GET} route[39m[38;5;3m +0ms[39m
[32m[Nest] 29484  - [39m22/09/2026, 21:24:49 [32m    LOG[39m [38;5;3m[RouterExplorer] [39m[32mMapped {/api/v1/posters, POST} route[39m[38;5;3m +1ms[39m
[32m[Nest] 29484  - [39m22/09/2026, 21:24:49 [32m    LOG[39m [38;5;3m[RouterExplorer] [39m[32mMapped {/api/v1/posters/:id, PATCH} route[39m[38;5;3m +0ms[39m
[32m[Nest] 29484  - [39m22/09/2026, 21:24:49 [32m    LOG[39m [38;5;3m[RouterExplorer] [39m[32mMapped {/api/v1/posters/:id/toggle, PATCH} route[39m[38;5;3m +0ms[39m
[32m[Nest] 29484  - [39m22/09/2026, 21:24:49 [32m    LOG[39m [38;5;3m[RouterExplorer] [39m[32mMapped {/api/v1/posters/:id, DELETE} route[39m[38;5;3m +0ms[39m
[32m[Nest] 29484  - [39m22/09/2026, 21:24:51 [32m    LOG[39m [38;5;3m[PrismaService] [39m[32mDatabase connected[39m
[32m[Nest] 29484  - [39m22/09/2026, 21:24:51 [32m    LOG[39m [38;5;3m[NestApplication] [39m[32mNest application successfully started[39m[38;5;3m +3ms[39m
[31m[Nest] 29484  - [39m22/09/2026, 21:24:51 [31m  ERROR[39m [38;5;3m[NestApplication] [39m[31mError: listen EADDRINUSE: address already in use :::4000[39m[38;5;3m +2ms[39m
node:net:1941
    const ex = new UVExceptionWithHostPort(err, 'listen', address, port);
               ^

Error: listen EADDRINUSE: address already in use :::4000
    at Server.setupListenHandle [as _listen2] (node:net:1941:16)
    at listenInCluster (node:net:1998:12)
    at Server.listen (node:net:2103:7)
    at ExpressAdapter.listen (C:\Users\david\Desktop\Projects\Ndukego Homes Gallery Project\node_modules\.pnpm\@nestjs+platform-express@11.1.28_@nestjs+common@11.1.28_class-transformer@0.5.1_class-validat_tmrpyvfpavunwigoq4yf4m43ry\node_modules\@nestjs\platform-express\adapters\express-adapter.js:115:32)
    at C:\Users\david\Desktop\Projects\Ndukego Homes Gallery Project\node_modules\.pnpm\@nestjs+core@11.1.28_@nestjs+common@11.1.28_class-transformer@0.5.1_class-validator@0.14.4_re_jbbxms5qftvp4gp3vkdoquda7y\node_modules\@nestjs\core\nest-application.js:190:30
    at new Promise (<anonymous>)
    at NestApplication.listen (C:\Users\david\Desktop\Projects\Ndukego Homes Gallery Project\node_modules\.pnpm\@nestjs+core@11.1.28_@nestjs+common@11.1.28_class-transformer@0.5.1_class-validator@0.14.4_re_jbbxms5qftvp4gp3vkdoquda7y\node_modules\@nestjs\core\nest-application.js:180:16)
    at async bootstrap (C:\Users\david\Desktop\Projects\Ndukego Homes Gallery Project\apps\api\src\main.ts:81:3) {
  code: 'EADDRINUSE',
  errno: -4091,
  syscall: 'listen',
  address: '::',
  port: 4000
}

Node.js v22.23.1
[2J[3J[H[[90m21:25:13[0m] File change detected. Starting incremental compilation...

[2J[3J[H[[90m21:25:14[0m] File change detected. Starting incremental compilation...

[2J[3J[H[[90m21:25:15[0m] File change detected. Starting incremental compilation...

[[90m21:25:15[0m] Found 0 errors. Watching for file changes.

[32m[Nest] 16628  - [39m22/09/2026, 21:25:16 [32m    LOG[39m [38;5;3m[NestFactory] [39m[32mStarting Nest application...[39m
[32m[Nest] 16628  - [39m22/09/2026, 21:25:16 [32m    LOG[39m [38;5;3m[InstanceLoader] [39m[32mPrismaModule dependencies initialized[39m[38;5;3m +26ms[39m
[32m[Nest] 16628  - [39m22/09/2026, 21:25:16 [32m    LOG[39m [38;5;3m[InstanceLoader] [39m[32mPassportModule dependencies initialized[39m[38;5;3m +0ms[39m
[32m[Nest] 16628  - [39m22/09/2026, 21:25:16 [32m    LOG[39m [38;5;3m[InstanceLoader] [39m[32mConfigHostModule dependencies initialized[39m[38;5;3m +6ms[39m
[32m[Nest] 16628  - [39m22/09/2026, 21:25:16 [32m    LOG[39m [38;5;3m[InstanceLoader] [39m[32mThrottlerModule dependencies initialized[39m[38;5;3m +0ms[39m
[33m[Nest] 16628  - [39m22/09/2026, 21:25:16 [33m   WARN[39m [38;5;3m[EmailService] [39m[33mSMTP not configured — emails will be logged to console. Set SMTP_HOST, SMTP_USER, SMTP_PASS in .env to enable sending.[39m
[32m[Nest] 16628  - [39m22/09/2026, 21:25:16 [32m    LOG[39m [38;5;3m[InstanceLoader] [39m[32mConfigModule dependencies initialized[39m[38;5;3m +0ms[39m
[32m[Nest] 16628  - [39m22/09/2026, 21:25:16 [32m    LOG[39m [38;5;3m[InstanceLoader] [39m[32mConfigModule dependencies initialized[39m[38;5;3m +0ms[39m
[32m[Nest] 16628  - [39m22/09/2026, 21:25:16 [32m    LOG[39m [38;5;3m[InstanceLoader] [39m[32mNotificationModule dependencies initialized[39m[38;5;3m +1ms[39m
[32m[Nest] 16628  - [39m22/09/2026, 21:25:16 [32m    LOG[39m [38;5;3m[InstanceLoader] [39m[32mAiModule dependencies initialized[39m[38;5;3m +1ms[39m
[32m[Nest] 16628  - [39m22/09/2026, 21:25:16 [32m    LOG[39m [38;5;3m[InstanceLoader] [39m[32mEmailModule dependencies initialized[39m[38;5;3m +0ms[39m
[32m[Nest] 16628  - [39m22/09/2026, 21:25:16 [32m    LOG[39m [38;5;3m[InstanceLoader] [39m[32mStorageModule dependencies initialized[39m[38;5;3m +0ms[39m
[32m[Nest] 16628  - [39m22/09/2026, 21:25:16 [32m    LOG[39m [38;5;3m[InstanceLoader] [39m[32mJwtModule dependencies initialized[39m[38;5;3m +1ms[39m
[32m[Nest] 16628  - [39m22/09/2026, 21:25:16 [32m    LOG[39m [38;5;3m[InstanceLoader] [39m[32mVendorModule dependencies initialized[39m[38;5;3m +0ms[39m
[32m[Nest] 16628  - [39m22/09/2026, 21:25:16 [32m    LOG[39m [38;5;3m[InstanceLoader] [39m[32mAppointmentModule dependencies initialized[39m[38;5;3m +0ms[39m
[32m[Nest] 16628  - [39m22/09/2026, 21:25:16 [32m    LOG[39m [38;5;3m[InstanceLoader] [39m[32mEmployeeModule dependencies initialized[39m[38;5;3m +1ms[39m
[32m[Nest] 16628  - [39m22/09/2026, 21:25:16 [32m    LOG[39m [38;5;3m[InstanceLoader] [39m[32mDashboardModule dependencies initialized[39m[38;5;3m +0ms[39m
[32m[Nest] 16628  - [39m22/09/2026, 21:25:16 [32m    LOG[39m [38;5;3m[InstanceLoader] [39m[32mAuditModule dependencies initialized[39m[38;5;3m +0ms[39m
[32m[Nest] 16628  - [39m22/09/2026, 21:25:16 [32m    LOG[39m [38;5;3m[InstanceLoader] [39m[32mAppModule dependencies initialized[39m[38;5;3m +0ms[39m
[32m[Nest] 16628  - [39m22/09/2026, 21:25:16 [32m    LOG[39m [38;5;3m[InstanceLoader] [39m[32mCustomerModule dependencies initialized[39m[38;5;3m +0ms[39m
[32m[Nest] 16628  - [39m22/09/2026, 21:25:16 [32m    LOG[39m [38;5;3m[InstanceLoader] [39m[32mSaleModule dependencies initialized[39m[38;5;3m +0ms[39m
[32m[Nest] 16628  - [39m22/09/2026, 21:25:16 [32m    LOG[39m [38;5;3m[InstanceLoader] [39m[32mPaymentModule dependencies initialized[39m[38;5;3m +0ms[39m
[32m[Nest] 16628  - [39m22/09/2026, 21:25:16 [32m    LOG[39m [38;5;3m[InstanceLoader] [39m[32mInspectionModule dependencies initialized[39m[38;5;3m +0ms[39m
[32m[Nest] 16628  - [39m22/09/2026, 21:25:16 [32m    LOG[39m [38;5;3m[InstanceLoader] [39m[32mCompanyModule dependencies initialized[39m[38;5;3m +0ms[39m
[32m[Nest] 16628  - [39m22/09/2026, 21:25:16 [32m    LOG[39m [38;5;3m[InstanceLoader] [39m[32mReservationModule dependencies initialized[39m[38;5;3m +1ms[39m
[32m[Nest] 16628  - [39m22/09/2026, 21:25:16 [32m    LOG[39m [38;5;3m[InstanceLoader] [39m[32mDocumentModule dependencies initialized[39m[38;5;3m +0ms[39m
[32m[Nest] 16628  - [39m22/09/2026, 21:25:16 [32m    LOG[39m [38;5;3m[InstanceLoader] [39m[32mEstateModule dependencies initialized[39m[38;5;3m +0ms[39m
[32m[Nest] 16628  - [39m22/09/2026, 21:25:16 [32m    LOG[39m [38;5;3m[InstanceLoader] [39m[32mPropertyModule dependencies initialized[39m[38;5;3m +0ms[39m
[32m[Nest] 16628  - [39m22/09/2026, 21:25:16 [32m    LOG[39m [38;5;3m[InstanceLoader] [39m[32mPosterModule dependencies initialized[39m[38;5;3m +0ms[39m
[32m[Nest] 16628  - [39m22/09/2026, 21:25:16 [32m    LOG[39m [38;5;3m[InstanceLoader] [39m[32mAuthModule dependencies initialized[39m[38;5;3m +0ms[39m
[32m[Nest] 16628  - [39m22/09/2026, 21:25:17 [32m    LOG[39m [38;5;3m[RoutesResolver] [39m[32mHealthController {/api/v1/health}:[39m[38;5;3m +468ms[39m
[32m[Nest] 16628  - [39m22/09/2026, 21:25:17 [32m    LOG[39m [38;5;3m[RouterExplorer] [39m[32mMapped {/api/v1/health, GET} route[39m[38;5;3m +2ms[39m
[32m[Nest] 16628  - [39m22/09/2026, 21:25:17 [32m    LOG[39m [38;5;3m[RoutesResolver] [39m[32mAuditController {/api/v1/audit-logs}:[39m[38;5;3m +0ms[39m
[32m[Nest] 16628  - [39m22/09/2026, 21:25:17 [32m    LOG[39m [38;5;3m[RouterExplorer] [39m[32mMapped {/api/v1/audit-logs, GET} route[39m[38;5;3m +0ms[39m
[32m[Nest] 16628  - [39m22/09/2026, 21:25:17 [32m    LOG[39m [38;5;3m[RoutesResolver] [39m[32mAuthController {/api/v1/auth}:[39m[38;5;3m +0ms[39m
[32m[Nest] 16628  - [39m22/09/2026, 21:25:17 [32m    LOG[39m [38;5;3m[RouterExplorer] [39m[32mMapped {/api/v1/auth/login, POST} route[39m[38;5;3m +1ms[39m
[32m[Nest] 16628  - [39m22/09/2026, 21:25:17 [32m    LOG[39m [38;5;3m[RouterExplorer] [39m[32mMapped {/api/v1/auth/refresh, POST} route[39m[38;5;3m +0ms[39m
[32m[Nest] 16628  - [39m22/09/2026, 21:25:17 [32m    LOG[39m [38;5;3m[RouterExplorer] [39m[32mMapped {/api/v1/auth/logout, POST} route[39m[38;5;3m +0ms[39m
[32m[Nest] 16628  - [39m22/09/2026, 21:25:17 [32m    LOG[39m [38;5;3m[RouterExplorer] [39m[32mMapped {/api/v1/auth/change-password, POST} route[39m[38;5;3m +0ms[39m
[32m[Nest] 16628  - [39m22/09/2026, 21:25:17 [32m    LOG[39m [38;5;3m[RouterExplorer] [39m[32mMapped {/api/v1/auth/me, POST} route[39m[38;5;3m +0ms[39m
[32m[Nest] 16628  - [39m22/09/2026, 21:25:17 [32m    LOG[39m [38;5;3m[RouterExplorer] [39m[32mMapped {/api/v1/auth/super/login, POST} route[39m[38;5;3m +1ms[39m
[32m[Nest] 16628  - [39m22/09/2026, 21:25:17 [32m    LOG[39m [38;5;3m[RouterExplorer] [39m[32mMapped {/api/v1/auth/customer/register, POST} route[39m[38;5;3m +0ms[39m
[32m[Nest] 16628  - [39m22/09/2026, 21:25:17 [32m    LOG[39m [38;5;3m[RouterExplorer] [39m[32mMapped {/api/v1/auth/customer/login, POST} route[39m[38;5;3m +0ms[39m
[32m[Nest] 16628  - [39m22/09/2026, 21:25:17 [32m    LOG[39m [38;5;3m[RouterExplorer] [39m[32mMapped {/api/v1/auth/customer/me, GET} route[39m[38;5;3m +3ms[39m
[32m[Nest] 16628  - [39m22/09/2026, 21:25:17 [32m    LOG[39m [38;5;3m[RouterExplorer] [39m[32mMapped {/api/v1/auth/customer/profile, PATCH} route[39m[38;5;3m +0ms[39m
[32m[Nest] 16628  - [39m22/09/2026, 21:25:17 [32m    LOG[39m [38;5;3m[RoutesResolver] [39m[32mCompanyController {/api/v1/companies}:[39m[38;5;3m +0ms[39m
[32m[Nest] 16628  - [39m22/09/2026, 21:25:17 [32m    LOG[39m [38;5;3m[RouterExplorer] [39m[32mMapped {/api/v1/companies, POST} route[39m[38;5;3m +1ms[39m
[32m[Nest] 16628  - [39m22/09/2026, 21:25:17 [32m    LOG[39m [38;5;3m[RouterExplorer] [39m[32mMapped {/api/v1/companies, GET} route[39m[38;5;3m +0ms[39m
[32m[Nest] 16628  - [39m22/09/2026, 21:25:17 [32m    LOG[39m [38;5;3m[RouterExplorer] [39m[32mMapped {/api/v1/companies/departments, GET} route[39m[38;5;3m +0ms[39m
[32m[Nest] 16628  - [39m22/09/2026, 21:25:17 [32m    LOG[39m [38;5;3m[RouterExplorer] [39m[32mMapped {/api/v1/companies/:id, GET} route[39m[38;5;3m +0ms[39m
[32m[Nest] 16628  - [39m22/09/2026, 21:25:17 [32m    LOG[39m [38;5;3m[RouterExplorer] [39m[32mMapped {/api/v1/companies/:id, PATCH} route[39m[38;5;3m +0ms[39m
[32m[Nest] 16628  - [39m22/09/2026, 21:25:17 [32m    LOG[39m [38;5;3m[RouterExplorer] [39m[32mMapped {/api/v1/companies/:id/branches, POST} route[39m[38;5;3m +1ms[39m
[32m[Nest] 16628  - [39m22/09/2026, 21:25:17 [32m    LOG[39m [38;5;3m[RouterExplorer] [39m[32mMapped {/api/v1/companies/branches/:branchId, PATCH} route[39m[38;5;3m +0ms[39m
[32m[Nest] 16628  - [39m22/09/2026, 21:25:17 [32m    LOG[39m [38;5;3m[RouterExplorer] [39m[32mMapped {/api/v1/companies/branches/:branchId, DELETE} route[39m[38;5;3m +0ms[39m
[32m[Nest] 16628  - [39m22/09/2026, 21:25:17 [32m    LOG[39m [38;5;3m[RouterExplorer] [39m[32mMapped {/api/v1/companies/departments, POST} route[39m[38;5;3m +0ms[39m
[32m[Nest] 16628  - [39m22/09/2026, 21:25:17 [32m    LOG[39m [38;5;3m[RouterExplorer] [39m[32mMapped {/api/v1/companies/departments/:id, PATCH} route[39m[38;5;3m +0ms[39m
[32m[Nest] 16628  - [39m22/09/2026, 21:25:17 [32m    LOG[39m [38;5;3m[RouterExplorer] [39m[32mMapped {/api/v1/companies/departments/:id, DELETE} route[39m[38;5;3m +0ms[39m
[32m[Nest] 16628  - [39m22/09/2026, 21:25:17 [32m    LOG[39m [38;5;3m[RoutesResolver] [39m[32mEstateController {/api/v1/estates}:[39m[38;5;3m +0ms[39m
[32m[Nest] 16628  - [39m22/09/2026, 21:25:17 [32m    LOG[39m [38;5;3m[RouterExplorer] [39m[32mMapped {/api/v1/estates/public, GET} route[39m[38;5;3m +1ms[39m
[32m[Nest] 16628  - [39m22/09/2026, 21:25:17 [32m    LOG[39m [38;5;3m[RouterExplorer] [39m[32mMapped {/api/v1/estates, GET} route[39m[38;5;3m +0ms[39m
[32m[Nest] 16628  - [39m22/09/2026, 21:25:17 [32m    LOG[39m [38;5;3m[RouterExplorer] [39m[32mMapped {/api/v1/estates/:id, GET} route[39m[38;5;3m +0ms[39m
[32m[Nest] 16628  - [39m22/09/2026, 21:25:17 [32m    LOG[39m [38;5;3m[RouterExplorer] [39m[32mMapped {/api/v1/estates, POST} route[39m[38;5;3m +0ms[39m
[32m[Nest] 16628  - [39m22/09/2026, 21:25:17 [32m    LOG[39m [38;5;3m[RouterExplorer] [39m[32mMapped {/api/v1/estates/:id, PATCH} route[39m[38;5;3m +0ms[39m
[32m[Nest] 16628  - [39m22/09/2026, 21:25:17 [32m    LOG[39m [38;5;3m[RouterExplorer] [39m[32mMapped {/api/v1/estates/:id/phases, POST} route[39m[38;5;3m +0ms[39m
[32m[Nest] 16628  - [39m22/09/2026, 21:25:17 [32m    LOG[39m [38;5;3m[RouterExplorer] [39m[32mMapped {/api/v1/estates/:id/blocks, POST} route[39m[38;5;3m +0ms[39m
[32m[Nest] 16628  - [39m22/09/2026, 21:25:17 [32m    LOG[39m [38;5;3m[RouterExplorer] [39m[32mMapped {/api/v1/estates/:id/infrastructure, POST} route[39m[38;5;3m +0ms[39m
[32m[Nest] 16628  - [39m22/09/2026, 21:25:17 [32m    LOG[39m [38;5;3m[RouterExplorer] [39m[32mMapped {/api/v1/estates/:id/site-plan, POST} route[39m[38;5;3m +0ms[39m
[32m[Nest] 16628  - [39m22/09/2026, 21:25:17 [32m    LOG[39m [38;5;3m[RouterExplorer] [39m[32mMapped {/api/v1/estates/:id/building-types, PATCH} route[39m[38;5;3m +0ms[39m
[32m[Nest] 16628  - [39m22/09/2026, 21:25:17 [32m    LOG[39m [38;5;3m[RouterExplorer] [39m[32mMapped {/api/v1/estates/:id/building-type-image/:typeId, POST} route[39m[38;5;3m +0ms[39m
[32m[Nest] 16628  - [39m22/09/2026, 21:25:17 [32m    LOG[39m [38;5;3m[RouterExplorer] [39m[32mMapped {/api/v1/estates/:id/building-type-image/:typeId/:filename, DELETE} route[39m[38;5;3m +0ms[39m
[32m[Nest] 16628  - [39m22/09/2026, 21:25:17 [32m    LOG[39m [38;5;3m[RouterExplorer] [39m[32mMapped {/api/v1/estates/:id/permanent, DELETE} route[39m[38;5;3m +1ms[39m
[32m[Nest] 16628  - [39m22/09/2026, 21:25:17 [32m    LOG[39m [38;5;3m[RoutesResolver] [39m[32mPropertyController {/api/v1/properties}:[39m[38;5;3m +0ms[39m
[32m[Nest] 16628  - [39m22/09/2026, 21:25:17 [32m    LOG[39m [38;5;3m[RouterExplorer] [39m[32mMapped {/api/v1/properties/public, GET} route[39m[38;5;3m +0ms[39m
[32m[Nest] 16628  - [39m22/09/2026, 21:25:17 [32m    LOG[39m [38;5;3m[RouterExplorer] [39m[32mMapped {/api/v1/properties/public/:id, GET} route[39m[38;5;3m +0ms[39m
[32m[Nest] 16628  - [39m22/09/2026, 21:25:17 [32m    LOG[39m [38;5;3m[RouterExplorer] [39m[32mMapped {/api/v1/properties/public/inquiry, POST} route[39m[38;5;3m +0ms[39m
[32m[Nest] 16628  - [39m22/09/2026, 21:25:17 [32m    LOG[39m [38;5;3m[RouterExplorer] [39m[32mMapped {/api/v1/properties, GET} route[39m[38;5;3m +0ms[39m
[32m[Nest] 16628  - [39m22/09/2026, 21:25:17 [32m    LOG[39m [38;5;3m[RouterExplorer] [39m[32mMapped {/api/v1/properties/admin/inquiries, GET} route[39m[38;5;3m +0ms[39m
[32m[Nest] 16628  - [39m22/09/2026, 21:25:17 [32m    LOG[39m [38;5;3m[RouterExplorer] [39m[32mMapped {/api/v1/properties/admin/inquiries/:id/status, PATCH} route[39m[38;5;3m +0ms[39m
[32m[Nest] 16628  - [39m22/09/2026, 21:25:17 [32m    LOG[39m [38;5;3m[RouterExplorer] [39m[32mMapped {/api/v1/properties/admin/inquiries/:id/notes, PATCH} route[39m[38;5;3m +0ms[39m
[32m[Nest] 16628  - [39m22/09/2026, 21:25:17 [32m    LOG[39m [38;5;3m[RouterExplorer] [39m[32mMapped {/api/v1/properties/admin/inquiries/:id/convert, POST} route[39m[38;5;3m +0ms[39m
[32m[Nest] 16628  - [39m22/09/2026, 21:25:17 [32m    LOG[39m [38;5;3m[RouterExplorer] [39m[32mMapped {/api/v1/properties/:id, GET} route[39m[38;5;3m +0ms[39m
[32m[Nest] 16628  - [39m22/09/2026, 21:25:17 [32m    LOG[39m [38;5;3m[RouterExplorer] [39m[32mMapped {/api/v1/properties, POST} route[39m[38;5;3m +0ms[39m
[32m[Nest] 16628  - [39m22/09/2026, 21:25:17 [32m    LOG[39m [38;5;3m[RouterExplorer] [39m[32mMapped {/api/v1/properties/:id, PATCH} route[39m[38;5;3m +0ms[39m
[32m[Nest] 16628  - [39m22/09/2026, 21:25:17 [32m    LOG[39m [38;5;3m[RouterExplorer] [39m[32mMapped {/api/v1/properties/:id/status, POST} route[39m[38;5;3m +0ms[39m
[32m[Nest] 16628  - [39m22/09/2026, 21:25:17 [32m    LOG[39m [38;5;3m[RouterExplorer] [39m[32mMapped {/api/v1/properties/:id, DELETE} route[39m[38;5;3m +1ms[39m
[32m[Nest] 16628  - [39m22/09/2026, 21:25:17 [32m    LOG[39m [38;5;3m[RouterExplorer] [39m[32mMapped {/api/v1/properties/:id/permanent, DELETE} route[39m[38;5;3m +0ms[39m
[32m[Nest] 16628  - [39m22/09/2026, 21:25:17 [32m    LOG[39m [38;5;3m[RouterExplorer] [39m[32mMapped {/api/v1/properties/:id/media, POST} route[39m[38;5;3m +0ms[39m
[32m[Nest] 16628  - [39m22/09/2026, 21:25:17 [32m    LOG[39m [38;5;3m[RouterExplorer] [39m[32mMapped {/api/v1/properties/:id/media/:mediaId, DELETE} route[39m[38;5;3m +0ms[39m
[32m[Nest] 16628  - [39m22/09/2026, 21:25:17 [32m    LOG[39m [38;5;3m[RouterExplorer] [39m[32mMapped {/api/v1/properties/:id/media/:mediaId/cover, PATCH} route[39m[38;5;3m +0ms[39m
[32m[Nest] 16628  - [39m22/09/2026, 21:25:17 [32m    LOG[39m [38;5;3m[RouterExplorer] [39m[32mMapped {/api/v1/properties/:id/favorite, POST} route[39m[38;5;3m +0ms[39m
[32m[Nest] 16628  - [39m22/09/2026, 21:25:17 [32m    LOG[39m [38;5;3m[RouterExplorer] [39m[32mMapped {/api/v1/properties/:id/favorite-status, GET} route[39m[38;5;3m +0ms[39m
[32m[Nest] 16628  - [39m22/09/2026, 21:25:17 [32m    LOG[39m [38;5;3m[RoutesResolver] [39m[32mCustomerController {/api/v1/customers}:[39m[38;5;3m +0ms[39m
[32m[Nest] 16628  - [39m22/09/2026, 21:25:17 [32m    LOG[39m [38;5;3m[RouterExplorer] [39m[32mMapped {/api/v1/customers, GET} route[39m[38;5;3m +0ms[39m
[32m[Nest] 16628  - [39m22/09/2026, 21:25:17 [32m    LOG[39m [38;5;3m[RouterExplorer] [39m[32mMapped {/api/v1/customers/:id, GET} route[39m[38;5;3m +0ms[39m
[32m[Nest] 16628  - [39m22/09/2026, 21:25:17 [32m    LOG[39m [38;5;3m[RouterExplorer] [39m[32mMapped {/api/v1/customers, POST} route[39m[38;5;3m +0ms[39m
[32m[Nest] 16628  - [39m22/09/2026, 21:25:17 [32m    LOG[39m [38;5;3m[RouterExplorer] [39m[32mMapped {/api/v1/customers/:id, PATCH} route[39m[38;5;3m +0ms[39m
[32m[Nest] 16628  - [39m22/09/2026, 21:25:17 [32m    LOG[39m [38;5;3m[RouterExplorer] [39m[32mMapped {/api/v1/customers/:id/deactivate, POST} route[39m[38;5;3m +0ms[39m
[32m[Nest] 16628  - [39m22/09/2026, 21:25:17 [32m    LOG[39m [38;5;3m[RouterExplorer] [39m[32mMapped {/api/v1/customers/:id/activate, POST} route[39m[38;5;3m +0ms[39m
[32m[Nest] 16628  - [39m22/09/2026, 21:25:17 [32m    LOG[39m [38;5;3m[RouterExplorer] [39m[32mMapped {/api/v1/customers/:id, DELETE} route[39m[38;5;3m +1ms[39m
[32m[Nest] 16628  - [39m22/09/2026, 21:25:17 [32m    LOG[39m [38;5;3m[RoutesResolver] [39m[32mReservationController {/api/v1/reservations}:[39m[38;5;3m +0ms[39m
[32m[Nest] 16628  - [39m22/09/2026, 21:25:17 [32m    LOG[39m [38;5;3m[RouterExplorer] [39m[32mMapped {/api/v1/reservations/public, POST} route[39m[38;5;3m +0ms[39m
[32m[Nest] 16628  - [39m22/09/2026, 21:25:17 [32m    LOG[39m [38;5;3m[RouterExplorer] [39m[32mMapped {/api/v1/reservations, GET} route[39m[38;5;3m +0ms[39m
[32m[Nest] 16628  - [39m22/09/2026, 21:25:17 [32m    LOG[39m [38;5;3m[RouterExplorer] [39m[32mMapped {/api/v1/reservations/mine, GET} route[39m[38;5;3m +0ms[39m
[32m[Nest] 16628  - [39m22/09/2026, 21:25:17 [32m    LOG[39m [38;5;3m[RouterExplorer] [39m[32mMapped {/api/v1/reservations/:id, GET} route[39m[38;5;3m +0ms[39m
[32m[Nest] 16628  - [39m22/09/2026, 21:25:17 [32m    LOG[39m [38;5;3m[RouterExplorer] [39m[32mMapped {/api/v1/reservations/:id/timeline, GET} route[39m[38;5;3m +0ms[39m
[32m[Nest] 16628  - [39m22/09/2026, 21:25:17 [32m    LOG[39m [38;5;3m[RouterExplorer] [39m[32mMapped {/api/v1/reservations/:id/status, PATCH} route[39m[38;5;3m +0ms[39m
[32m[Nest] 16628  - [39m22/09/2026, 21:25:17 [32m    LOG[39m [38;5;3m[RoutesResolver] [39m[32mSaleController {/api/v1/sales}:[39m[38;5;3m +0ms[39m
[32m[Nest] 16628  - [39m22/09/2026, 21:25:17 [32m    LOG[39m [38;5;3m[RouterExplorer] [39m[32mMapped {/api/v1/sales, GET} route[39m[38;5;3m +0ms[39m
[32m[Nest] 16628  - [39m22/09/2026, 21:25:17 [32m    LOG[39m [38;5;3m[RouterExplorer] [39m[32mMapped {/api/v1/sales/:id, GET} route[39m[38;5;3m +0ms[39m
[32m[Nest] 16628  - [39m22/09/2026, 21:25:17 [32m    LOG[39m [38;5;3m[RouterExplorer] [39m[32mMapped {/api/v1/sales, POST} route[39m[38;5;3m +0ms[39m
[32m[Nest] 16628  - [39m22/09/2026, 21:25:17 [32m    LOG[39m [38;5;3m[RouterExplorer] [39m[32mMapped {/api/v1/sales/:id/status, PATCH} route[39m[38;5;3m +0ms[39m
[32m[Nest] 16628  - [39m22/09/2026, 21:25:17 [32m    LOG[39m [38;5;3m[RoutesResolver] [39m[32mPaymentController {/api/v1/payments}:[39m[38;5;3m +0ms[39m
[32m[Nest] 16628  - [39m22/09/2026, 21:25:17 [32m    LOG[39m [38;5;3m[RouterExplorer] [39m[32mMapped {/api/v1/payments, POST} route[39m[38;5;3m +0ms[39m
[32m[Nest] 16628  - [39m22/09/2026, 21:25:17 [32m    LOG[39m [38;5;3m[RouterExplorer] [39m[32mMapped {/api/v1/payments, GET} route[39m[38;5;3m +1ms[39m
[32m[Nest] 16628  - [39m22/09/2026, 21:25:17 [32m    LOG[39m [38;5;3m[RouterExplorer] [39m[32mMapped {/api/v1/payments/:id, GET} route[39m[38;5;3m +0ms[39m
[32m[Nest] 16628  - [39m22/09/2026, 21:25:17 [32m    LOG[39m [38;5;3m[RouterExplorer] [39m[32mMapped {/api/v1/payments/:id/verify, PATCH} route[39m[38;5;3m +0ms[39m
[32m[Nest] 16628  - [39m22/09/2026, 21:25:17 [32m    LOG[39m [38;5;3m[RouterExplorer] [39m[32mMapped {/api/v1/payments/:id/reject, PATCH} route[39m[38;5;3m +0ms[39m
[32m[Nest] 16628  - [39m22/09/2026, 21:25:17 [32m    LOG[39m [38;5;3m[RoutesResolver] [39m[32mInspectionController {/api/v1/inspections}:[39m[38;5;3m +0ms[39m
[32m[Nest] 16628  - [39m22/09/2026, 21:25:17 [32m    LOG[39m [38;5;3m[RouterExplorer] [39m[32mMapped {/api/v1/inspections, POST} route[39m[38;5;3m +0ms[39m
[32m[Nest] 16628  - [39m22/09/2026, 21:25:17 [32m    LOG[39m [38;5;3m[RouterExplorer] [39m[32mMapped {/api/v1/inspections, GET} route[39m[38;5;3m +0ms[39m
[32m[Nest] 16628  - [39m22/09/2026, 21:25:17 [32m    LOG[39m [38;5;3m[RouterExplorer] [39m[32mMapped {/api/v1/inspections/:id, GET} route[39m[38;5;3m +0ms[39m
[32m[Nest] 16628  - [39m22/09/2026, 21:25:17 [32m    LOG[39m [38;5;3m[RouterExplorer] [39m[32mMapped {/api/v1/inspections/:id/start, PATCH} route[39m[38;5;3m +0ms[39m
[32m[Nest] 16628  - [39m22/09/2026, 21:25:17 [32m    LOG[39m [38;5;3m[RouterExplorer] [39m[32mMapped {/api/v1/inspections/:id/complete, PATCH} route[39m[38;5;3m +0ms[39m
[32m[Nest] 16628  - [39m22/09/2026, 21:25:17 [32m    LOG[39m [38;5;3m[RouterExplorer] [39m[32mMapped {/api/v1/inspections/:id/cancel, PATCH} route[39m[38;5;3m +0ms[39m
[32m[Nest] 16628  - [39m22/09/2026, 21:25:17 [32m    LOG[39m [38;5;3m[RouterExplorer] [39m[32mMapped {/api/v1/inspections/:id/fail, PATCH} route[39m[38;5;3m +0ms[39m
[32m[Nest] 16628  - [39m22/09/2026, 21:25:17 [32m    LOG[39m [38;5;3m[RoutesResolver] [39m[32mDocumentController {/api/v1/documents}:[39m[38;5;3m +0ms[39m
[32m[Nest] 16628  - [39m22/09/2026, 21:25:17 [32m    LOG[39m [38;5;3m[RouterExplorer] [39m[32mMapped {/api/v1/documents/upload, POST} route[39m[38;5;3m +0ms[39m
[32m[Nest] 16628  - [39m22/09/2026, 21:25:17 [32m    LOG[39m [38;5;3m[RouterExplorer] [39m[32mMapped {/api/v1/documents, GET} route[39m[38;5;3m +0ms[39m
[32m[Nest] 16628  - [39m22/09/2026, 21:25:17 [32m    LOG[39m [38;5;3m[RouterExplorer] [39m[32mMapped {/api/v1/documents/:id, GET} route[39m[38;5;3m +0ms[39m
[32m[Nest] 16628  - [39m22/09/2026, 21:25:17 [32m    LOG[39m [38;5;3m[RouterExplorer] [39m[32mMapped {/api/v1/documents/:id/download, GET} route[39m[38;5;3m +0ms[39m
[32m[Nest] 16628  - [39m22/09/2026, 21:25:17 [32m    LOG[39m [38;5;3m[RouterExplorer] [39m[32mMapped {/api/v1/documents/:id/status, PATCH} route[39m[38;5;3m +1ms[39m
[32m[Nest] 16628  - [39m22/09/2026, 21:25:17 [32m    LOG[39m [38;5;3m[RouterExplorer] [39m[32mMapped {/api/v1/documents/:id, DELETE} route[39m[38;5;3m +0ms[39m
[32m[Nest] 16628  - [39m22/09/2026, 21:25:17 [32m    LOG[39m [38;5;3m[RoutesResolver] [39m[32mEmployeeController {/api/v1/employees}:[39m[38;5;3m +0ms[39m
[32m[Nest] 16628  - [39m22/09/2026, 21:25:17 [32m    LOG[39m [38;5;3m[RouterExplorer] [39m[32mMapped {/api/v1/employees, GET} route[39m[38;5;3m +0ms[39m
[32m[Nest] 16628  - [39m22/09/2026, 21:25:17 [32m    LOG[39m [38;5;3m[RouterExplorer] [39m[32mMapped {/api/v1/employees/departments, GET} route[39m[38;5;3m +0ms[39m
[32m[Nest] 16628  - [39m22/09/2026, 21:25:17 [32m    LOG[39m [38;5;3m[RouterExplorer] [39m[32mMapped {/api/v1/employees/roles, GET} route[39m[38;5;3m +0ms[39m
[32m[Nest] 16628  - [39m22/09/2026, 21:25:17 [32m    LOG[39m [38;5;3m[RouterExplorer] [39m[32mMapped {/api/v1/employees/:id, GET} route[39m[38;5;3m +0ms[39m
[32m[Nest] 16628  - [39m22/09/2026, 21:25:17 [32m    LOG[39m [38;5;3m[RouterExplorer] [39m[32mMapped {/api/v1/employees, POST} route[39m[38;5;3m +0ms[39m
[32m[Nest] 16628  - [39m22/09/2026, 21:25:17 [32m    LOG[39m [38;5;3m[RouterExplorer] [39m[32mMapped {/api/v1/employees/:id, PATCH} route[39m[38;5;3m +0ms[39m
[32m[Nest] 16628  - [39m22/09/2026, 21:25:17 [32m    LOG[39m [38;5;3m[RouterExplorer] [39m[32mMapped {/api/v1/employees/:id, DELETE} route[39m[38;5;3m +0ms[39m
[32m[Nest] 16628  - [39m22/09/2026, 21:25:17 [32m    LOG[39m [38;5;3m[RouterExplorer] [39m[32mMapped {/api/v1/employees/:id/roles, POST} route[39m[38;5;3m +0ms[39m
[32m[Nest] 16628  - [39m22/09/2026, 21:25:17 [32m    LOG[39m [38;5;3m[RouterExplorer] [39m[32mMapped {/api/v1/employees/:id/roles/remove, POST} route[39m[38;5;3m +0ms[39m
[32m[Nest] 16628  - [39m22/09/2026, 21:25:17 [32m    LOG[39m [38;5;3m[RoutesResolver] [39m[32mVendorController {/api/v1/vendors}:[39m[38;5;3m +0ms[39m
[32m[Nest] 16628  - [39m22/09/2026, 21:25:17 [32m    LOG[39m [38;5;3m[RoutesResolver] [39m[32mAppointmentController {/api/v1/appointments}:[39m[38;5;3m +0ms[39m
[32m[Nest] 16628  - [39m22/09/2026, 21:25:17 [32m    LOG[39m [38;5;3m[RoutesResolver] [39m[32mNotificationController {/api/v1/notifications}:[39m[38;5;3m +0ms[39m
[32m[Nest] 16628  - [39m22/09/2026, 21:25:17 [32m    LOG[39m [38;5;3m[RoutesResolver] [39m[32mAiController {/api/v1/ai}:[39m[38;5;3m +0ms[39m
[32m[Nest] 16628  - [39m22/09/2026, 21:25:17 [32m    LOG[39m [38;5;3m[RoutesResolver] [39m[32mDashboardController {/api/v1/dashboard}:[39m[38;5;3m +0ms[39m
[32m[Nest] 16628  - [39m22/09/2026, 21:25:17 [32m    LOG[39m [38;5;3m[RouterExplorer] [39m[32mMapped {/api/v1/dashboard/stats, GET} route[39m[38;5;3m +0ms[39m
[32m[Nest] 16628  - [39m22/09/2026, 21:25:17 [32m    LOG[39m [38;5;3m[RoutesResolver] [39m[32mPosterController {/api/v1/posters}:[39m[38;5;3m +0ms[39m
[32m[Nest] 16628  - [39m22/09/2026, 21:25:17 [32m    LOG[39m [38;5;3m[RouterExplorer] [39m[32mMapped {/api/v1/posters/public, GET} route[39m[38;5;3m +0ms[39m
[32m[Nest] 16628  - [39m22/09/2026, 21:25:17 [32m    LOG[39m [38;5;3m[RouterExplorer] [39m[32mMapped {/api/v1/posters, GET} route[39m[38;5;3m +0ms[39m
[32m[Nest] 16628  - [39m22/09/2026, 21:25:17 [32m    LOG[39m [38;5;3m[RouterExplorer] [39m[32mMapped {/api/v1/posters, POST} route[39m[38;5;3m +1ms[39m
[32m[Nest] 16628  - [39m22/09/2026, 21:25:17 [32m    LOG[39m [38;5;3m[RouterExplorer] [39m[32mMapped {/api/v1/posters/:id, PATCH} route[39m[38;5;3m +0ms[39m
[32m[Nest] 16628  - [39m22/09/2026, 21:25:17 [32m    LOG[39m [38;5;3m[RouterExplorer] [39m[32mMapped {/api/v1/posters/:id/toggle, PATCH} route[39m[38;5;3m +0ms[39m
[32m[Nest] 16628  - [39m22/09/2026, 21:25:17 [32m    LOG[39m [38;5;3m[RouterExplorer] [39m[32mMapped {/api/v1/posters/:id, DELETE} route[39m[38;5;3m +0ms[39m
[32m[Nest] 16628  - [39m22/09/2026, 21:25:18 [32m    LOG[39m [38;5;3m[PrismaService] [39m[32mDatabase connected[39m
[32m[Nest] 16628  - [39m22/09/2026, 21:25:18 [32m    LOG[39m [38;5;3m[NestApplication] [39m[32mNest application successfully started[39m[38;5;3m +4ms[39m
🚀 NHGP API running at http://localhost:4000/api/v1
[2J[3J[H[[90m21:27:29[0m] File change detected. Starting incremental compilation...

[[90m21:27:29[0m] Found 0 errors. Watching for file changes.

[32m[Nest] 13384  - [39m22/09/2026, 21:27:31 [32m    LOG[39m [38;5;3m[NestFactory] [39m[32mStarting Nest application...[39m
[32m[Nest] 13384  - [39m22/09/2026, 21:27:31 [32m    LOG[39m [38;5;3m[InstanceLoader] [39m[32mPrismaModule dependencies initialized[39m[38;5;3m +25ms[39m
[32m[Nest] 13384  - [39m22/09/2026, 21:27:31 [32m    LOG[39m [38;5;3m[InstanceLoader] [39m[32mPassportModule dependencies initialized[39m[38;5;3m +0ms[39m
[32m[Nest] 13384  - [39m22/09/2026, 21:27:31 [32m    LOG[39m [38;5;3m[InstanceLoader] [39m[32mConfigHostModule dependencies initialized[39m[38;5;3m +6ms[39m
[32m[Nest] 13384  - [39m22/09/2026, 21:27:31 [32m    LOG[39m [38;5;3m[InstanceLoader] [39m[32mThrottlerModule dependencies initialized[39m[38;5;3m +0ms[39m
[33m[Nest] 13384  - [39m22/09/2026, 21:27:31 [33m   WARN[39m [38;5;3m[EmailService] [39m[33mSMTP not configured — emails will be logged to console. Set SMTP_HOST, SMTP_USER, SMTP_PASS in .env to enable sending.[39m
[32m[Nest] 13384  - [39m22/09/2026, 21:27:31 [32m    LOG[39m [38;5;3m[InstanceLoader] [39m[32mConfigModule dependencies initialized[39m[38;5;3m +0ms[39m
[32m[Nest] 13384  - [39m22/09/2026, 21:27:31 [32m    LOG[39m [38;5;3m[InstanceLoader] [39m[32mConfigModule dependencies initialized[39m[38;5;3m +0ms[39m
[32m[Nest] 13384  - [39m22/09/2026, 21:27:31 [32m    LOG[39m [38;5;3m[InstanceLoader] [39m[32mNotificationModule dependencies initialized[39m[38;5;3m +1ms[39m
[32m[Nest] 13384  - [39m22/09/2026, 21:27:31 [32m    LOG[39m [38;5;3m[InstanceLoader] [39m[32mAiModule dependencies initialized[39m[38;5;3m +0ms[39m
[32m[Nest] 13384  - [39m22/09/2026, 21:27:31 [32m    LOG[39m [38;5;3m[InstanceLoader] [39m[32mEmailModule dependencies initialized[39m[38;5;3m +0ms[39m
[32m[Nest] 13384  - [39m22/09/2026, 21:27:31 [32m    LOG[39m [38;5;3m[InstanceLoader] [39m[32mStorageModule dependencies initialized[39m[38;5;3m +0ms[39m
[32m[Nest] 13384  - [39m22/09/2026, 21:27:31 [32m    LOG[39m [38;5;3m[InstanceLoader] [39m[32mJwtModule dependencies initialized[39m[38;5;3m +1ms[39m
[32m[Nest] 13384  - [39m22/09/2026, 21:27:31 [32m    LOG[39m [38;5;3m[InstanceLoader] [39m[32mVendorModule dependencies initialized[39m[38;5;3m +0ms[39m
[32m[Nest] 13384  - [39m22/09/2026, 21:27:31 [32m    LOG[39m [38;5;3m[InstanceLoader] [39m[32mAppointmentModule dependencies initialized[39m[38;5;3m +0ms[39m
[32m[Nest] 13384  - [39m22/09/2026, 21:27:31 [32m    LOG[39m [38;5;3m[InstanceLoader] [39m[32mEmployeeModule dependencies initialized[39m[38;5;3m +1ms[39m
[32m[Nest] 13384  - [39m22/09/2026, 21:27:31 [32m    LOG[39m [38;5;3m[InstanceLoader] [39m[32mDashboardModule dependencies initialized[39m[38;5;3m +0ms[39m
[32m[Nest] 13384  - [39m22/09/2026, 21:27:31 [32m    LOG[39m [38;5;3m[InstanceLoader] [39m[32mAuditModule dependencies initialized[39m[38;5;3m +1ms[39m
[32m[Nest] 13384  - [39m22/09/2026, 21:27:31 [32m    LOG[39m [38;5;3m[InstanceLoader] [39m[32mAppModule dependencies initialized[39m[38;5;3m +0ms[39m
[32m[Nest] 13384  - [39m22/09/2026, 21:27:31 [32m    LOG[39m [38;5;3m[InstanceLoader] [39m[32mCustomerModule dependencies initialized[39m[38;5;3m +0ms[39m
[32m[Nest] 13384  - [39m22/09/2026, 21:27:31 [32m    LOG[39m [38;5;3m[InstanceLoader] [39m[32mSaleModule dependencies initialized[39m[38;5;3m +0ms[39m
[32m[Nest] 13384  - [39m22/09/2026, 21:27:31 [32m    LOG[39m [38;5;3m[InstanceLoader] [39m[32mPaymentModule dependencies initialized[39m[38;5;3m +0ms[39m
[32m[Nest] 13384  - [39m22/09/2026, 21:27:31 [32m    LOG[39m [38;5;3m[InstanceLoader] [39m[32mInspectionModule dependencies initialized[39m[38;5;3m +0ms[39m
[32m[Nest] 13384  - [39m22/09/2026, 21:27:31 [32m    LOG[39m [38;5;3m[InstanceLoader] [39m[32mCompanyModule dependencies initialized[39m[38;5;3m +0ms[39m
[32m[Nest] 13384  - [39m22/09/2026, 21:27:31 [32m    LOG[39m [38;5;3m[InstanceLoader] [39m[32mReservationModule dependencies initialized[39m[38;5;3m +0ms[39m
[32m[Nest] 13384  - [39m22/09/2026, 21:27:31 [32m    LOG[39m [38;5;3m[InstanceLoader] [39m[32mDocumentModule dependencies initialized[39m[38;5;3m +0ms[39m
[32m[Nest] 13384  - [39m22/09/2026, 21:27:31 [32m    LOG[39m [38;5;3m[InstanceLoader] [39m[32mEstateModule dependencies initialized[39m[38;5;3m +0ms[39m
[32m[Nest] 13384  - [39m22/09/2026, 21:27:31 [32m    LOG[39m [38;5;3m[InstanceLoader] [39m[32mPropertyModule dependencies initialized[39m[38;5;3m +0ms[39m
[32m[Nest] 13384  - [39m22/09/2026, 21:27:31 [32m    LOG[39m [38;5;3m[InstanceLoader] [39m[32mPosterModule dependencies initialized[39m[38;5;3m +0ms[39m
[32m[Nest] 13384  - [39m22/09/2026, 21:27:31 [32m    LOG[39m [38;5;3m[InstanceLoader] [39m[32mAuthModule dependencies initialized[39m[38;5;3m +0ms[39m
[32m[Nest] 13384  - [39m22/09/2026, 21:27:31 [32m    LOG[39m [38;5;3m[RoutesResolver] [39m[32mHealthController {/api/v1/health}:[39m[38;5;3m +415ms[39m
[32m[Nest] 13384  - [39m22/09/2026, 21:27:31 [32m    LOG[39m [38;5;3m[RouterExplorer] [39m[32mMapped {/api/v1/health, GET} route[39m[38;5;3m +2ms[39m
[32m[Nest] 13384  - [39m22/09/2026, 21:27:31 [32m    LOG[39m [38;5;3m[RoutesResolver] [39m[32mAuditController {/api/v1/audit-logs}:[39m[38;5;3m +0ms[39m
[32m[Nest] 13384  - [39m22/09/2026, 21:27:31 [32m    LOG[39m [38;5;3m[RouterExplorer] [39m[32mMapped {/api/v1/audit-logs, GET} route[39m[38;5;3m +1ms[39m
[32m[Nest] 13384  - [39m22/09/2026, 21:27:31 [32m    LOG[39m [38;5;3m[RoutesResolver] [39m[32mAuthController {/api/v1/auth}:[39m[38;5;3m +0ms[39m
[32m[Nest] 13384  - [39m22/09/2026, 21:27:31 [32m    LOG[39m [38;5;3m[RouterExplorer] [39m[32mMapped {/api/v1/auth/login, POST} route[39m[38;5;3m +0ms[39m
[32m[Nest] 13384  - [39m22/09/2026, 21:27:31 [32m    LOG[39m [38;5;3m[RouterExplorer] [39m[32mMapped {/api/v1/auth/refresh, POST} route[39m[38;5;3m +0ms[39m
[32m[Nest] 13384  - [39m22/09/2026, 21:27:31 [32m    LOG[39m [38;5;3m[RouterExplorer] [39m[32mMapped {/api/v1/auth/logout, POST} route[39m[38;5;3m +0ms[39m
[32m[Nest] 13384  - [39m22/09/2026, 21:27:31 [32m    LOG[39m [38;5;3m[RouterExplorer] [39m[32mMapped {/api/v1/auth/change-password, POST} route[39m[38;5;3m +1ms[39m
[32m[Nest] 13384  - [39m22/09/2026, 21:27:31 [32m    LOG[39m [38;5;3m[RouterExplorer] [39m[32mMapped {/api/v1/auth/me, POST} route[39m[38;5;3m +0ms[39m
[32m[Nest] 13384  - [39m22/09/2026, 21:27:31 [32m    LOG[39m [38;5;3m[RouterExplorer] [39m[32mMapped {/api/v1/auth/super/login, POST} route[39m[38;5;3m +0ms[39m
[32m[Nest] 13384  - [39m22/09/2026, 21:27:31 [32m    LOG[39m [38;5;3m[RouterExplorer] [39m[32mMapped {/api/v1/auth/customer/register, POST} route[39m[38;5;3m +0ms[39m
[32m[Nest] 13384  - [39m22/09/2026, 21:27:31 [32m    LOG[39m [38;5;3m[RouterExplorer] [39m[32mMapped {/api/v1/auth/customer/login, POST} route[39m[38;5;3m +0ms[39m
[32m[Nest] 13384  - [39m22/09/2026, 21:27:31 [32m    LOG[39m [38;5;3m[RouterExplorer] [39m[32mMapped {/api/v1/auth/customer/me, GET} route[39m[38;5;3m +2ms[39m
[32m[Nest] 13384  - [39m22/09/2026, 21:27:31 [32m    LOG[39m [38;5;3m[RouterExplorer] [39m[32mMapped {/api/v1/auth/customer/profile, PATCH} route[39m[38;5;3m +0ms[39m
[32m[Nest] 13384  - [39m22/09/2026, 21:27:31 [32m    LOG[39m [38;5;3m[RoutesResolver] [39m[32mCompanyController {/api/v1/companies}:[39m[38;5;3m +1ms[39m
[32m[Nest] 13384  - [39m22/09/2026, 21:27:31 [32m    LOG[39m [38;5;3m[RouterExplorer] [39m[32mMapped {/api/v1/companies, POST} route[39m[38;5;3m +0ms[39m
[32m[Nest] 13384  - [39m22/09/2026, 21:27:31 [32m    LOG[39m [38;5;3m[RouterExplorer] [39m[32mMapped {/api/v1/companies, GET} route[39m[38;5;3m +0ms[39m
[32m[Nest] 13384  - [39m22/09/2026, 21:27:31 [32m    LOG[39m [38;5;3m[RouterExplorer] [39m[32mMapped {/api/v1/companies/departments, GET} route[39m[38;5;3m +0ms[39m
[32m[Nest] 13384  - [39m22/09/2026, 21:27:31 [32m    LOG[39m [38;5;3m[RouterExplorer] [39m[32mMapped {/api/v1/companies/:id, GET} route[39m[38;5;3m +0ms[39m
[32m[Nest] 13384  - [39m22/09/2026, 21:27:31 [32m    LOG[39m [38;5;3m[RouterExplorer] [39m[32mMapped {/api/v1/companies/:id, PATCH} route[39m[38;5;3m +0ms[39m
[32m[Nest] 13384  - [39m22/09/2026, 21:27:31 [32m    LOG[39m [38;5;3m[RouterExplorer] [39m[32mMapped {/api/v1/companies/:id/branches, POST} route[39m[38;5;3m +0ms[39m
[32m[Nest] 13384  - [39m22/09/2026, 21:27:31 [32m    LOG[39m [38;5;3m[RouterExplorer] [39m[32mMapped {/api/v1/companies/branches/:branchId, PATCH} route[39m[38;5;3m +0ms[39m
[32m[Nest] 13384  - [39m22/09/2026, 21:27:31 [32m    LOG[39m [38;5;3m[RouterExplorer] [39m[32mMapped {/api/v1/companies/branches/:branchId, DELETE} route[39m[38;5;3m +1ms[39m
[32m[Nest] 13384  - [39m22/09/2026, 21:27:31 [32m    LOG[39m [38;5;3m[RouterExplorer] [39m[32mMapped {/api/v1/companies/departments, POST} route[39m[38;5;3m +0ms[39m
[32m[Nest] 13384  - [39m22/09/2026, 21:27:31 [32m    LOG[39m [38;5;3m[RouterExplorer] [39m[32mMapped {/api/v1/companies/departments/:id, PATCH} route[39m[38;5;3m +0ms[39m
[32m[Nest] 13384  - [39m22/09/2026, 21:27:31 [32m    LOG[39m [38;5;3m[RouterExplorer] [39m[32mMapped {/api/v1/companies/departments/:id, DELETE} route[39m[38;5;3m +0ms[39m
[32m[Nest] 13384  - [39m22/09/2026, 21:27:31 [32m    LOG[39m [38;5;3m[RoutesResolver] [39m[32mEstateController {/api/v1/estates}:[39m[38;5;3m +0ms[39m
[32m[Nest] 13384  - [39m22/09/2026, 21:27:31 [32m    LOG[39m [38;5;3m[RouterExplorer] [39m[32mMapped {/api/v1/estates/public, GET} route[39m[38;5;3m +0ms[39m
[32m[Nest] 13384  - [39m22/09/2026, 21:27:31 [32m    LOG[39m [38;5;3m[RouterExplorer] [39m[32mMapped {/api/v1/estates, GET} route[39m[38;5;3m +0ms[39m
[32m[Nest] 13384  - [39m22/09/2026, 21:27:31 [32m    LOG[39m [38;5;3m[RouterExplorer] [39m[32mMapped {/api/v1/estates/:id, GET} route[39m[38;5;3m +0ms[39m
[32m[Nest] 13384  - [39m22/09/2026, 21:27:31 [32m    LOG[39m [38;5;3m[RouterExplorer] [39m[32mMapped {/api/v1/estates, POST} route[39m[38;5;3m +0ms[39m
[32m[Nest] 13384  - [39m22/09/2026, 21:27:31 [32m    LOG[39m [38;5;3m[RouterExplorer] [39m[32mMapped {/api/v1/estates/:id, PATCH} route[39m[38;5;3m +0ms[39m
[32m[Nest] 13384  - [39m22/09/2026, 21:27:31 [32m    LOG[39m [38;5;3m[RouterExplorer] [39m[32mMapped {/api/v1/estates/:id/phases, POST} route[39m[38;5;3m +0ms[39m
[32m[Nest] 13384  - [39m22/09/2026, 21:27:31 [32m    LOG[39m [38;5;3m[RouterExplorer] [39m[32mMapped {/api/v1/estates/:id/blocks, POST} route[39m[38;5;3m +1ms[39m
[32m[Nest] 13384  - [39m22/09/2026, 21:27:31 [32m    LOG[39m [38;5;3m[RouterExplorer] [39m[32mMapped {/api/v1/estates/:id/infrastructure, POST} route[39m[38;5;3m +0ms[39m
[32m[Nest] 13384  - [39m22/09/2026, 21:27:31 [32m    LOG[39m [38;5;3m[RouterExplorer] [39m[32mMapped {/api/v1/estates/:id/site-plan, POST} route[39m[38;5;3m +0ms[39m
[32m[Nest] 13384  - [39m22/09/2026, 21:27:31 [32m    LOG[39m [38;5;3m[RouterExplorer] [39m[32mMapped {/api/v1/estates/:id/building-types, PATCH} route[39m[38;5;3m +0ms[39m
[32m[Nest] 13384  - [39m22/09/2026, 21:27:31 [32m    LOG[39m [38;5;3m[RouterExplorer] [39m[32mMapped {/api/v1/estates/:id/building-type-image/:typeId, POST} route[39m[38;5;3m +0ms[39m
[32m[Nest] 13384  - [39m22/09/2026, 21:27:31 [32m    LOG[39m [38;5;3m[RouterExplorer] [39m[32mMapped {/api/v1/estates/:id/building-type-image/:typeId/:filename, DELETE} route[39m[38;5;3m +0ms[39m
[32m[Nest] 13384  - [39m22/09/2026, 21:27:31 [32m    LOG[39m [38;5;3m[RouterExplorer] [39m[32mMapped {/api/v1/estates/:id/permanent, DELETE} route[39m[38;5;3m +0ms[39m
[32m[Nest] 13384  - [39m22/09/2026, 21:27:31 [32m    LOG[39m [38;5;3m[RoutesResolver] [39m[32mPropertyController {/api/v1/properties}:[39m[38;5;3m +0ms[39m
[32m[Nest] 13384  - [39m22/09/2026, 21:27:31 [32m    LOG[39m [38;5;3m[RouterExplorer] [39m[32mMapped {/api/v1/properties/public, GET} route[39m[38;5;3m +0ms[39m
[32m[Nest] 13384  - [39m22/09/2026, 21:27:31 [32m    LOG[39m [38;5;3m[RouterExplorer] [39m[32mMapped {/api/v1/properties/public/:id, GET} route[39m[38;5;3m +0ms[39m
[32m[Nest] 13384  - [39m22/09/2026, 21:27:31 [32m    LOG[39m [38;5;3m[RouterExplorer] [39m[32mMapped {/api/v1/properties/public/inquiry, POST} route[39m[38;5;3m +0ms[39m
[32m[Nest] 13384  - [39m22/09/2026, 21:27:31 [32m    LOG[39m [38;5;3m[RouterExplorer] [39m[32mMapped {/api/v1/properties, GET} route[39m[38;5;3m +0ms[39m
[32m[Nest] 13384  - [39m22/09/2026, 21:27:31 [32m    LOG[39m [38;5;3m[RouterExplorer] [39m[32mMapped {/api/v1/properties/admin/inquiries, GET} route[39m[38;5;3m +0ms[39m
[32m[Nest] 13384  - [39m22/09/2026, 21:27:31 [32m    LOG[39m [38;5;3m[RouterExplorer] [39m[32mMapped {/api/v1/properties/admin/inquiries/:id/status, PATCH} route[39m[38;5;3m +0ms[39m
[32m[Nest] 13384  - [39m22/09/2026, 21:27:31 [32m    LOG[39m [38;5;3m[RouterExplorer] [39m[32mMapped {/api/v1/properties/admin/inquiries/:id/notes, PATCH} route[39m[38;5;3m +1ms[39m
[32m[Nest] 13384  - [39m22/09/2026, 21:27:31 [32m    LOG[39m [38;5;3m[RouterExplorer] [39m[32mMapped {/api/v1/properties/admin/inquiries/:id/convert, POST} route[39m[38;5;3m +0ms[39m
[32m[Nest] 13384  - [39m22/09/2026, 21:27:31 [32m    LOG[39m [38;5;3m[RouterExplorer] [39m[32mMapped {/api/v1/properties/:id, GET} route[39m[38;5;3m +0ms[39m
[32m[Nest] 13384  - [39m22/09/2026, 21:27:31 [32m    LOG[39m [38;5;3m[RouterExplorer] [39m[32mMapped {/api/v1/properties, POST} route[39m[38;5;3m +0ms[39m
[32m[Nest] 13384  - [39m22/09/2026, 21:27:31 [32m    LOG[39m [38;5;3m[RouterExplorer] [39m[32mMapped {/api/v1/properties/:id, PATCH} route[39m[38;5;3m +0ms[39m
[32m[Nest] 13384  - [39m22/09/2026, 21:27:31 [32m    LOG[39m [38;5;3m[RouterExplorer] [39m[32mMapped {/api/v1/properties/:id/status, POST} route[39m[38;5;3m +0ms[39m
[32m[Nest] 13384  - [39m22/09/2026, 21:27:31 [32m    LOG[39m [38;5;3m[RouterExplorer] [39m[32mMapped {/api/v1/properties/:id, DELETE} route[39m[38;5;3m +0ms[39m
[32m[Nest] 13384  - [39m22/09/2026, 21:27:31 [32m    LOG[39m [38;5;3m[RouterExplorer] [39m[32mMapped {/api/v1/properties/:id/permanent, DELETE} route[39m[38;5;3m +0ms[39m
[32m[Nest] 13384  - [39m22/09/2026, 21:27:31 [32m    LOG[39m [38;5;3m[RouterExplorer] [39m[32mMapped {/api/v1/properties/:id/media, POST} route[39m[38;5;3m +0ms[39m
[32m[Nest] 13384  - [39m22/09/2026, 21:27:31 [32m    LOG[39m [38;5;3m[RouterExplorer] [39m[32mMapped {/api/v1/properties/:id/media/:mediaId, DELETE} route[39m[38;5;3m +0ms[39m
[32m[Nest] 13384  - [39m22/09/2026, 21:27:31 [32m    LOG[39m [38;5;3m[RouterExplorer] [39m[32mMapped {/api/v1/properties/:id/media/:mediaId/cover, PATCH} route[39m[38;5;3m +0ms[39m
[32m[Nest] 13384  - [39m22/09/2026, 21:27:31 [32m    LOG[39m [38;5;3m[RouterExplorer] [39m[32mMapped {/api/v1/properties/:id/favorite, POST} route[39m[38;5;3m +0ms[39m
[32m[Nest] 13384  - [39m22/09/2026, 21:27:31 [32m    LOG[39m [38;5;3m[RouterExplorer] [39m[32mMapped {/api/v1/properties/:id/favorite-status, GET} route[39m[38;5;3m +0ms[39m
[32m[Nest] 13384  - [39m22/09/2026, 21:27:31 [32m    LOG[39m [38;5;3m[RoutesResolver] [39m[32mCustomerController {/api/v1/customers}:[39m[38;5;3m +0ms[39m
[32m[Nest] 13384  - [39m22/09/2026, 21:27:31 [32m    LOG[39m [38;5;3m[RouterExplorer] [39m[32mMapped {/api/v1/customers, GET} route[39m[38;5;3m +0ms[39m
[32m[Nest] 13384  - [39m22/09/2026, 21:27:31 [32m    LOG[39m [38;5;3m[RouterExplorer] [39m[32mMapped {/api/v1/customers/:id, GET} route[39m[38;5;3m +0ms[39m
[32m[Nest] 13384  - [39m22/09/2026, 21:27:31 [32m    LOG[39m [38;5;3m[RouterExplorer] [39m[32mMapped {/api/v1/customers, POST} route[39m[38;5;3m +1ms[39m
[32m[Nest] 13384  - [39m22/09/2026, 21:27:31 [32m    LOG[39m [38;5;3m[RouterExplorer] [39m[32mMapped {/api/v1/customers/:id, PATCH} route[39m[38;5;3m +0ms[39m
[32m[Nest] 13384  - [39m22/09/2026, 21:27:31 [32m    LOG[39m [38;5;3m[RouterExplorer] [39m[32mMapped {/api/v1/customers/:id/deactivate, POST} route[39m[38;5;3m +0ms[39m
[32m[Nest] 13384  - [39m22/09/2026, 21:27:31 [32m    LOG[39m [38;5;3m[RouterExplorer] [39m[32mMapped {/api/v1/customers/:id/activate, POST} route[39m[38;5;3m +0ms[39m
[32m[Nest] 13384  - [39m22/09/2026, 21:27:31 [32m    LOG[39m [38;5;3m[RouterExplorer] [39m[32mMapped {/api/v1/customers/:id, DELETE} route[39m[38;5;3m +0ms[39m
[32m[Nest] 13384  - [39m22/09/2026, 21:27:31 [32m    LOG[39m [38;5;3m[RoutesResolver] [39m[32mReservationController {/api/v1/reservations}:[39m[38;5;3m +0ms[39m
[32m[Nest] 13384  - [39m22/09/2026, 21:27:31 [32m    LOG[39m [38;5;3m[RouterExplorer] [39m[32mMapped {/api/v1/reservations/public, POST} route[39m[38;5;3m +0ms[39m
[32m[Nest] 13384  - [39m22/09/2026, 21:27:31 [32m    LOG[39m [38;5;3m[RouterExplorer] [39m[32mMapped {/api/v1/reservations, GET} route[39m[38;5;3m +0ms[39m
[32m[Nest] 13384  - [39m22/09/2026, 21:27:31 [32m    LOG[39m [38;5;3m[RouterExplorer] [39m[32mMapped {/api/v1/reservations/mine, GET} route[39m[38;5;3m +0ms[39m
[32m[Nest] 13384  - [39m22/09/2026, 21:27:31 [32m    LOG[39m [38;5;3m[RouterExplorer] [39m[32mMapped {/api/v1/reservations/:id, GET} route[39m[38;5;3m +0ms[39m
[32m[Nest] 13384  - [39m22/09/2026, 21:27:31 [32m    LOG[39m [38;5;3m[RouterExplorer] [39m[32mMapped {/api/v1/reservations/:id/timeline, GET} route[39m[38;5;3m +0ms[39m
[32m[Nest] 13384  - [39m22/09/2026, 21:27:31 [32m    LOG[39m [38;5;3m[RouterExplorer] [39m[32mMapped {/api/v1/reservations/:id/status, PATCH} route[39m[38;5;3m +0ms[39m
[32m[Nest] 13384  - [39m22/09/2026, 21:27:31 [32m    LOG[39m [38;5;3m[RoutesResolver] [39m[32mSaleController {/api/v1/sales}:[39m[38;5;3m +0ms[39m
[32m[Nest] 13384  - [39m22/09/2026, 21:27:31 [32m    LOG[39m [38;5;3m[RouterExplorer] [39m[32mMapped {/api/v1/sales, GET} route[39m[38;5;3m +0ms[39m
[32m[Nest] 13384  - [39m22/09/2026, 21:27:31 [32m    LOG[39m [38;5;3m[RouterExplorer] [39m[32mMapped {/api/v1/sales/:id, GET} route[39m[38;5;3m +0ms[39m
[32m[Nest] 13384  - [39m22/09/2026, 21:27:31 [32m    LOG[39m [38;5;3m[RouterExplorer] [39m[32mMapped {/api/v1/sales, POST} route[39m[38;5;3m +0ms[39m
[32m[Nest] 13384  - [39m22/09/2026, 21:27:31 [32m    LOG[39m [38;5;3m[RouterExplorer] [39m[32mMapped {/api/v1/sales/:id/status, PATCH} route[39m[38;5;3m +0ms[39m
[32m[Nest] 13384  - [39m22/09/2026, 21:27:31 [32m    LOG[39m [38;5;3m[RoutesResolver] [39m[32mPaymentController {/api/v1/payments}:[39m[38;5;3m +0ms[39m
[32m[Nest] 13384  - [39m22/09/2026, 21:27:31 [32m    LOG[39m [38;5;3m[RouterExplorer] [39m[32mMapped {/api/v1/payments, POST} route[39m[38;5;3m +1ms[39m
[32m[Nest] 13384  - [39m22/09/2026, 21:27:31 [32m    LOG[39m [38;5;3m[RouterExplorer] [39m[32mMapped {/api/v1/payments, GET} route[39m[38;5;3m +0ms[39m
[32m[Nest] 13384  - [39m22/09/2026, 21:27:31 [32m    LOG[39m [38;5;3m[RouterExplorer] [39m[32mMapped {/api/v1/payments/:id, GET} route[39m[38;5;3m +0ms[39m
[32m[Nest] 13384  - [39m22/09/2026, 21:27:31 [32m    LOG[39m [38;5;3m[RouterExplorer] [39m[32mMapped {/api/v1/payments/:id/verify, PATCH} route[39m[38;5;3m +0ms[39m
[32m[Nest] 13384  - [39m22/09/2026, 21:27:31 [32m    LOG[39m [38;5;3m[RouterExplorer] [39m[32mMapped {/api/v1/payments/:id/reject, PATCH} route[39m[38;5;3m +0ms[39m
[32m[Nest] 13384  - [39m22/09/2026, 21:27:31 [32m    LOG[39m [38;5;3m[RoutesResolver] [39m[32mInspectionController {/api/v1/inspections}:[39m[38;5;3m +0ms[39m
[32m[Nest] 13384  - [39m22/09/2026, 21:27:31 [32m    LOG[39m [38;5;3m[RouterExplorer] [39m[32mMapped {/api/v1/inspections, POST} route[39m[38;5;3m +0ms[39m
[32m[Nest] 13384  - [39m22/09/2026, 21:27:31 [32m    LOG[39m [38;5;3m[RouterExplorer] [39m[32mMapped {/api/v1/inspections, GET} route[39m[38;5;3m +0ms[39m
[32m[Nest] 13384  - [39m22/09/2026, 21:27:31 [32m    LOG[39m [38;5;3m[RouterExplorer] [39m[32mMapped {/api/v1/inspections/:id, GET} route[39m[38;5;3m +0ms[39m
[32m[Nest] 13384  - [39m22/09/2026, 21:27:31 [32m    LOG[39m [38;5;3m[RouterExplorer] [39m[32mMapped {/api/v1/inspections/:id/start, PATCH} route[39m[38;5;3m +0ms[39m
[32m[Nest] 13384  - [39m22/09/2026, 21:27:31 [32m    LOG[39m [38;5;3m[RouterExplorer] [39m[32mMapped {/api/v1/inspections/:id/complete, PATCH} route[39m[38;5;3m +0ms[39m
[32m[Nest] 13384  - [39m22/09/2026, 21:27:31 [32m    LOG[39m [38;5;3m[RouterExplorer] [39m[32mMapped {/api/v1/inspections/:id/cancel, PATCH} route[39m[38;5;3m +0ms[39m
[32m[Nest] 13384  - [39m22/09/2026, 21:27:31 [32m    LOG[39m [38;5;3m[RouterExplorer] [39m[32mMapped {/api/v1/inspections/:id/fail, PATCH} route[39m[38;5;3m +0ms[39m
[32m[Nest] 13384  - [39m22/09/2026, 21:27:31 [32m    LOG[39m [38;5;3m[RoutesResolver] [39m[32mDocumentController {/api/v1/documents}:[39m[38;5;3m +0ms[39m
[32m[Nest] 13384  - [39m22/09/2026, 21:27:31 [32m    LOG[39m [38;5;3m[RouterExplorer] [39m[32mMapped {/api/v1/documents/upload, POST} route[39m[38;5;3m +0ms[39m
[32m[Nest] 13384  - [39m22/09/2026, 21:27:31 [32m    LOG[39m [38;5;3m[RouterExplorer] [39m[32mMapped {/api/v1/documents, GET} route[39m[38;5;3m +0ms[39m
[32m[Nest] 13384  - [39m22/09/2026, 21:27:31 [32m    LOG[39m [38;5;3m[RouterExplorer] [39m[32mMapped {/api/v1/documents/:id, GET} route[39m[38;5;3m +0ms[39m
[32m[Nest] 13384  - [39m22/09/2026, 21:27:31 [32m    LOG[39m [38;5;3m[RouterExplorer] [39m[32mMapped {/api/v1/documents/:id/download, GET} route[39m[38;5;3m +1ms[39m
[32m[Nest] 13384  - [39m22/09/2026, 21:27:31 [32m    LOG[39m [38;5;3m[RouterExplorer] [39m[32mMapped {/api/v1/documents/:id/status, PATCH} route[39m[38;5;3m +0ms[39m
[32m[Nest] 13384  - [39m22/09/2026, 21:27:31 [32m    LOG[39m [38;5;3m[RouterExplorer] [39m[32mMapped {/api/v1/documents/:id, DELETE} route[39m[38;5;3m +0ms[39m
[32m[Nest] 13384  - [39m22/09/2026, 21:27:31 [32m    LOG[39m [38;5;3m[RoutesResolver] [39m[32mEmployeeController {/api/v1/employees}:[39m[38;5;3m +0ms[39m
[32m[Nest] 13384  - [39m22/09/2026, 21:27:31 [32m    LOG[39m [38;5;3m[RouterExplorer] [39m[32mMapped {/api/v1/employees, GET} route[39m[38;5;3m +0ms[39m
[32m[Nest] 13384  - [39m22/09/2026, 21:27:31 [32m    LOG[39m [38;5;3m[RouterExplorer] [39m[32mMapped {/api/v1/employees/departments, GET} route[39m[38;5;3m +0ms[39m
[32m[Nest] 13384  - [39m22/09/2026, 21:27:31 [32m    LOG[39m [38;5;3m[RouterExplorer] [39m[32mMapped {/api/v1/employees/roles, GET} route[39m[38;5;3m +0ms[39m
[32m[Nest] 13384  - [39m22/09/2026, 21:27:31 [32m    LOG[39m [38;5;3m[RouterExplorer] [39m[32mMapped {/api/v1/employees/:id, GET} route[39m[38;5;3m +0ms[39m
[32m[Nest] 13384  - [39m22/09/2026, 21:27:31 [32m    LOG[39m [38;5;3m[RouterExplorer] [39m[32mMapped {/api/v1/employees, POST} route[39m[38;5;3m +0ms[39m
[32m[Nest] 13384  - [39m22/09/2026, 21:27:31 [32m    LOG[39m [38;5;3m[RouterExplorer] [39m[32mMapped {/api/v1/employees/:id, PATCH} route[39m[38;5;3m +0ms[39m
[32m[Nest] 13384  - [39m22/09/2026, 21:27:31 [32m    LOG[39m [38;5;3m[RouterExplorer] [39m[32mMapped {/api/v1/employees/:id, DELETE} route[39m[38;5;3m +0ms[39m
[32m[Nest] 13384  - [39m22/09/2026, 21:27:31 [32m    LOG[39m [38;5;3m[RouterExplorer] [39m[32mMapped {/api/v1/employees/:id/roles, POST} route[39m[38;5;3m +0ms[39m
[32m[Nest] 13384  - [39m22/09/2026, 21:27:31 [32m    LOG[39m [38;5;3m[RouterExplorer] [39m[32mMapped {/api/v1/employees/:id/roles/remove, POST} route[39m[38;5;3m +0ms[39m
[32m[Nest] 13384  - [39m22/09/2026, 21:27:31 [32m    LOG[39m [38;5;3m[RoutesResolver] [39m[32mVendorController {/api/v1/vendors}:[39m[38;5;3m +0ms[39m
[32m[Nest] 13384  - [39m22/09/2026, 21:27:31 [32m    LOG[39m [38;5;3m[RoutesResolver] [39m[32mAppointmentController {/api/v1/appointments}:[39m[38;5;3m +0ms[39m
[32m[Nest] 13384  - [39m22/09/2026, 21:27:31 [32m    LOG[39m [38;5;3m[RoutesResolver] [39m[32mNotificationController {/api/v1/notifications}:[39m[38;5;3m +0ms[39m
[32m[Nest] 13384  - [39m22/09/2026, 21:27:31 [32m    LOG[39m [38;5;3m[RoutesResolver] [39m[32mAiController {/api/v1/ai}:[39m[38;5;3m +0ms[39m
[32m[Nest] 13384  - [39m22/09/2026, 21:27:31 [32m    LOG[39m [38;5;3m[RoutesResolver] [39m[32mDashboardController {/api/v1/dashboard}:[39m[38;5;3m +0ms[39m
[32m[Nest] 13384  - [39m22/09/2026, 21:27:31 [32m    LOG[39m [38;5;3m[RouterExplorer] [39m[32mMapped {/api/v1/dashboard/stats, GET} route[39m[38;5;3m +0ms[39m
[32m[Nest] 13384  - [39m22/09/2026, 21:27:31 [32m    LOG[39m [38;5;3m[RoutesResolver] [39m[32mPosterController {/api/v1/posters}:[39m[38;5;3m +0ms[39m
[32m[Nest] 13384  - [39m22/09/2026, 21:27:31 [32m    LOG[39m [38;5;3m[RouterExplorer] [39m[32mMapped {/api/v1/posters/public, GET} route[39m[38;5;3m +0ms[39m
[32m[Nest] 13384  - [39m22/09/2026, 21:27:31 [32m    LOG[39m [38;5;3m[RouterExplorer] [39m[32mMapped {/api/v1/posters, GET} route[39m[38;5;3m +0ms[39m
[32m[Nest] 13384  - [39m22/09/2026, 21:27:31 [32m    LOG[39m [38;5;3m[RouterExplorer] [39m[32mMapped {/api/v1/posters, POST} route[39m[38;5;3m +0ms[39m
[32m[Nest] 13384  - [39m22/09/2026, 21:27:31 [32m    LOG[39m [38;5;3m[RouterExplorer] [39m[32mMapped {/api/v1/posters/:id, PATCH} route[39m[38;5;3m +1ms[39m
[32m[Nest] 13384  - [39m22/09/2026, 21:27:31 [32m    LOG[39m [38;5;3m[RouterExplorer] [39m[32mMapped {/api/v1/posters/:id/toggle, PATCH} route[39m[38;5;3m +0ms[39m
[32m[Nest] 13384  - [39m22/09/2026, 21:27:31 [32m    LOG[39m [38;5;3m[RouterExplorer] [39m[32mMapped {/api/v1/posters/:id, DELETE} route[39m[38;5;3m +0ms[39m
[32m[Nest] 13384  - [39m22/09/2026, 21:27:33 [32m    LOG[39m [38;5;3m[PrismaService] [39m[32mDatabase connected[39m
[32m[Nest] 13384  - [39m22/09/2026, 21:27:33 [32m    LOG[39m [38;5;3m[NestApplication] [39m[32mNest application successfully started[39m[38;5;3m +3ms[39m
[31m[Nest] 13384  - [39m22/09/2026, 21:27:33 [31m  ERROR[39m [38;5;3m[NestApplication] [39m[31mError: listen EADDRINUSE: address already in use :::4000[39m[38;5;3m +2ms[39m
node:net:1941
    const ex = new UVExceptionWithHostPort(err, 'listen', address, port);
               ^

Error: listen EADDRINUSE: address already in use :::4000
    at Server.setupListenHandle [as _listen2] (node:net:1941:16)
    at listenInCluster (node:net:1998:12)
    at Server.listen (node:net:2103:7)
    at ExpressAdapter.listen (C:\Users\david\Desktop\Projects\Ndukego Homes Gallery Project\node_modules\.pnpm\@nestjs+platform-express@11.1.28_@nestjs+common@11.1.28_class-transformer@0.5.1_class-validat_tmrpyvfpavunwigoq4yf4m43ry\node_modules\@nestjs\platform-express\adapters\express-adapter.js:115:32)
    at C:\Users\david\Desktop\Projects\Ndukego Homes Gallery Project\node_modules\.pnpm\@nestjs+core@11.1.28_@nestjs+common@11.1.28_class-transformer@0.5.1_class-validator@0.14.4_re_jbbxms5qftvp4gp3vkdoquda7y\node_modules\@nestjs\core\nest-application.js:190:30
    at new Promise (<anonymous>)
    at NestApplication.listen (C:\Users\david\Desktop\Projects\Ndukego Homes Gallery Project\node_modules\.pnpm\@nestjs+core@11.1.28_@nestjs+common@11.1.28_class-transformer@0.5.1_class-validator@0.14.4_re_jbbxms5qftvp4gp3vkdoquda7y\node_modules\@nestjs\core\nest-application.js:180:16)
    at async bootstrap (C:\Users\david\Desktop\Projects\Ndukego Homes Gallery Project\apps\api\src\main.ts:81:3) {
  code: 'EADDRINUSE',
  errno: -4091,
  syscall: 'listen',
  address: '::',
  port: 4000
}

Node.js v22.23.1
[2J[3J[H[[90m21:28:19[0m] File change detected. Starting incremental compilation...

[[90m21:28:23[0m] Found 0 errors. Watching for file changes.

[32m[Nest] 39064  - [39m22/09/2026, 21:28:25 [32m    LOG[39m [38;5;3m[NestFactory] [39m[32mStarting Nest application...[39m
[32m[Nest] 39064  - [39m22/09/2026, 21:28:25 [32m    LOG[39m [38;5;3m[InstanceLoader] [39m[32mPrismaModule dependencies initialized[39m[38;5;3m +46ms[39m
[32m[Nest] 39064  - [39m22/09/2026, 21:28:25 [32m    LOG[39m [38;5;3m[InstanceLoader] [39m[32mPassportModule dependencies initialized[39m[38;5;3m +0ms[39m
[32m[Nest] 39064  - [39m22/09/2026, 21:28:25 [32m    LOG[39m [38;5;3m[InstanceLoader] [39m[32mConfigHostModule dependencies initialized[39m[38;5;3m +11ms[39m
[32m[Nest] 39064  - [39m22/09/2026, 21:28:25 [32m    LOG[39m [38;5;3m[InstanceLoader] [39m[32mThrottlerModule dependencies initialized[39m[38;5;3m +0ms[39m
[33m[Nest] 39064  - [39m22/09/2026, 21:28:25 [33m   WARN[39m [38;5;3m[EmailService] [39m[33mSMTP not configured — emails will be logged to console. Set SMTP_HOST, SMTP_USER, SMTP_PASS in .env to enable sending.[39m
[32m[Nest] 39064  - [39m22/09/2026, 21:28:25 [32m    LOG[39m [38;5;3m[InstanceLoader] [39m[32mConfigModule dependencies initialized[39m[38;5;3m +0ms[39m
[32m[Nest] 39064  - [39m22/09/2026, 21:28:25 [32m    LOG[39m [38;5;3m[InstanceLoader] [39m[32mConfigModule dependencies initialized[39m[38;5;3m +0ms[39m
[32m[Nest] 39064  - [39m22/09/2026, 21:28:25 [32m    LOG[39m [38;5;3m[InstanceLoader] [39m[32mNotificationModule dependencies initialized[39m[38;5;3m +1ms[39m
[32m[Nest] 39064  - [39m22/09/2026, 21:28:25 [32m    LOG[39m [38;5;3m[InstanceLoader] [39m[32mAiModule dependencies initialized[39m[38;5;3m +0ms[39m
[32m[Nest] 39064  - [39m22/09/2026, 21:28:25 [32m    LOG[39m [38;5;3m[InstanceLoader] [39m[32mEmailModule dependencies initialized[39m[38;5;3m +1ms[39m
[32m[Nest] 39064  - [39m22/09/2026, 21:28:25 [32m    LOG[39m [38;5;3m[InstanceLoader] [39m[32mStorageModule dependencies initialized[39m[38;5;3m +0ms[39m
[32m[Nest] 39064  - [39m22/09/2026, 21:28:25 [32m    LOG[39m [38;5;3m[InstanceLoader] [39m[32mJwtModule dependencies initialized[39m[38;5;3m +1ms[39m
[32m[Nest] 39064  - [39m22/09/2026, 21:28:25 [32m    LOG[39m [38;5;3m[InstanceLoader] [39m[32mVendorModule dependencies initialized[39m[38;5;3m +1ms[39m
[32m[Nest] 39064  - [39m22/09/2026, 21:28:25 [32m    LOG[39m [38;5;3m[InstanceLoader] [39m[32mAppointmentModule dependencies initialized[39m[38;5;3m +0ms[39m
[32m[Nest] 39064  - [39m22/09/2026, 21:28:25 [32m    LOG[39m [38;5;3m[InstanceLoader] [39m[32mEmployeeModule dependencies initialized[39m[38;5;3m +2ms[39m
[32m[Nest] 39064  - [39m22/09/2026, 21:28:25 [32m    LOG[39m [38;5;3m[InstanceLoader] [39m[32mDashboardModule dependencies initialized[39m[38;5;3m +0ms[39m
[32m[Nest] 39064  - [39m22/09/2026, 21:28:25 [32m    LOG[39m [38;5;3m[InstanceLoader] [39m[32mAuditModule dependencies initialized[39m[38;5;3m +0ms[39m
[32m[Nest] 39064  - [39m22/09/2026, 21:28:25 [32m    LOG[39m [38;5;3m[InstanceLoader] [39m[32mAppModule dependencies initialized[39m[38;5;3m +0ms[39m
[32m[Nest] 39064  - [39m22/09/2026, 21:28:25 [32m    LOG[39m [38;5;3m[InstanceLoader] [39m[32mCustomerModule dependencies initialized[39m[38;5;3m +0ms[39m
[32m[Nest] 39064  - [39m22/09/2026, 21:28:25 [32m    LOG[39m [38;5;3m[InstanceLoader] [39m[32mSaleModule dependencies initialized[39m[38;5;3m +0ms[39m
[32m[Nest] 39064  - [39m22/09/2026, 21:28:25 [32m    LOG[39m [38;5;3m[InstanceLoader] [39m[32mPaymentModule dependencies initialized[39m[38;5;3m +0ms[39m
[32m[Nest] 39064  - [39m22/09/2026, 21:28:25 [32m    LOG[39m [38;5;3m[InstanceLoader] [39m[32mInspectionModule dependencies initialized[39m[38;5;3m +0ms[39m
[32m[Nest] 39064  - [39m22/09/2026, 21:28:25 [32m    LOG[39m [38;5;3m[InstanceLoader] [39m[32mCompanyModule dependencies initialized[39m[38;5;3m +0ms[39m
[32m[Nest] 39064  - [39m22/09/2026, 21:28:25 [32m    LOG[39m [38;5;3m[InstanceLoader] [39m[32mReservationModule dependencies initialized[39m[38;5;3m +1ms[39m
[32m[Nest] 39064  - [39m22/09/2026, 21:28:25 [32m    LOG[39m [38;5;3m[InstanceLoader] [39m[32mDocumentModule dependencies initialized[39m[38;5;3m +0ms[39m
[32m[Nest] 39064  - [39m22/09/2026, 21:28:25 [32m    LOG[39m [38;5;3m[InstanceLoader] [39m[32mEstateModule dependencies initialized[39m[38;5;3m +0ms[39m
[32m[Nest] 39064  - [39m22/09/2026, 21:28:25 [32m    LOG[39m [38;5;3m[InstanceLoader] [39m[32mPropertyModule dependencies initialized[39m[38;5;3m +0ms[39m
[32m[Nest] 39064  - [39m22/09/2026, 21:28:25 [32m    LOG[39m [38;5;3m[InstanceLoader] [39m[32mPosterModule dependencies initialized[39m[38;5;3m +0ms[39m
[32m[Nest] 39064  - [39m22/09/2026, 21:28:25 [32m    LOG[39m [38;5;3m[InstanceLoader] [39m[32mAuthModule dependencies initialized[39m[38;5;3m +0ms[39m
[32m[Nest] 39064  - [39m22/09/2026, 21:28:25 [32m    LOG[39m [38;5;3m[RoutesResolver] [39m[32mHealthController {/api/v1/health}:[39m[38;5;3m +601ms[39m
[32m[Nest] 39064  - [39m22/09/2026, 21:28:25 [32m    LOG[39m [38;5;3m[RouterExplorer] [39m[32mMapped {/api/v1/health, GET} route[39m[38;5;3m +2ms[39m
[32m[Nest] 39064  - [39m22/09/2026, 21:28:25 [32m    LOG[39m [38;5;3m[RoutesResolver] [39m[32mAuditController {/api/v1/audit-logs}:[39m[38;5;3m +0ms[39m
[32m[Nest] 39064  - [39m22/09/2026, 21:28:25 [32m    LOG[39m [38;5;3m[RouterExplorer] [39m[32mMapped {/api/v1/audit-logs, GET} route[39m[38;5;3m +0ms[39m
[32m[Nest] 39064  - [39m22/09/2026, 21:28:25 [32m    LOG[39m [38;5;3m[RoutesResolver] [39m[32mAuthController {/api/v1/auth}:[39m[38;5;3m +0ms[39m
[32m[Nest] 39064  - [39m22/09/2026, 21:28:25 [32m    LOG[39m [38;5;3m[RouterExplorer] [39m[32mMapped {/api/v1/auth/login, POST} route[39m[38;5;3m +1ms[39m
[32m[Nest] 39064  - [39m22/09/2026, 21:28:25 [32m    LOG[39m [38;5;3m[RouterExplorer] [39m[32mMapped {/api/v1/auth/refresh, POST} route[39m[38;5;3m +0ms[39m
[32m[Nest] 39064  - [39m22/09/2026, 21:28:25 [32m    LOG[39m [38;5;3m[RouterExplorer] [39m[32mMapped {/api/v1/auth/logout, POST} route[39m[38;5;3m +0ms[39m
[32m[Nest] 39064  - [39m22/09/2026, 21:28:25 [32m    LOG[39m [38;5;3m[RouterExplorer] [39m[32mMapped {/api/v1/auth/change-password, POST} route[39m[38;5;3m +0ms[39m
[32m[Nest] 39064  - [39m22/09/2026, 21:28:25 [32m    LOG[39m [38;5;3m[RouterExplorer] [39m[32mMapped {/api/v1/auth/me, POST} route[39m[38;5;3m +0ms[39m
[32m[Nest] 39064  - [39m22/09/2026, 21:28:25 [32m    LOG[39m [38;5;3m[RouterExplorer] [39m[32mMapped {/api/v1/auth/super/login, POST} route[39m[38;5;3m +1ms[39m
[32m[Nest] 39064  - [39m22/09/2026, 21:28:25 [32m    LOG[39m [38;5;3m[RouterExplorer] [39m[32mMapped {/api/v1/auth/customer/register, POST} route[39m[38;5;3m +0ms[39m
[32m[Nest] 39064  - [39m22/09/2026, 21:28:25 [32m    LOG[39m [38;5;3m[RouterExplorer] [39m[32mMapped {/api/v1/auth/customer/login, POST} route[39m[38;5;3m +0ms[39m
[32m[Nest] 39064  - [39m22/09/2026, 21:28:25 [32m    LOG[39m [38;5;3m[RouterExplorer] [39m[32mMapped {/api/v1/auth/customer/me, GET} route[39m[38;5;3m +0ms[39m
[32m[Nest] 39064  - [39m22/09/2026, 21:28:25 [32m    LOG[39m [38;5;3m[RouterExplorer] [39m[32mMapped {/api/v1/auth/customer/profile, PATCH} route[39m[38;5;3m +0ms[39m
[32m[Nest] 39064  - [39m22/09/2026, 21:28:25 [32m    LOG[39m [38;5;3m[RoutesResolver] [39m[32mCompanyController {/api/v1/companies}:[39m[38;5;3m +0ms[39m
[32m[Nest] 39064  - [39m22/09/2026, 21:28:25 [32m    LOG[39m [38;5;3m[RouterExplorer] [39m[32mMapped {/api/v1/companies, POST} route[39m[38;5;3m +1ms[39m
[32m[Nest] 39064  - [39m22/09/2026, 21:28:25 [32m    LOG[39m [38;5;3m[RouterExplorer] [39m[32mMapped {/api/v1/companies, GET} route[39m[38;5;3m +0ms[39m
[32m[Nest] 39064  - [39m22/09/2026, 21:28:25 [32m    LOG[39m [38;5;3m[RouterExplorer] [39m[32mMapped {/api/v1/companies/departments, GET} route[39m[38;5;3m +0ms[39m
[32m[Nest] 39064  - [39m22/09/2026, 21:28:25 [32m    LOG[39m [38;5;3m[RouterExplorer] [39m[32mMapped {/api/v1/companies/:id, GET} route[39m[38;5;3m +0ms[39m
[32m[Nest] 39064  - [39m22/09/2026, 21:28:25 [32m    LOG[39m [38;5;3m[RouterExplorer] [39m[32mMapped {/api/v1/companies/:id, PATCH} route[39m[38;5;3m +1ms[39m
[32m[Nest] 39064  - [39m22/09/2026, 21:28:25 [32m    LOG[39m [38;5;3m[RouterExplorer] [39m[32mMapped {/api/v1/companies/:id/branches, POST} route[39m[38;5;3m +0ms[39m
[32m[Nest] 39064  - [39m22/09/2026, 21:28:25 [32m    LOG[39m [38;5;3m[RouterExplorer] [39m[32mMapped {/api/v1/companies/branches/:branchId, PATCH} route[39m[38;5;3m +0ms[39m
[32m[Nest] 39064  - [39m22/09/2026, 21:28:25 [32m    LOG[39m [38;5;3m[RouterExplorer] [39m[32mMapped {/api/v1/companies/branches/:branchId, DELETE} route[39m[38;5;3m +0ms[39m
[32m[Nest] 39064  - [39m22/09/2026, 21:28:25 [32m    LOG[39m [38;5;3m[RouterExplorer] [39m[32mMapped {/api/v1/companies/departments, POST} route[39m[38;5;3m +0ms[39m
[32m[Nest] 39064  - [39m22/09/2026, 21:28:25 [32m    LOG[39m [38;5;3m[RouterExplorer] [39m[32mMapped {/api/v1/companies/departments/:id, PATCH} route[39m[38;5;3m +0ms[39m
[32m[Nest] 39064  - [39m22/09/2026, 21:28:25 [32m    LOG[39m [38;5;3m[RouterExplorer] [39m[32mMapped {/api/v1/companies/departments/:id, DELETE} route[39m[38;5;3m +0ms[39m
[32m[Nest] 39064  - [39m22/09/2026, 21:28:25 [32m    LOG[39m [38;5;3m[RoutesResolver] [39m[32mEstateController {/api/v1/estates}:[39m[38;5;3m +0ms[39m
[32m[Nest] 39064  - [39m22/09/2026, 21:28:25 [32m    LOG[39m [38;5;3m[RouterExplorer] [39m[32mMapped {/api/v1/estates/public, GET} route[39m[38;5;3m +0ms[39m
[32m[Nest] 39064  - [39m22/09/2026, 21:28:25 [32m    LOG[39m [38;5;3m[RouterExplorer] [39m[32mMapped {/api/v1/estates, GET} route[39m[38;5;3m +1ms[39m
[32m[Nest] 39064  - [39m22/09/2026, 21:28:25 [32m    LOG[39m [38;5;3m[RouterExplorer] [39m[32mMapped {/api/v1/estates/:id, GET} route[39m[38;5;3m +0ms[39m
[32m[Nest] 39064  - [39m22/09/2026, 21:28:25 [32m    LOG[39m [38;5;3m[RouterExplorer] [39m[32mMapped {/api/v1/estates, POST} route[39m[38;5;3m +0ms[39m
[32m[Nest] 39064  - [39m22/09/2026, 21:28:25 [32m    LOG[39m [38;5;3m[RouterExplorer] [39m[32mMapped {/api/v1/estates/:id, PATCH} route[39m[38;5;3m +0ms[39m
[32m[Nest] 39064  - [39m22/09/2026, 21:28:25 [32m    LOG[39m [38;5;3m[RouterExplorer] [39m[32mMapped {/api/v1/estates/:id/phases, POST} route[39m[38;5;3m +0ms[39m
[32m[Nest] 39064  - [39m22/09/2026, 21:28:25 [32m    LOG[39m [38;5;3m[RouterExplorer] [39m[32mMapped {/api/v1/estates/:id/blocks, POST} route[39m[38;5;3m +0ms[39m
[32m[Nest] 39064  - [39m22/09/2026, 21:28:25 [32m    LOG[39m [38;5;3m[RouterExplorer] [39m[32mMapped {/api/v1/estates/:id/infrastructure, POST} route[39m[38;5;3m +0ms[39m
[32m[Nest] 39064  - [39m22/09/2026, 21:28:25 [32m    LOG[39m [38;5;3m[RouterExplorer] [39m[32mMapped {/api/v1/estates/:id/site-plan, POST} route[39m[38;5;3m +0ms[39m
[32m[Nest] 39064  - [39m22/09/2026, 21:28:25 [32m    LOG[39m [38;5;3m[RouterExplorer] [39m[32mMapped {/api/v1/estates/:id/building-types, PATCH} route[39m[38;5;3m +0ms[39m
[32m[Nest] 39064  - [39m22/09/2026, 21:28:25 [32m    LOG[39m [38;5;3m[RouterExplorer] [39m[32mMapped {/api/v1/estates/:id/building-type-image/:typeId, POST} route[39m[38;5;3m +0ms[39m
[32m[Nest] 39064  - [39m22/09/2026, 21:28:25 [32m    LOG[39m [38;5;3m[RouterExplorer] [39m[32mMapped {/api/v1/estates/:id/building-type-image/:typeId/:filename, DELETE} route[39m[38;5;3m +0ms[39m
[32m[Nest] 39064  - [39m22/09/2026, 21:28:25 [32m    LOG[39m [38;5;3m[RouterExplorer] [39m[32mMapped {/api/v1/estates/:id/permanent, DELETE} route[39m[38;5;3m +1ms[39m
[32m[Nest] 39064  - [39m22/09/2026, 21:28:25 [32m    LOG[39m [38;5;3m[RoutesResolver] [39m[32mPropertyController {/api/v1/properties}:[39m[38;5;3m +0ms[39m
[32m[Nest] 39064  - [39m22/09/2026, 21:28:25 [32m    LOG[39m [38;5;3m[RouterExplorer] [39m[32mMapped {/api/v1/properties/public, GET} route[39m[38;5;3m +0ms[39m
[32m[Nest] 39064  - [39m22/09/2026, 21:28:25 [32m    LOG[39m [38;5;3m[RouterExplorer] [39m[32mMapped {/api/v1/properties/public/:id, GET} route[39m[38;5;3m +0ms[39m
[32m[Nest] 39064  - [39m22/09/2026, 21:28:25 [32m    LOG[39m [38;5;3m[RouterExplorer] [39m[32mMapped {/api/v1/properties/public/inquiry, POST} route[39m[38;5;3m +0ms[39m
[32m[Nest] 39064  - [39m22/09/2026, 21:28:25 [32m    LOG[39m [38;5;3m[RouterExplorer] [39m[32mMapped {/api/v1/properties, GET} route[39m[38;5;3m +0ms[39m
[32m[Nest] 39064  - [39m22/09/2026, 21:28:25 [32m    LOG[39m [38;5;3m[RouterExplorer] [39m[32mMapped {/api/v1/properties/admin/inquiries, GET} route[39m[38;5;3m +0ms[39m
[32m[Nest] 39064  - [39m22/09/2026, 21:28:25 [32m    LOG[39m [38;5;3m[RouterExplorer] [39m[32mMapped {/api/v1/properties/admin/inquiries/:id/status, PATCH} route[39m[38;5;3m +0ms[39m
[32m[Nest] 39064  - [39m22/09/2026, 21:28:25 [32m    LOG[39m [38;5;3m[RouterExplorer] [39m[32mMapped {/api/v1/properties/admin/inquiries/:id/notes, PATCH} route[39m[38;5;3m +0ms[39m
[32m[Nest] 39064  - [39m22/09/2026, 21:28:25 [32m    LOG[39m [38;5;3m[RouterExplorer] [39m[32mMapped {/api/v1/properties/admin/inquiries/:id/convert, POST} route[39m[38;5;3m +0ms[39m
[32m[Nest] 39064  - [39m22/09/2026, 21:28:25 [32m    LOG[39m [38;5;3m[RouterExplorer] [39m[32mMapped {/api/v1/properties/:id, GET} route[39m[38;5;3m +0ms[39m
[32m[Nest] 39064  - [39m22/09/2026, 21:28:25 [32m    LOG[39m [38;5;3m[RouterExplorer] [39m[32mMapped {/api/v1/properties, POST} route[39m[38;5;3m +0ms[39m
[32m[Nest] 39064  - [39m22/09/2026, 21:28:25 [32m    LOG[39m [38;5;3m[RouterExplorer] [39m[32mMapped {/api/v1/properties/:id, PATCH} route[39m[38;5;3m +0ms[39m
[32m[Nest] 39064  - [39m22/09/2026, 21:28:25 [32m    LOG[39m [38;5;3m[RouterExplorer] [39m[32mMapped {/api/v1/properties/:id/status, POST} route[39m[38;5;3m +1ms[39m
[32m[Nest] 39064  - [39m22/09/2026, 21:28:25 [32m    LOG[39m [38;5;3m[RouterExplorer] [39m[32mMapped {/api/v1/properties/:id, DELETE} route[39m[38;5;3m +0ms[39m
[32m[Nest] 39064  - [39m22/09/2026, 21:28:25 [32m    LOG[39m [38;5;3m[RouterExplorer] [39m[32mMapped {/api/v1/properties/:id/permanent, DELETE} route[39m[38;5;3m +0ms[39m
[32m[Nest] 39064  - [39m22/09/2026, 21:28:25 [32m    LOG[39m [38;5;3m[RouterExplorer] [39m[32mMapped {/api/v1/properties/:id/media, POST} route[39m[38;5;3m +0ms[39m
[32m[Nest] 39064  - [39m22/09/2026, 21:28:25 [32m    LOG[39m [38;5;3m[RouterExplorer] [39m[32mMapped {/api/v1/properties/:id/media/:mediaId, DELETE} route[39m[38;5;3m +0ms[39m
[32m[Nest] 39064  - [39m22/09/2026, 21:28:25 [32m    LOG[39m [38;5;3m[RouterExplorer] [39m[32mMapped {/api/v1/properties/:id/media/:mediaId/cover, PATCH} route[39m[38;5;3m +0ms[39m
[32m[Nest] 39064  - [39m22/09/2026, 21:28:25 [32m    LOG[39m [38;5;3m[RouterExplorer] [39m[32mMapped {/api/v1/properties/:id/favorite, POST} route[39m[38;5;3m +0ms[39m
[32m[Nest] 39064  - [39m22/09/2026, 21:28:25 [32m    LOG[39m [38;5;3m[RouterExplorer] [39m[32mMapped {/api/v1/properties/:id/favorite-status, GET} route[39m[38;5;3m +0ms[39m
[32m[Nest] 39064  - [39m22/09/2026, 21:28:25 [32m    LOG[39m [38;5;3m[RoutesResolver] [39m[32mCustomerController {/api/v1/customers}:[39m[38;5;3m +0ms[39m
[32m[Nest] 39064  - [39m22/09/2026, 21:28:25 [32m    LOG[39m [38;5;3m[RouterExplorer] [39m[32mMapped {/api/v1/customers, GET} route[39m[38;5;3m +0ms[39m
[32m[Nest] 39064  - [39m22/09/2026, 21:28:25 [32m    LOG[39m [38;5;3m[RouterExplorer] [39m[32mMapped {/api/v1/customers/:id, GET} route[39m[38;5;3m +0ms[39m
[32m[Nest] 39064  - [39m22/09/2026, 21:28:25 [32m    LOG[39m [38;5;3m[RouterExplorer] [39m[32mMapped {/api/v1/customers, POST} route[39m[38;5;3m +0ms[39m
[32m[Nest] 39064  - [39m22/09/2026, 21:28:25 [32m    LOG[39m [38;5;3m[RouterExplorer] [39m[32mMapped {/api/v1/customers/:id, PATCH} route[39m[38;5;3m +1ms[39m
[32m[Nest] 39064  - [39m22/09/2026, 21:28:25 [32m    LOG[39m [38;5;3m[RouterExplorer] [39m[32mMapped {/api/v1/customers/:id/deactivate, POST} route[39m[38;5;3m +0ms[39m
[32m[Nest] 39064  - [39m22/09/2026, 21:28:25 [32m    LOG[39m [38;5;3m[RouterExplorer] [39m[32mMapped {/api/v1/customers/:id/activate, POST} route[39m[38;5;3m +0ms[39m
[32m[Nest] 39064  - [39m22/09/2026, 21:28:25 [32m    LOG[39m [38;5;3m[RouterExplorer] [39m[32mMapped {/api/v1/customers/:id, DELETE} route[39m[38;5;3m +0ms[39m
[32m[Nest] 39064  - [39m22/09/2026, 21:28:25 [32m    LOG[39m [38;5;3m[RoutesResolver] [39m[32mReservationController {/api/v1/reservations}:[39m[38;5;3m +0ms[39m
[32m[Nest] 39064  - [39m22/09/2026, 21:28:25 [32m    LOG[39m [38;5;3m[RouterExplorer] [39m[32mMapped {/api/v1/reservations/public, POST} route[39m[38;5;3m +0ms[39m
[32m[Nest] 39064  - [39m22/09/2026, 21:28:25 [32m    LOG[39m [38;5;3m[RouterExplorer] [39m[32mMapped {/api/v1/reservations, GET} route[39m[38;5;3m +0ms[39m
[32m[Nest] 39064  - [39m22/09/2026, 21:28:25 [32m    LOG[39m [38;5;3m[RouterExplorer] [39m[32mMapped {/api/v1/reservations/mine, GET} route[39m[38;5;3m +0ms[39m
[32m[Nest] 39064  - [39m22/09/2026, 21:28:25 [32m    LOG[39m [38;5;3m[RouterExplorer] [39m[32mMapped {/api/v1/reservations/:id, GET} route[39m[38;5;3m +0ms[39m
[32m[Nest] 39064  - [39m22/09/2026, 21:28:25 [32m    LOG[39m [38;5;3m[RouterExplorer] [39m[32mMapped {/api/v1/reservations/:id/timeline, GET} route[39m[38;5;3m +0ms[39m
[32m[Nest] 39064  - [39m22/09/2026, 21:28:25 [32m    LOG[39m [38;5;3m[RouterExplorer] [39m[32mMapped {/api/v1/reservations/:id/status, PATCH} route[39m[38;5;3m +0ms[39m
[32m[Nest] 39064  - [39m22/09/2026, 21:28:25 [32m    LOG[39m [38;5;3m[RoutesResolver] [39m[32mSaleController {/api/v1/sales}:[39m[38;5;3m +0ms[39m
[32m[Nest] 39064  - [39m22/09/2026, 21:28:25 [32m    LOG[39m [38;5;3m[RouterExplorer] [39m[32mMapped {/api/v1/sales, GET} route[39m[38;5;3m +0ms[39m
[32m[Nest] 39064  - [39m22/09/2026, 21:28:25 [32m    LOG[39m [38;5;3m[RouterExplorer] [39m[32mMapped {/api/v1/sales/:id, GET} route[39m[38;5;3m +0ms[39m
[32m[Nest] 39064  - [39m22/09/2026, 21:28:25 [32m    LOG[39m [38;5;3m[RouterExplorer] [39m[32mMapped {/api/v1/sales, POST} route[39m[38;5;3m +1ms[39m
[32m[Nest] 39064  - [39m22/09/2026, 21:28:25 [32m    LOG[39m [38;5;3m[RouterExplorer] [39m[32mMapped {/api/v1/sales/:id/status, PATCH} route[39m[38;5;3m +0ms[39m
[32m[Nest] 39064  - [39m22/09/2026, 21:28:25 [32m    LOG[39m [38;5;3m[RoutesResolver] [39m[32mPaymentController {/api/v1/payments}:[39m[38;5;3m +0ms[39m
[32m[Nest] 39064  - [39m22/09/2026, 21:28:25 [32m    LOG[39m [38;5;3m[RouterExplorer] [39m[32mMapped {/api/v1/payments, POST} route[39m[38;5;3m +0ms[39m
[32m[Nest] 39064  - [39m22/09/2026, 21:28:25 [32m    LOG[39m [38;5;3m[RouterExplorer] [39m[32mMapped {/api/v1/payments, GET} route[39m[38;5;3m +0ms[39m
[32m[Nest] 39064  - [39m22/09/2026, 21:28:25 [32m    LOG[39m [38;5;3m[RouterExplorer] [39m[32mMapped {/api/v1/payments/:id, GET} route[39m[38;5;3m +0ms[39m
[32m[Nest] 39064  - [39m22/09/2026, 21:28:25 [32m    LOG[39m [38;5;3m[RouterExplorer] [39m[32mMapped {/api/v1/payments/:id/verify, PATCH} route[39m[38;5;3m +0ms[39m
[32m[Nest] 39064  - [39m22/09/2026, 21:28:25 [32m    LOG[39m [38;5;3m[RouterExplorer] [39m[32mMapped {/api/v1/payments/:id/reject, PATCH} route[39m[38;5;3m +0ms[39m
[32m[Nest] 39064  - [39m22/09/2026, 21:28:25 [32m    LOG[39m [38;5;3m[RoutesResolver] [39m[32mInspectionController {/api/v1/inspections}:[39m[38;5;3m +0ms[39m
[32m[Nest] 39064  - [39m22/09/2026, 21:28:25 [32m    LOG[39m [38;5;3m[RouterExplorer] [39m[32mMapped {/api/v1/inspections, POST} route[39m[38;5;3m +0ms[39m
[32m[Nest] 39064  - [39m22/09/2026, 21:28:25 [32m    LOG[39m [38;5;3m[RouterExplorer] [39m[32mMapped {/api/v1/inspections, GET} route[39m[38;5;3m +0ms[39m
[32m[Nest] 39064  - [39m22/09/2026, 21:28:25 [32m    LOG[39m [38;5;3m[RouterExplorer] [39m[32mMapped {/api/v1/inspections/:id, GET} route[39m[38;5;3m +0ms[39m
[32m[Nest] 39064  - [39m22/09/2026, 21:28:25 [32m    LOG[39m [38;5;3m[RouterExplorer] [39m[32mMapped {/api/v1/inspections/:id/start, PATCH} route[39m[38;5;3m +0ms[39m
[32m[Nest] 39064  - [39m22/09/2026, 21:28:25 [32m    LOG[39m [38;5;3m[RouterExplorer] [39m[32mMapped {/api/v1/inspections/:id/complete, PATCH} route[39m[38;5;3m +1ms[39m
[32m[Nest] 39064  - [39m22/09/2026, 21:28:25 [32m    LOG[39m [38;5;3m[RouterExplorer] [39m[32mMapped {/api/v1/inspections/:id/cancel, PATCH} route[39m[38;5;3m +0ms[39m
[32m[Nest] 39064  - [39m22/09/2026, 21:28:25 [32m    LOG[39m [38;5;3m[RouterExplorer] [39m[32mMapped {/api/v1/inspections/:id/fail, PATCH} route[39m[38;5;3m +0ms[39m
[32m[Nest] 39064  - [39m22/09/2026, 21:28:25 [32m    LOG[39m [38;5;3m[RoutesResolver] [39m[32mDocumentController {/api/v1/documents}:[39m[38;5;3m +0ms[39m
[32m[Nest] 39064  - [39m22/09/2026, 21:28:25 [32m    LOG[39m [38;5;3m[RouterExplorer] [39m[32mMapped {/api/v1/documents/upload, POST} route[39m[38;5;3m +0ms[39m
[32m[Nest] 39064  - [39m22/09/2026, 21:28:25 [32m    LOG[39m [38;5;3m[RouterExplorer] [39m[32mMapped {/api/v1/documents, GET} route[39m[38;5;3m +0ms[39m
[32m[Nest] 39064  - [39m22/09/2026, 21:28:25 [32m    LOG[39m [38;5;3m[RouterExplorer] [39m[32mMapped {/api/v1/documents/:id, GET} route[39m[38;5;3m +0ms[39m
[32m[Nest] 39064  - [39m22/09/2026, 21:28:25 [32m    LOG[39m [38;5;3m[RouterExplorer] [39m[32mMapped {/api/v1/documents/:id/download, GET} route[39m[38;5;3m +0ms[39m
[32m[Nest] 39064  - [39m22/09/2026, 21:28:25 [32m    LOG[39m [38;5;3m[RouterExplorer] [39m[32mMapped {/api/v1/documents/:id/status, PATCH} route[39m[38;5;3m +0ms[39m
[32m[Nest] 39064  - [39m22/09/2026, 21:28:25 [32m    LOG[39m [38;5;3m[RouterExplorer] [39m[32mMapped {/api/v1/documents/:id, DELETE} route[39m[38;5;3m +0ms[39m
[32m[Nest] 39064  - [39m22/09/2026, 21:28:25 [32m    LOG[39m [38;5;3m[RoutesResolver] [39m[32mEmployeeController {/api/v1/employees}:[39m[38;5;3m +0ms[39m
[32m[Nest] 39064  - [39m22/09/2026, 21:28:25 [32m    LOG[39m [38;5;3m[RouterExplorer] [39m[32mMapped {/api/v1/employees, GET} route[39m[38;5;3m +0ms[39m
[32m[Nest] 39064  - [39m22/09/2026, 21:28:25 [32m    LOG[39m [38;5;3m[RouterExplorer] [39m[32mMapped {/api/v1/employees/departments, GET} route[39m[38;5;3m +0ms[39m
[32m[Nest] 39064  - [39m22/09/2026, 21:28:25 [32m    LOG[39m [38;5;3m[RouterExplorer] [39m[32mMapped {/api/v1/employees/roles, GET} route[39m[38;5;3m +0ms[39m
[32m[Nest] 39064  - [39m22/09/2026, 21:28:25 [32m    LOG[39m [38;5;3m[RouterExplorer] [39m[32mMapped {/api/v1/employees/:id, GET} route[39m[38;5;3m +0ms[39m
[32m[Nest] 39064  - [39m22/09/2026, 21:28:25 [32m    LOG[39m [38;5;3m[RouterExplorer] [39m[32mMapped {/api/v1/employees, POST} route[39m[38;5;3m +0ms[39m
[32m[Nest] 39064  - [39m22/09/2026, 21:28:25 [32m    LOG[39m [38;5;3m[RouterExplorer] [39m[32mMapped {/api/v1/employees/:id, PATCH} route[39m[38;5;3m +0ms[39m
[32m[Nest] 39064  - [39m22/09/2026, 21:28:25 [32m    LOG[39m [38;5;3m[RouterExplorer] [39m[32mMapped {/api/v1/employees/:id, DELETE} route[39m[38;5;3m +1ms[39m
[32m[Nest] 39064  - [39m22/09/2026, 21:28:25 [32m    LOG[39m [38;5;3m[RouterExplorer] [39m[32mMapped {/api/v1/employees/:id/roles, POST} route[39m[38;5;3m +0ms[39m
[32m[Nest] 39064  - [39m22/09/2026, 21:28:25 [32m    LOG[39m [38;5;3m[RouterExplorer] [39m[32mMapped {/api/v1/employees/:id/roles/remove, POST} route[39m[38;5;3m +0ms[39m
[32m[Nest] 39064  - [39m22/09/2026, 21:28:25 [32m    LOG[39m [38;5;3m[RoutesResolver] [39m[32mVendorController {/api/v1/vendors}:[39m[38;5;3m +0ms[39m
[32m[Nest] 39064  - [39m22/09/2026, 21:28:25 [32m    LOG[39m [38;5;3m[RoutesResolver] [39m[32mAppointmentController {/api/v1/appointments}:[39m[38;5;3m +0ms[39m
[32m[Nest] 39064  - [39m22/09/2026, 21:28:25 [32m    LOG[39m [38;5;3m[RoutesResolver] [39m[32mNotificationController {/api/v1/notifications}:[39m[38;5;3m +0ms[39m
[32m[Nest] 39064  - [39m22/09/2026, 21:28:25 [32m    LOG[39m [38;5;3m[RoutesResolver] [39m[32mAiController {/api/v1/ai}:[39m[38;5;3m +0ms[39m
[32m[Nest] 39064  - [39m22/09/2026, 21:28:25 [32m    LOG[39m [38;5;3m[RoutesResolver] [39m[32mDashboardController {/api/v1/dashboard}:[39m[38;5;3m +0ms[39m
[32m[Nest] 39064  - [39m22/09/2026, 21:28:25 [32m    LOG[39m [38;5;3m[RouterExplorer] [39m[32mMapped {/api/v1/dashboard/stats, GET} route[39m[38;5;3m +0ms[39m
[32m[Nest] 39064  - [39m22/09/2026, 21:28:25 [32m    LOG[39m [38;5;3m[RoutesResolver] [39m[32mPosterController {/api/v1/posters}:[39m[38;5;3m +0ms[39m
[32m[Nest] 39064  - [39m22/09/2026, 21:28:25 [32m    LOG[39m [38;5;3m[RouterExplorer] [39m[32mMapped {/api/v1/posters/public, GET} route[39m[38;5;3m +0ms[39m
[32m[Nest] 39064  - [39m22/09/2026, 21:28:25 [32m    LOG[39m [38;5;3m[RouterExplorer] [39m[32mMapped {/api/v1/posters, GET} route[39m[38;5;3m +0ms[39m
[32m[Nest] 39064  - [39m22/09/2026, 21:28:25 [32m    LOG[39m [38;5;3m[RouterExplorer] [39m[32mMapped {/api/v1/posters, POST} route[39m[38;5;3m +0ms[39m
[32m[Nest] 39064  - [39m22/09/2026, 21:28:25 [32m    LOG[39m [38;5;3m[RouterExplorer] [39m[32mMapped {/api/v1/posters/:id, PATCH} route[39m[38;5;3m +0ms[39m
[32m[Nest] 39064  - [39m22/09/2026, 21:28:25 [32m    LOG[39m [38;5;3m[RouterExplorer] [39m[32mMapped {/api/v1/posters/:id/toggle, PATCH} route[39m[38;5;3m +0ms[39m
[32m[Nest] 39064  - [39m22/09/2026, 21:28:25 [32m    LOG[39m [38;5;3m[RouterExplorer] [39m[32mMapped {/api/v1/posters/:id, DELETE} route[39m[38;5;3m +0ms[39m
[2J[3J[H[[90m21:28:27[0m] File change detected. Starting incremental compilation...

[32m[Nest] 39064  - [39m22/09/2026, 21:28:27 [32m    LOG[39m [38;5;3m[PrismaService] [39m[32mDatabase connected[39m
[32m[Nest] 39064  - [39m22/09/2026, 21:28:27 [32m    LOG[39m [38;5;3m[NestApplication] [39m[32mNest application successfully started[39m[38;5;3m +4ms[39m
🚀 NHGP API running at http://localhost:4000/api/v1
[[90m21:28:29[0m] Found 0 errors. Watching for file changes.

[32m[Nest] 33596  - [39m22/09/2026, 21:28:30 [32m    LOG[39m [38;5;3m[NestFactory] [39m[32mStarting Nest application...[39m
[32m[Nest] 33596  - [39m22/09/2026, 21:28:30 [32m    LOG[39m [38;5;3m[InstanceLoader] [39m[32mPrismaModule dependencies initialized[39m[38;5;3m +30ms[39m
[32m[Nest] 33596  - [39m22/09/2026, 21:28:30 [32m    LOG[39m [38;5;3m[InstanceLoader] [39m[32mPassportModule dependencies initialized[39m[38;5;3m +0ms[39m
[32m[Nest] 33596  - [39m22/09/2026, 21:28:30 [32m    LOG[39m [38;5;3m[InstanceLoader] [39m[32mConfigHostModule dependencies initialized[39m[38;5;3m +7ms[39m
[32m[Nest] 33596  - [39m22/09/2026, 21:28:30 [32m    LOG[39m [38;5;3m[InstanceLoader] [39m[32mThrottlerModule dependencies initialized[39m[38;5;3m +0ms[39m
[33m[Nest] 33596  - [39m22/09/2026, 21:28:30 [33m   WARN[39m [38;5;3m[EmailService] [39m[33mSMTP not configured — emails will be logged to console. Set SMTP_HOST, SMTP_USER, SMTP_PASS in .env to enable sending.[39m
[32m[Nest] 33596  - [39m22/09/2026, 21:28:30 [32m    LOG[39m [38;5;3m[InstanceLoader] [39m[32mConfigModule dependencies initialized[39m[38;5;3m +1ms[39m
[32m[Nest] 33596  - [39m22/09/2026, 21:28:30 [32m    LOG[39m [38;5;3m[InstanceLoader] [39m[32mConfigModule dependencies initialized[39m[38;5;3m +0ms[39m
[32m[Nest] 33596  - [39m22/09/2026, 21:28:30 [32m    LOG[39m [38;5;3m[InstanceLoader] [39m[32mNotificationModule dependencies initialized[39m[38;5;3m +0ms[39m
[32m[Nest] 33596  - [39m22/09/2026, 21:28:30 [32m    LOG[39m [38;5;3m[InstanceLoader] [39m[32mAiModule dependencies initialized[39m[38;5;3m +1ms[39m
[32m[Nest] 33596  - [39m22/09/2026, 21:28:30 [32m    LOG[39m [38;5;3m[InstanceLoader] [39m[32mEmailModule dependencies initialized[39m[38;5;3m +0ms[39m
[32m[Nest] 33596  - [39m22/09/2026, 21:28:30 [32m    LOG[39m [38;5;3m[InstanceLoader] [39m[32mStorageModule dependencies initialized[39m[38;5;3m +0ms[39m
[32m[Nest] 33596  - [39m22/09/2026, 21:28:30 [32m    LOG[39m [38;5;3m[InstanceLoader] [39m[32mJwtModule dependencies initialized[39m[38;5;3m +1ms[39m
[32m[Nest] 33596  - [39m22/09/2026, 21:28:30 [32m    LOG[39m [38;5;3m[InstanceLoader] [39m[32mVendorModule dependencies initialized[39m[38;5;3m +0ms[39m
[32m[Nest] 33596  - [39m22/09/2026, 21:28:30 [32m    LOG[39m [38;5;3m[InstanceLoader] [39m[32mAppointmentModule dependencies initialized[39m[38;5;3m +0ms[39m
[32m[Nest] 33596  - [39m22/09/2026, 21:28:30 [32m    LOG[39m [38;5;3m[InstanceLoader] [39m[32mEmployeeModule dependencies initialized[39m[38;5;3m +1ms[39m
[32m[Nest] 33596  - [39m22/09/2026, 21:28:30 [32m    LOG[39m [38;5;3m[InstanceLoader] [39m[32mDashboardModule dependencies initialized[39m[38;5;3m +0ms[39m
[32m[Nest] 33596  - [39m22/09/2026, 21:28:30 [32m    LOG[39m [38;5;3m[InstanceLoader] [39m[32mAuditModule dependencies initialized[39m[38;5;3m +1ms[39m
[32m[Nest] 33596  - [39m22/09/2026, 21:28:30 [32m    LOG[39m [38;5;3m[InstanceLoader] [39m[32mAppModule dependencies initialized[39m[38;5;3m +0ms[39m
[32m[Nest] 33596  - [39m22/09/2026, 21:28:30 [32m    LOG[39m [38;5;3m[InstanceLoader] [39m[32mCustomerModule dependencies initialized[39m[38;5;3m +0ms[39m
[32m[Nest] 33596  - [39m22/09/2026, 21:28:30 [32m    LOG[39m [38;5;3m[InstanceLoader] [39m[32mSaleModule dependencies initialized[39m[38;5;3m +0ms[39m
[32m[Nest] 33596  - [39m22/09/2026, 21:28:30 [32m    LOG[39m [38;5;3m[InstanceLoader] [39m[32mPaymentModule dependencies initialized[39m[38;5;3m +0ms[39m
[32m[Nest] 33596  - [39m22/09/2026, 21:28:30 [32m    LOG[39m [38;5;3m[InstanceLoader] [39m[32mInspectionModule dependencies initialized[39m[38;5;3m +0ms[39m
[32m[Nest] 33596  - [39m22/09/2026, 21:28:30 [32m    LOG[39m [38;5;3m[InstanceLoader] [39m[32mCompanyModule dependencies initialized[39m[38;5;3m +0ms[39m
[32m[Nest] 33596  - [39m22/09/2026, 21:28:30 [32m    LOG[39m [38;5;3m[InstanceLoader] [39m[32mReservationModule dependencies initialized[39m[38;5;3m +0ms[39m
[32m[Nest] 33596  - [39m22/09/2026, 21:28:30 [32m    LOG[39m [38;5;3m[InstanceLoader] [39m[32mDocumentModule dependencies initialized[39m[38;5;3m +0ms[39m
[32m[Nest] 33596  - [39m22/09/2026, 21:28:30 [32m    LOG[39m [38;5;3m[InstanceLoader] [39m[32mEstateModule dependencies initialized[39m[38;5;3m +0ms[39m
[32m[Nest] 33596  - [39m22/09/2026, 21:28:30 [32m    LOG[39m [38;5;3m[InstanceLoader] [39m[32mPropertyModule dependencies initialized[39m[38;5;3m +0ms[39m
[32m[Nest] 33596  - [39m22/09/2026, 21:28:30 [32m    LOG[39m [38;5;3m[InstanceLoader] [39m[32mPosterModule dependencies initialized[39m[38;5;3m +0ms[39m
[32m[Nest] 33596  - [39m22/09/2026, 21:28:30 [32m    LOG[39m [38;5;3m[InstanceLoader] [39m[32mAuthModule dependencies initialized[39m[38;5;3m +0ms[39m
[32m[Nest] 33596  - [39m22/09/2026, 21:28:31 [32m    LOG[39m [38;5;3m[RoutesResolver] [39m[32mHealthController {/api/v1/health}:[39m[38;5;3m +542ms[39m
[32m[Nest] 33596  - [39m22/09/2026, 21:28:31 [32m    LOG[39m [38;5;3m[RouterExplorer] [39m[32mMapped {/api/v1/health, GET} route[39m[38;5;3m +2ms[39m
[32m[Nest] 33596  - [39m22/09/2026, 21:28:31 [32m    LOG[39m [38;5;3m[RoutesResolver] [39m[32mAuditController {/api/v1/audit-logs}:[39m[38;5;3m +1ms[39m
[32m[Nest] 33596  - [39m22/09/2026, 21:28:31 [32m    LOG[39m [38;5;3m[RouterExplorer] [39m[32mMapped {/api/v1/audit-logs, GET} route[39m[38;5;3m +0ms[39m
[32m[Nest] 33596  - [39m22/09/2026, 21:28:31 [32m    LOG[39m [38;5;3m[RoutesResolver] [39m[32mAuthController {/api/v1/auth}:[39m[38;5;3m +0ms[39m
[32m[Nest] 33596  - [39m22/09/2026, 21:28:31 [32m    LOG[39m [38;5;3m[RouterExplorer] [39m[32mMapped {/api/v1/auth/login, POST} route[39m[38;5;3m +0ms[39m
[32m[Nest] 33596  - [39m22/09/2026, 21:28:31 [32m    LOG[39m [38;5;3m[RouterExplorer] [39m[32mMapped {/api/v1/auth/refresh, POST} route[39m[38;5;3m +1ms[39m
[32m[Nest] 33596  - [39m22/09/2026, 21:28:31 [32m    LOG[39m [38;5;3m[RouterExplorer] [39m[32mMapped {/api/v1/auth/logout, POST} route[39m[38;5;3m +0ms[39m
[32m[Nest] 33596  - [39m22/09/2026, 21:28:31 [32m    LOG[39m [38;5;3m[RouterExplorer] [39m[32mMapped {/api/v1/auth/change-password, POST} route[39m[38;5;3m +0ms[39m
[32m[Nest] 33596  - [39m22/09/2026, 21:28:31 [32m    LOG[39m [38;5;3m[RouterExplorer] [39m[32mMapped {/api/v1/auth/me, POST} route[39m[38;5;3m +0ms[39m
[32m[Nest] 33596  - [39m22/09/2026, 21:28:31 [32m    LOG[39m [38;5;3m[RouterExplorer] [39m[32mMapped {/api/v1/auth/super/login, POST} route[39m[38;5;3m +0ms[39m
[32m[Nest] 33596  - [39m22/09/2026, 21:28:31 [32m    LOG[39m [38;5;3m[RouterExplorer] [39m[32mMapped {/api/v1/auth/customer/register, POST} route[39m[38;5;3m +1ms[39m
[32m[Nest] 33596  - [39m22/09/2026, 21:28:31 [32m    LOG[39m [38;5;3m[RouterExplorer] [39m[32mMapped {/api/v1/auth/customer/login, POST} route[39m[38;5;3m +0ms[39m
[32m[Nest] 33596  - [39m22/09/2026, 21:28:31 [32m    LOG[39m [38;5;3m[RouterExplorer] [39m[32mMapped {/api/v1/auth/customer/me, GET} route[39m[38;5;3m +0ms[39m
[32m[Nest] 33596  - [39m22/09/2026, 21:28:31 [32m    LOG[39m [38;5;3m[RouterExplorer] [39m[32mMapped {/api/v1/auth/customer/profile, PATCH} route[39m[38;5;3m +0ms[39m
[32m[Nest] 33596  - [39m22/09/2026, 21:28:31 [32m    LOG[39m [38;5;3m[RoutesResolver] [39m[32mCompanyController {/api/v1/companies}:[39m[38;5;3m +0ms[39m
[32m[Nest] 33596  - [39m22/09/2026, 21:28:31 [32m    LOG[39m [38;5;3m[RouterExplorer] [39m[32mMapped {/api/v1/companies, POST} route[39m[38;5;3m +0ms[39m
[32m[Nest] 33596  - [39m22/09/2026, 21:28:31 [32m    LOG[39m [38;5;3m[RouterExplorer] [39m[32mMapped {/api/v1/companies, GET} route[39m[38;5;3m +1ms[39m
[32m[Nest] 33596  - [39m22/09/2026, 21:28:31 [32m    LOG[39m [38;5;3m[RouterExplorer] [39m[32mMapped {/api/v1/companies/departments, GET} route[39m[38;5;3m +0ms[39m
[32m[Nest] 33596  - [39m22/09/2026, 21:28:31 [32m    LOG[39m [38;5;3m[RouterExplorer] [39m[32mMapped {/api/v1/companies/:id, GET} route[39m[38;5;3m +0ms[39m
[32m[Nest] 33596  - [39m22/09/2026, 21:28:31 [32m    LOG[39m [38;5;3m[RouterExplorer] [39m[32mMapped {/api/v1/companies/:id, PATCH} route[39m[38;5;3m +0ms[39m
[32m[Nest] 33596  - [39m22/09/2026, 21:28:31 [32m    LOG[39m [38;5;3m[RouterExplorer] [39m[32mMapped {/api/v1/companies/:id/branches, POST} route[39m[38;5;3m +0ms[39m
[32m[Nest] 33596  - [39m22/09/2026, 21:28:31 [32m    LOG[39m [38;5;3m[RouterExplorer] [39m[32mMapped {/api/v1/companies/branches/:branchId, PATCH} route[39m[38;5;3m +0ms[39m
[32m[Nest] 33596  - [39m22/09/2026, 21:28:31 [32m    LOG[39m [38;5;3m[RouterExplorer] [39m[32mMapped {/api/v1/companies/branches/:branchId, DELETE} route[39m[38;5;3m +0ms[39m
[32m[Nest] 33596  - [39m22/09/2026, 21:28:31 [32m    LOG[39m [38;5;3m[RouterExplorer] [39m[32mMapped {/api/v1/companies/departments, POST} route[39m[38;5;3m +1ms[39m
[32m[Nest] 33596  - [39m22/09/2026, 21:28:31 [32m    LOG[39m [38;5;3m[RouterExplorer] [39m[32mMapped {/api/v1/companies/departments/:id, PATCH} route[39m[38;5;3m +0ms[39m
[32m[Nest] 33596  - [39m22/09/2026, 21:28:31 [32m    LOG[39m [38;5;3m[RouterExplorer] [39m[32mMapped {/api/v1/companies/departments/:id, DELETE} route[39m[38;5;3m +0ms[39m
[32m[Nest] 33596  - [39m22/09/2026, 21:28:31 [32m    LOG[39m [38;5;3m[RoutesResolver] [39m[32mEstateController {/api/v1/estates}:[39m[38;5;3m +0ms[39m
[32m[Nest] 33596  - [39m22/09/2026, 21:28:31 [32m    LOG[39m [38;5;3m[RouterExplorer] [39m[32mMapped {/api/v1/estates/public, GET} route[39m[38;5;3m +0ms[39m
[32m[Nest] 33596  - [39m22/09/2026, 21:28:31 [32m    LOG[39m [38;5;3m[RouterExplorer] [39m[32mMapped {/api/v1/estates, GET} route[39m[38;5;3m +0ms[39m
[32m[Nest] 33596  - [39m22/09/2026, 21:28:31 [32m    LOG[39m [38;5;3m[RouterExplorer] [39m[32mMapped {/api/v1/estates/:id, GET} route[39m[38;5;3m +0ms[39m
[32m[Nest] 33596  - [39m22/09/2026, 21:28:31 [32m    LOG[39m [38;5;3m[RouterExplorer] [39m[32mMapped {/api/v1/estates, POST} route[39m[38;5;3m +0ms[39m
[32m[Nest] 33596  - [39m22/09/2026, 21:28:31 [32m    LOG[39m [38;5;3m[RouterExplorer] [39m[32mMapped {/api/v1/estates/:id, PATCH} route[39m[38;5;3m +0ms[39m
[32m[Nest] 33596  - [39m22/09/2026, 21:28:31 [32m    LOG[39m [38;5;3m[RouterExplorer] [39m[32mMapped {/api/v1/estates/:id/phases, POST} route[39m[38;5;3m +0ms[39m
[32m[Nest] 33596  - [39m22/09/2026, 21:28:31 [32m    LOG[39m [38;5;3m[RouterExplorer] [39m[32mMapped {/api/v1/estates/:id/blocks, POST} route[39m[38;5;3m +0ms[39m
[32m[Nest] 33596  - [39m22/09/2026, 21:28:31 [32m    LOG[39m [38;5;3m[RouterExplorer] [39m[32mMapped {/api/v1/estates/:id/infrastructure, POST} route[39m[38;5;3m +0ms[39m
[32m[Nest] 33596  - [39m22/09/2026, 21:28:31 [32m    LOG[39m [38;5;3m[RouterExplorer] [39m[32mMapped {/api/v1/estates/:id/site-plan, POST} route[39m[38;5;3m +0ms[39m
[32m[Nest] 33596  - [39m22/09/2026, 21:28:31 [32m    LOG[39m [38;5;3m[RouterExplorer] [39m[32mMapped {/api/v1/estates/:id/building-types, PATCH} route[39m[38;5;3m +1ms[39m
[32m[Nest] 33596  - [39m22/09/2026, 21:28:31 [32m    LOG[39m [38;5;3m[RouterExplorer] [39m[32mMapped {/api/v1/estates/:id/building-type-image/:typeId, POST} route[39m[38;5;3m +0ms[39m
[32m[Nest] 33596  - [39m22/09/2026, 21:28:31 [32m    LOG[39m [38;5;3m[RouterExplorer] [39m[32mMapped {/api/v1/estates/:id/building-type-image/:typeId/:filename, DELETE} route[39m[38;5;3m +0ms[39m
[32m[Nest] 33596  - [39m22/09/2026, 21:28:31 [32m    LOG[39m [38;5;3m[RouterExplorer] [39m[32mMapped {/api/v1/estates/:id/permanent, DELETE} route[39m[38;5;3m +0ms[39m
[32m[Nest] 33596  - [39m22/09/2026, 21:28:31 [32m    LOG[39m [38;5;3m[RoutesResolver] [39m[32mPropertyController {/api/v1/properties}:[39m[38;5;3m +0ms[39m
[32m[Nest] 33596  - [39m22/09/2026, 21:28:31 [32m    LOG[39m [38;5;3m[RouterExplorer] [39m[32mMapped {/api/v1/properties/public, GET} route[39m[38;5;3m +0ms[39m
[32m[Nest] 33596  - [39m22/09/2026, 21:28:31 [32m    LOG[39m [38;5;3m[RouterExplorer] [39m[32mMapped {/api/v1/properties/public/:id, GET} route[39m[38;5;3m +0ms[39m
[32m[Nest] 33596  - [39m22/09/2026, 21:28:31 [32m    LOG[39m [38;5;3m[RouterExplorer] [39m[32mMapped {/api/v1/properties/public/inquiry, POST} route[39m[38;5;3m +0ms[39m
[32m[Nest] 33596  - [39m22/09/2026, 21:28:31 [32m    LOG[39m [38;5;3m[RouterExplorer] [39m[32mMapped {/api/v1/properties, GET} route[39m[38;5;3m +0ms[39m
[32m[Nest] 33596  - [39m22/09/2026, 21:28:31 [32m    LOG[39m [38;5;3m[RouterExplorer] [39m[32mMapped {/api/v1/properties/admin/inquiries, GET} route[39m[38;5;3m +0ms[39m
[32m[Nest] 33596  - [39m22/09/2026, 21:28:31 [32m    LOG[39m [38;5;3m[RouterExplorer] [39m[32mMapped {/api/v1/properties/admin/inquiries/:id/status, PATCH} route[39m[38;5;3m +0ms[39m
[32m[Nest] 33596  - [39m22/09/2026, 21:28:31 [32m    LOG[39m [38;5;3m[RouterExplorer] [39m[32mMapped {/api/v1/properties/admin/inquiries/:id/notes, PATCH} route[39m[38;5;3m +0ms[39m
[32m[Nest] 33596  - [39m22/09/2026, 21:28:31 [32m    LOG[39m [38;5;3m[RouterExplorer] [39m[32mMapped {/api/v1/properties/admin/inquiries/:id/convert, POST} route[39m[38;5;3m +0ms[39m
[32m[Nest] 33596  - [39m22/09/2026, 21:28:31 [32m    LOG[39m [38;5;3m[RouterExplorer] [39m[32mMapped {/api/v1/properties/:id, GET} route[39m[38;5;3m +0ms[39m
[32m[Nest] 33596  - [39m22/09/2026, 21:28:31 [32m    LOG[39m [38;5;3m[RouterExplorer] [39m[32mMapped {/api/v1/properties, POST} route[39m[38;5;3m +1ms[39m
[32m[Nest] 33596  - [39m22/09/2026, 21:28:31 [32m    LOG[39m [38;5;3m[RouterExplorer] [39m[32mMapped {/api/v1/properties/:id, PATCH} route[39m[38;5;3m +0ms[39m
[32m[Nest] 33596  - [39m22/09/2026, 21:28:31 [32m    LOG[39m [38;5;3m[RouterExplorer] [39m[32mMapped {/api/v1/properties/:id/status, POST} route[39m[38;5;3m +0ms[39m
[32m[Nest] 33596  - [39m22/09/2026, 21:28:31 [32m    LOG[39m [38;5;3m[RouterExplorer] [39m[32mMapped {/api/v1/properties/:id, DELETE} route[39m[38;5;3m +0ms[39m
[32m[Nest] 33596  - [39m22/09/2026, 21:28:31 [32m    LOG[39m [38;5;3m[RouterExplorer] [39m[32mMapped {/api/v1/properties/:id/permanent, DELETE} route[39m[38;5;3m +0ms[39m
[32m[Nest] 33596  - [39m22/09/2026, 21:28:31 [32m    LOG[39m [38;5;3m[RouterExplorer] [39m[32mMapped {/api/v1/properties/:id/media, POST} route[39m[38;5;3m +0ms[39m
[32m[Nest] 33596  - [39m22/09/2026, 21:28:31 [32m    LOG[39m [38;5;3m[RouterExplorer] [39m[32mMapped {/api/v1/properties/:id/media/:mediaId, DELETE} route[39m[38;5;3m +0ms[39m
[32m[Nest] 33596  - [39m22/09/2026, 21:28:31 [32m    LOG[39m [38;5;3m[RouterExplorer] [39m[32mMapped {/api/v1/properties/:id/media/:mediaId/cover, PATCH} route[39m[38;5;3m +0ms[39m
[32m[Nest] 33596  - [39m22/09/2026, 21:28:31 [32m    LOG[39m [38;5;3m[RouterExplorer] [39m[32mMapped {/api/v1/properties/:id/favorite, POST} route[39m[38;5;3m +0ms[39m
[32m[Nest] 33596  - [39m22/09/2026, 21:28:31 [32m    LOG[39m [38;5;3m[RouterExplorer] [39m[32mMapped {/api/v1/properties/:id/favorite-status, GET} route[39m[38;5;3m +0ms[39m
[32m[Nest] 33596  - [39m22/09/2026, 21:28:31 [32m    LOG[39m [38;5;3m[RoutesResolver] [39m[32mCustomerController {/api/v1/customers}:[39m[38;5;3m +0ms[39m
[32m[Nest] 33596  - [39m22/09/2026, 21:28:31 [32m    LOG[39m [38;5;3m[RouterExplorer] [39m[32mMapped {/api/v1/customers, GET} route[39m[38;5;3m +0ms[39m
[32m[Nest] 33596  - [39m22/09/2026, 21:28:31 [32m    LOG[39m [38;5;3m[RouterExplorer] [39m[32mMapped {/api/v1/customers/:id, GET} route[39m[38;5;3m +0ms[39m
[32m[Nest] 33596  - [39m22/09/2026, 21:28:31 [32m    LOG[39m [38;5;3m[RouterExplorer] [39m[32mMapped {/api/v1/customers, POST} route[39m[38;5;3m +0ms[39m
[32m[Nest] 33596  - [39m22/09/2026, 21:28:31 [32m    LOG[39m [38;5;3m[RouterExplorer] [39m[32mMapped {/api/v1/customers/:id, PATCH} route[39m[38;5;3m +0ms[39m
[32m[Nest] 33596  - [39m22/09/2026, 21:28:31 [32m    LOG[39m [38;5;3m[RouterExplorer] [39m[32mMapped {/api/v1/customers/:id/deactivate, POST} route[39m[38;5;3m +1ms[39m
[32m[Nest] 33596  - [39m22/09/2026, 21:28:31 [32m    LOG[39m [38;5;3m[RouterExplorer] [39m[32mMapped {/api/v1/customers/:id/activate, POST} route[39m[38;5;3m +0ms[39m
[32m[Nest] 33596  - [39m22/09/2026, 21:28:31 [32m    LOG[39m [38;5;3m[RouterExplorer] [39m[32mMapped {/api/v1/customers/:id, DELETE} route[39m[38;5;3m +0ms[39m
[32m[Nest] 33596  - [39m22/09/2026, 21:28:31 [32m    LOG[39m [38;5;3m[RoutesResolver] [39m[32mReservationController {/api/v1/reservations}:[39m[38;5;3m +0ms[39m
[32m[Nest] 33596  - [39m22/09/2026, 21:28:31 [32m    LOG[39m [38;5;3m[RouterExplorer] [39m[32mMapped {/api/v1/reservations/public, POST} route[39m[38;5;3m +0ms[39m
[32m[Nest] 33596  - [39m22/09/2026, 21:28:31 [32m    LOG[39m [38;5;3m[RouterExplorer] [39m[32mMapped {/api/v1/reservations, GET} route[39m[38;5;3m +0ms[39m
[32m[Nest] 33596  - [39m22/09/2026, 21:28:31 [32m    LOG[39m [38;5;3m[RouterExplorer] [39m[32mMapped {/api/v1/reservations/mine, GET} route[39m[38;5;3m +0ms[39m
[32m[Nest] 33596  - [39m22/09/2026, 21:28:31 [32m    LOG[39m [38;5;3m[RouterExplorer] [39m[32mMapped {/api/v1/reservations/:id, GET} route[39m[38;5;3m +0ms[39m
[32m[Nest] 33596  - [39m22/09/2026, 21:28:31 [32m    LOG[39m [38;5;3m[RouterExplorer] [39m[32mMapped {/api/v1/reservations/:id/timeline, GET} route[39m[38;5;3m +0ms[39m
[32m[Nest] 33596  - [39m22/09/2026, 21:28:31 [32m    LOG[39m [38;5;3m[RouterExplorer] [39m[32mMapped {/api/v1/reservations/:id/status, PATCH} route[39m[38;5;3m +0ms[39m
[32m[Nest] 33596  - [39m22/09/2026, 21:28:31 [32m    LOG[39m [38;5;3m[RoutesResolver] [39m[32mSaleController {/api/v1/sales}:[39m[38;5;3m +0ms[39m
[32m[Nest] 33596  - [39m22/09/2026, 21:28:31 [32m    LOG[39m [38;5;3m[RouterExplorer] [39m[32mMapped {/api/v1/sales, GET} route[39m[38;5;3m +0ms[39m
[32m[Nest] 33596  - [39m22/09/2026, 21:28:31 [32m    LOG[39m [38;5;3m[RouterExplorer] [39m[32mMapped {/api/v1/sales/:id, GET} route[39m[38;5;3m +0ms[39m
[32m[Nest] 33596  - [39m22/09/2026, 21:28:31 [32m    LOG[39m [38;5;3m[RouterExplorer] [39m[32mMapped {/api/v1/sales, POST} route[39m[38;5;3m +0ms[39m
[32m[Nest] 33596  - [39m22/09/2026, 21:28:31 [32m    LOG[39m [38;5;3m[RouterExplorer] [39m[32mMapped {/api/v1/sales/:id/status, PATCH} route[39m[38;5;3m +0ms[39m
[32m[Nest] 33596  - [39m22/09/2026, 21:28:31 [32m    LOG[39m [38;5;3m[RoutesResolver] [39m[32mPaymentController {/api/v1/payments}:[39m[38;5;3m +1ms[39m
[32m[Nest] 33596  - [39m22/09/2026, 21:28:31 [32m    LOG[39m [38;5;3m[RouterExplorer] [39m[32mMapped {/api/v1/payments, POST} route[39m[38;5;3m +0ms[39m
[32m[Nest] 33596  - [39m22/09/2026, 21:28:31 [32m    LOG[39m [38;5;3m[RouterExplorer] [39m[32mMapped {/api/v1/payments, GET} route[39m[38;5;3m +0ms[39m
[32m[Nest] 33596  - [39m22/09/2026, 21:28:31 [32m    LOG[39m [38;5;3m[RouterExplorer] [39m[32mMapped {/api/v1/payments/:id, GET} route[39m[38;5;3m +0ms[39m
[32m[Nest] 33596  - [39m22/09/2026, 21:28:31 [32m    LOG[39m [38;5;3m[RouterExplorer] [39m[32mMapped {/api/v1/payments/:id/verify, PATCH} route[39m[38;5;3m +0ms[39m
[32m[Nest] 33596  - [39m22/09/2026, 21:28:31 [32m    LOG[39m [38;5;3m[RouterExplorer] [39m[32mMapped {/api/v1/payments/:id/reject, PATCH} route[39m[38;5;3m +0ms[39m
[32m[Nest] 33596  - [39m22/09/2026, 21:28:31 [32m    LOG[39m [38;5;3m[RoutesResolver] [39m[32mInspectionController {/api/v1/inspections}:[39m[38;5;3m +0ms[39m
[32m[Nest] 33596  - [39m22/09/2026, 21:28:31 [32m    LOG[39m [38;5;3m[RouterExplorer] [39m[32mMapped {/api/v1/inspections, POST} route[39m[38;5;3m +0ms[39m
[32m[Nest] 33596  - [39m22/09/2026, 21:28:31 [32m    LOG[39m [38;5;3m[RouterExplorer] [39m[32mMapped {/api/v1/inspections, GET} route[39m[38;5;3m +0ms[39m
[32m[Nest] 33596  - [39m22/09/2026, 21:28:31 [32m    LOG[39m [38;5;3m[RouterExplorer] [39m[32mMapped {/api/v1/inspections/:id, GET} route[39m[38;5;3m +0ms[39m
[32m[Nest] 33596  - [39m22/09/2026, 21:28:31 [32m    LOG[39m [38;5;3m[RouterExplorer] [39m[32mMapped {/api/v1/inspections/:id/start, PATCH} route[39m[38;5;3m +0ms[39m
[32m[Nest] 33596  - [39m22/09/2026, 21:28:31 [32m    LOG[39m [38;5;3m[RouterExplorer] [39m[32mMapped {/api/v1/inspections/:id/complete, PATCH} route[39m[38;5;3m +0ms[39m
[32m[Nest] 33596  - [39m22/09/2026, 21:28:31 [32m    LOG[39m [38;5;3m[RouterExplorer] [39m[32mMapped {/api/v1/inspections/:id/cancel, PATCH} route[39m[38;5;3m +0ms[39m
[32m[Nest] 33596  - [39m22/09/2026, 21:28:31 [32m    LOG[39m [38;5;3m[RouterExplorer] [39m[32mMapped {/api/v1/inspections/:id/fail, PATCH} route[39m[38;5;3m +0ms[39m
[32m[Nest] 33596  - [39m22/09/2026, 21:28:31 [32m    LOG[39m [38;5;3m[RoutesResolver] [39m[32mDocumentController {/api/v1/documents}:[39m[38;5;3m +0ms[39m
[32m[Nest] 33596  - [39m22/09/2026, 21:28:31 [32m    LOG[39m [38;5;3m[RouterExplorer] [39m[32mMapped {/api/v1/documents/upload, POST} route[39m[38;5;3m +0ms[39m
[32m[Nest] 33596  - [39m22/09/2026, 21:28:31 [32m    LOG[39m [38;5;3m[RouterExplorer] [39m[32mMapped {/api/v1/documents, GET} route[39m[38;5;3m +1ms[39m
[32m[Nest] 33596  - [39m22/09/2026, 21:28:31 [32m    LOG[39m [38;5;3m[RouterExplorer] [39m[32mMapped {/api/v1/documents/:id, GET} route[39m[38;5;3m +0ms[39m
[32m[Nest] 33596  - [39m22/09/2026, 21:28:31 [32m    LOG[39m [38;5;3m[RouterExplorer] [39m[32mMapped {/api/v1/documents/:id/download, GET} route[39m[38;5;3m +0ms[39m
[32m[Nest] 33596  - [39m22/09/2026, 21:28:31 [32m    LOG[39m [38;5;3m[RouterExplorer] [39m[32mMapped {/api/v1/documents/:id/status, PATCH} route[39m[38;5;3m +0ms[39m
[32m[Nest] 33596  - [39m22/09/2026, 21:28:31 [32m    LOG[39m [38;5;3m[RouterExplorer] [39m[32mMapped {/api/v1/documents/:id, DELETE} route[39m[38;5;3m +0ms[39m
[32m[Nest] 33596  - [39m22/09/2026, 21:28:31 [32m    LOG[39m [38;5;3m[RoutesResolver] [39m[32mEmployeeController {/api/v1/employees}:[39m[38;5;3m +0ms[39m
[32m[Nest] 33596  - [39m22/09/2026, 21:28:31 [32m    LOG[39m [38;5;3m[RouterExplorer] [39m[32mMapped {/api/v1/employees, GET} route[39m[38;5;3m +0ms[39m
[32m[Nest] 33596  - [39m22/09/2026, 21:28:31 [32m    LOG[39m [38;5;3m[RouterExplorer] [39m[32mMapped {/api/v1/employees/departments, GET} route[39m[38;5;3m +0ms[39m
[32m[Nest] 33596  - [39m22/09/2026, 21:28:31 [32m    LOG[39m [38;5;3m[RouterExplorer] [39m[32mMapped {/api/v1/employees/roles, GET} route[39m[38;5;3m +0ms[39m
[32m[Nest] 33596  - [39m22/09/2026, 21:28:31 [32m    LOG[39m [38;5;3m[RouterExplorer] [39m[32mMapped {/api/v1/employees/:id, GET} route[39m[38;5;3m +0ms[39m
[32m[Nest] 33596  - [39m22/09/2026, 21:28:31 [32m    LOG[39m [38;5;3m[RouterExplorer] [39m[32mMapped {/api/v1/employees, POST} route[39m[38;5;3m +0ms[39m
[32m[Nest] 33596  - [39m22/09/2026, 21:28:31 [32m    LOG[39m [38;5;3m[RouterExplorer] [39m[32mMapped {/api/v1/employees/:id, PATCH} route[39m[38;5;3m +0ms[39m
[32m[Nest] 33596  - [39m22/09/2026, 21:28:31 [32m    LOG[39m [38;5;3m[RouterExplorer] [39m[32mMapped {/api/v1/employees/:id, DELETE} route[39m[38;5;3m +0ms[39m
[32m[Nest] 33596  - [39m22/09/2026, 21:28:31 [32m    LOG[39m [38;5;3m[RouterExplorer] [39m[32mMapped {/api/v1/employees/:id/roles, POST} route[39m[38;5;3m +0ms[39m
[32m[Nest] 33596  - [39m22/09/2026, 21:28:31 [32m    LOG[39m [38;5;3m[RouterExplorer] [39m[32mMapped {/api/v1/employees/:id/roles/remove, POST} route[39m[38;5;3m +0ms[39m
[32m[Nest] 33596  - [39m22/09/2026, 21:28:31 [32m    LOG[39m [38;5;3m[RoutesResolver] [39m[32mVendorController {/api/v1/vendors}:[39m[38;5;3m +0ms[39m
[32m[Nest] 33596  - [39m22/09/2026, 21:28:31 [32m    LOG[39m [38;5;3m[RoutesResolver] [39m[32mAppointmentController {/api/v1/appointments}:[39m[38;5;3m +0ms[39m
[32m[Nest] 33596  - [39m22/09/2026, 21:28:31 [32m    LOG[39m [38;5;3m[RoutesResolver] [39m[32mNotificationController {/api/v1/notifications}:[39m[38;5;3m +0ms[39m
[32m[Nest] 33596  - [39m22/09/2026, 21:28:31 [32m    LOG[39m [38;5;3m[RoutesResolver] [39m[32mAiController {/api/v1/ai}:[39m[38;5;3m +0ms[39m
[32m[Nest] 33596  - [39m22/09/2026, 21:28:31 [32m    LOG[39m [38;5;3m[RoutesResolver] [39m[32mDashboardController {/api/v1/dashboard}:[39m[38;5;3m +0ms[39m
[32m[Nest] 33596  - [39m22/09/2026, 21:28:31 [32m    LOG[39m [38;5;3m[RouterExplorer] [39m[32mMapped {/api/v1/dashboard/stats, GET} route[39m[38;5;3m +0ms[39m
[32m[Nest] 33596  - [39m22/09/2026, 21:28:31 [32m    LOG[39m [38;5;3m[RoutesResolver] [39m[32mPosterController {/api/v1/posters}:[39m[38;5;3m +0ms[39m
[32m[Nest] 33596  - [39m22/09/2026, 21:28:31 [32m    LOG[39m [38;5;3m[RouterExplorer] [39m[32mMapped {/api/v1/posters/public, GET} route[39m[38;5;3m +1ms[39m
[32m[Nest] 33596  - [39m22/09/2026, 21:28:31 [32m    LOG[39m [38;5;3m[RouterExplorer] [39m[32mMapped {/api/v1/posters, GET} route[39m[38;5;3m +0ms[39m
[32m[Nest] 33596  - [39m22/09/2026, 21:28:31 [32m    LOG[39m [38;5;3m[RouterExplorer] [39m[32mMapped {/api/v1/posters, POST} route[39m[38;5;3m +0ms[39m
[32m[Nest] 33596  - [39m22/09/2026, 21:28:31 [32m    LOG[39m [38;5;3m[RouterExplorer] [39m[32mMapped {/api/v1/posters/:id, PATCH} route[39m[38;5;3m +0ms[39m
[32m[Nest] 33596  - [39m22/09/2026, 21:28:31 [32m    LOG[39m [38;5;3m[RouterExplorer] [39m[32mMapped {/api/v1/posters/:id/toggle, PATCH} route[39m[38;5;3m +0ms[39m
[32m[Nest] 33596  - [39m22/09/2026, 21:28:31 [32m    LOG[39m [38;5;3m[RouterExplorer] [39m[32mMapped {/api/v1/posters/:id, DELETE} route[39m[38;5;3m +0ms[39m
[32m[Nest] 33596  - [39m22/09/2026, 21:28:32 [32m    LOG[39m [38;5;3m[PrismaService] [39m[32mDatabase connected[39m
[32m[Nest] 33596  - [39m22/09/2026, 21:28:32 [32m    LOG[39m [38;5;3m[NestApplication] [39m[32mNest application successfully started[39m[38;5;3m +1ms[39m
[31m[Nest] 33596  - [39m22/09/2026, 21:28:32 [31m  ERROR[39m [38;5;3m[NestApplication] [39m[31mError: listen EADDRINUSE: address already in use :::4000[39m[38;5;3m +2ms[39m
node:net:1941
    const ex = new UVExceptionWithHostPort(err, 'listen', address, port);
               ^

Error: listen EADDRINUSE: address already in use :::4000
    at Server.setupListenHandle [as _listen2] (node:net:1941:16)
    at listenInCluster (node:net:1998:12)
    at Server.listen (node:net:2103:7)
    at ExpressAdapter.listen (C:\Users\david\Desktop\Projects\Ndukego Homes Gallery Project\node_modules\.pnpm\@nestjs+platform-express@11.1.28_@nestjs+common@11.1.28_class-transformer@0.5.1_class-validat_tmrpyvfpavunwigoq4yf4m43ry\node_modules\@nestjs\platform-express\adapters\express-adapter.js:115:32)
    at C:\Users\david\Desktop\Projects\Ndukego Homes Gallery Project\node_modules\.pnpm\@nestjs+core@11.1.28_@nestjs+common@11.1.28_class-transformer@0.5.1_class-validator@0.14.4_re_jbbxms5qftvp4gp3vkdoquda7y\node_modules\@nestjs\core\nest-application.js:190:30
    at new Promise (<anonymous>)
    at NestApplication.listen (C:\Users\david\Desktop\Projects\Ndukego Homes Gallery Project\node_modules\.pnpm\@nestjs+core@11.1.28_@nestjs+common@11.1.28_class-transformer@0.5.1_class-validator@0.14.4_re_jbbxms5qftvp4gp3vkdoquda7y\node_modules\@nestjs\core\nest-application.js:180:16)
    at async bootstrap (C:\Users\david\Desktop\Projects\Ndukego Homes Gallery Project\apps\api\src\main.ts:81:3) {
  code: 'EADDRINUSE',
  errno: -4091,
  syscall: 'listen',
  address: '::',
  port: 4000
}

Node.js v22.23.1
[2J[3J[H[[90m21:28:52[0m] File change detected. Starting incremental compilation...

[[90m21:28:54[0m] Found 0 errors. Watching for file changes.

[32m[Nest] 39220  - [39m22/09/2026, 21:28:55 [32m    LOG[39m [38;5;3m[NestFactory] [39m[32mStarting Nest application...[39m
[32m[Nest] 39220  - [39m22/09/2026, 21:28:55 [32m    LOG[39m [38;5;3m[InstanceLoader] [39m[32mPrismaModule dependencies initialized[39m[38;5;3m +34ms[39m
[32m[Nest] 39220  - [39m22/09/2026, 21:28:55 [32m    LOG[39m [38;5;3m[InstanceLoader] [39m[32mPassportModule dependencies initialized[39m[38;5;3m +0ms[39m
[32m[Nest] 39220  - [39m22/09/2026, 21:28:55 [32m    LOG[39m [38;5;3m[InstanceLoader] [39m[32mConfigHostModule dependencies initialized[39m[38;5;3m +6ms[39m
[32m[Nest] 39220  - [39m22/09/2026, 21:28:55 [32m    LOG[39m [38;5;3m[InstanceLoader] [39m[32mThrottlerModule dependencies initialized[39m[38;5;3m +1ms[39m
[33m[Nest] 39220  - [39m22/09/2026, 21:28:55 [33m   WARN[39m [38;5;3m[EmailService] [39m[33mSMTP not configured — emails will be logged to console. Set SMTP_HOST, SMTP_USER, SMTP_PASS in .env to enable sending.[39m
[32m[Nest] 39220  - [39m22/09/2026, 21:28:55 [32m    LOG[39m [38;5;3m[InstanceLoader] [39m[32mConfigModule dependencies initialized[39m[38;5;3m +0ms[39m
[32m[Nest] 39220  - [39m22/09/2026, 21:28:55 [32m    LOG[39m [38;5;3m[InstanceLoader] [39m[32mConfigModule dependencies initialized[39m[38;5;3m +0ms[39m
[32m[Nest] 39220  - [39m22/09/2026, 21:28:55 [32m    LOG[39m [38;5;3m[InstanceLoader] [39m[32mNotificationModule dependencies initialized[39m[38;5;3m +1ms[39m
[32m[Nest] 39220  - [39m22/09/2026, 21:28:55 [32m    LOG[39m [38;5;3m[InstanceLoader] [39m[32mAiModule dependencies initialized[39m[38;5;3m +0ms[39m
[32m[Nest] 39220  - [39m22/09/2026, 21:28:55 [32m    LOG[39m [38;5;3m[InstanceLoader] [39m[32mEmailModule dependencies initialized[39m[38;5;3m +0ms[39m
[32m[Nest] 39220  - [39m22/09/2026, 21:28:55 [32m    LOG[39m [38;5;3m[InstanceLoader] [39m[32mStorageModule dependencies initialized[39m[38;5;3m +0ms[39m
[32m[Nest] 39220  - [39m22/09/2026, 21:28:55 [32m    LOG[39m [38;5;3m[InstanceLoader] [39m[32mJwtModule dependencies initialized[39m[38;5;3m +1ms[39m
[32m[Nest] 39220  - [39m22/09/2026, 21:28:55 [32m    LOG[39m [38;5;3m[InstanceLoader] [39m[32mVendorModule dependencies initialized[39m[38;5;3m +1ms[39m
[32m[Nest] 39220  - [39m22/09/2026, 21:28:55 [32m    LOG[39m [38;5;3m[InstanceLoader] [39m[32mAppointmentModule dependencies initialized[39m[38;5;3m +0ms[39m
[32m[Nest] 39220  - [39m22/09/2026, 21:28:55 [32m    LOG[39m [38;5;3m[InstanceLoader] [39m[32mEmployeeModule dependencies initialized[39m[38;5;3m +1ms[39m
[32m[Nest] 39220  - [39m22/09/2026, 21:28:55 [32m    LOG[39m [38;5;3m[InstanceLoader] [39m[32mDashboardModule dependencies initialized[39m[38;5;3m +0ms[39m
[32m[Nest] 39220  - [39m22/09/2026, 21:28:55 [32m    LOG[39m [38;5;3m[InstanceLoader] [39m[32mAuditModule dependencies initialized[39m[38;5;3m +0ms[39m
[32m[Nest] 39220  - [39m22/09/2026, 21:28:55 [32m    LOG[39m [38;5;3m[InstanceLoader] [39m[32mAppModule dependencies initialized[39m[38;5;3m +0ms[39m
[32m[Nest] 39220  - [39m22/09/2026, 21:28:55 [32m    LOG[39m [38;5;3m[InstanceLoader] [39m[32mCustomerModule dependencies initialized[39m[38;5;3m +0ms[39m
[32m[Nest] 39220  - [39m22/09/2026, 21:28:55 [32m    LOG[39m [38;5;3m[InstanceLoader] [39m[32mSaleModule dependencies initialized[39m[38;5;3m +0ms[39m
[32m[Nest] 39220  - [39m22/09/2026, 21:28:55 [32m    LOG[39m [38;5;3m[InstanceLoader] [39m[32mPaymentModule dependencies initialized[39m[38;5;3m +0ms[39m
[32m[Nest] 39220  - [39m22/09/2026, 21:28:55 [32m    LOG[39m [38;5;3m[InstanceLoader] [39m[32mInspectionModule dependencies initialized[39m[38;5;3m +0ms[39m
[32m[Nest] 39220  - [39m22/09/2026, 21:28:55 [32m    LOG[39m [38;5;3m[InstanceLoader] [39m[32mCompanyModule dependencies initialized[39m[38;5;3m +0ms[39m
[32m[Nest] 39220  - [39m22/09/2026, 21:28:55 [32m    LOG[39m [38;5;3m[InstanceLoader] [39m[32mReservationModule dependencies initialized[39m[38;5;3m +0ms[39m
[32m[Nest] 39220  - [39m22/09/2026, 21:28:55 [32m    LOG[39m [38;5;3m[InstanceLoader] [39m[32mDocumentModule dependencies initialized[39m[38;5;3m +0ms[39m
[32m[Nest] 39220  - [39m22/09/2026, 21:28:55 [32m    LOG[39m [38;5;3m[InstanceLoader] [39m[32mEstateModule dependencies initialized[39m[38;5;3m +0ms[39m
[32m[Nest] 39220  - [39m22/09/2026, 21:28:55 [32m    LOG[39m [38;5;3m[InstanceLoader] [39m[32mPropertyModule dependencies initialized[39m[38;5;3m +0ms[39m
[32m[Nest] 39220  - [39m22/09/2026, 21:28:55 [32m    LOG[39m [38;5;3m[InstanceLoader] [39m[32mPosterModule dependencies initialized[39m[38;5;3m +1ms[39m
[32m[Nest] 39220  - [39m22/09/2026, 21:28:55 [32m    LOG[39m [38;5;3m[InstanceLoader] [39m[32mAuthModule dependencies initialized[39m[38;5;3m +0ms[39m
[32m[Nest] 39220  - [39m22/09/2026, 21:28:56 [32m    LOG[39m [38;5;3m[RoutesResolver] [39m[32mHealthController {/api/v1/health}:[39m[38;5;3m +500ms[39m
[32m[Nest] 39220  - [39m22/09/2026, 21:28:56 [32m    LOG[39m [38;5;3m[RouterExplorer] [39m[32mMapped {/api/v1/health, GET} route[39m[38;5;3m +2ms[39m
[32m[Nest] 39220  - [39m22/09/2026, 21:28:56 [32m    LOG[39m [38;5;3m[RoutesResolver] [39m[32mAuditController {/api/v1/audit-logs}:[39m[38;5;3m +0ms[39m
[32m[Nest] 39220  - [39m22/09/2026, 21:28:56 [32m    LOG[39m [38;5;3m[RouterExplorer] [39m[32mMapped {/api/v1/audit-logs, GET} route[39m[38;5;3m +1ms[39m
[32m[Nest] 39220  - [39m22/09/2026, 21:28:56 [32m    LOG[39m [38;5;3m[RoutesResolver] [39m[32mAuthController {/api/v1/auth}:[39m[38;5;3m +0ms[39m
[32m[Nest] 39220  - [39m22/09/2026, 21:28:56 [32m    LOG[39m [38;5;3m[RouterExplorer] [39m[32mMapped {/api/v1/auth/login, POST} route[39m[38;5;3m +0ms[39m
[32m[Nest] 39220  - [39m22/09/2026, 21:28:56 [32m    LOG[39m [38;5;3m[RouterExplorer] [39m[32mMapped {/api/v1/auth/refresh, POST} route[39m[38;5;3m +1ms[39m
[32m[Nest] 39220  - [39m22/09/2026, 21:28:56 [32m    LOG[39m [38;5;3m[RouterExplorer] [39m[32mMapped {/api/v1/auth/logout, POST} route[39m[38;5;3m +0ms[39m
[32m[Nest] 39220  - [39m22/09/2026, 21:28:56 [32m    LOG[39m [38;5;3m[RouterExplorer] [39m[32mMapped {/api/v1/auth/change-password, POST} route[39m[38;5;3m +2ms[39m
[32m[Nest] 39220  - [39m22/09/2026, 21:28:56 [32m    LOG[39m [38;5;3m[RouterExplorer] [39m[32mMapped {/api/v1/auth/me, POST} route[39m[38;5;3m +0ms[39m
[32m[Nest] 39220  - [39m22/09/2026, 21:28:56 [32m    LOG[39m [38;5;3m[RouterExplorer] [39m[32mMapped {/api/v1/auth/super/login, POST} route[39m[38;5;3m +0ms[39m
[32m[Nest] 39220  - [39m22/09/2026, 21:28:56 [32m    LOG[39m [38;5;3m[RouterExplorer] [39m[32mMapped {/api/v1/auth/customer/register, POST} route[39m[38;5;3m +1ms[39m
[32m[Nest] 39220  - [39m22/09/2026, 21:28:56 [32m    LOG[39m [38;5;3m[RouterExplorer] [39m[32mMapped {/api/v1/auth/customer/login, POST} route[39m[38;5;3m +0ms[39m
[32m[Nest] 39220  - [39m22/09/2026, 21:28:56 [32m    LOG[39m [38;5;3m[RouterExplorer] [39m[32mMapped {/api/v1/auth/customer/me, GET} route[39m[38;5;3m +0ms[39m
[32m[Nest] 39220  - [39m22/09/2026, 21:28:56 [32m    LOG[39m [38;5;3m[RouterExplorer] [39m[32mMapped {/api/v1/auth/customer/profile, PATCH} route[39m[38;5;3m +0ms[39m
[32m[Nest] 39220  - [39m22/09/2026, 21:28:56 [32m    LOG[39m [38;5;3m[RoutesResolver] [39m[32mCompanyController {/api/v1/companies}:[39m[38;5;3m +0ms[39m
[32m[Nest] 39220  - [39m22/09/2026, 21:28:56 [32m    LOG[39m [38;5;3m[RouterExplorer] [39m[32mMapped {/api/v1/companies, POST} route[39m[38;5;3m +0ms[39m
[32m[Nest] 39220  - [39m22/09/2026, 21:28:56 [32m    LOG[39m [38;5;3m[RouterExplorer] [39m[32mMapped {/api/v1/companies, GET} route[39m[38;5;3m +0ms[39m
[32m[Nest] 39220  - [39m22/09/2026, 21:28:56 [32m    LOG[39m [38;5;3m[RouterExplorer] [39m[32mMapped {/api/v1/companies/departments, GET} route[39m[38;5;3m +0ms[39m
[32m[Nest] 39220  - [39m22/09/2026, 21:28:56 [32m    LOG[39m [38;5;3m[RouterExplorer] [39m[32mMapped {/api/v1/companies/:id, GET} route[39m[38;5;3m +1ms[39m
[32m[Nest] 39220  - [39m22/09/2026, 21:28:56 [32m    LOG[39m [38;5;3m[RouterExplorer] [39m[32mMapped {/api/v1/companies/:id, PATCH} route[39m[38;5;3m +0ms[39m
[32m[Nest] 39220  - [39m22/09/2026, 21:28:56 [32m    LOG[39m [38;5;3m[RouterExplorer] [39m[32mMapped {/api/v1/companies/:id/branches, POST} route[39m[38;5;3m +0ms[39m
[32m[Nest] 39220  - [39m22/09/2026, 21:28:56 [32m    LOG[39m [38;5;3m[RouterExplorer] [39m[32mMapped {/api/v1/companies/branches/:branchId, PATCH} route[39m[38;5;3m +0ms[39m
[32m[Nest] 39220  - [39m22/09/2026, 21:28:56 [32m    LOG[39m [38;5;3m[RouterExplorer] [39m[32mMapped {/api/v1/companies/branches/:branchId, DELETE} route[39m[38;5;3m +0ms[39m
[32m[Nest] 39220  - [39m22/09/2026, 21:28:56 [32m    LOG[39m [38;5;3m[RouterExplorer] [39m[32mMapped {/api/v1/companies/departments, POST} route[39m[38;5;3m +0ms[39m
[32m[Nest] 39220  - [39m22/09/2026, 21:28:56 [32m    LOG[39m [38;5;3m[RouterExplorer] [39m[32mMapped {/api/v1/companies/departments/:id, PATCH} route[39m[38;5;3m +1ms[39m
[32m[Nest] 39220  - [39m22/09/2026, 21:28:56 [32m    LOG[39m [38;5;3m[RouterExplorer] [39m[32mMapped {/api/v1/companies/departments/:id, DELETE} route[39m[38;5;3m +0ms[39m
[32m[Nest] 39220  - [39m22/09/2026, 21:28:56 [32m    LOG[39m [38;5;3m[RoutesResolver] [39m[32mEstateController {/api/v1/estates}:[39m[38;5;3m +0ms[39m
[32m[Nest] 39220  - [39m22/09/2026, 21:28:56 [32m    LOG[39m [38;5;3m[RouterExplorer] [39m[32mMapped {/api/v1/estates/public, GET} route[39m[38;5;3m +0ms[39m
[32m[Nest] 39220  - [39m22/09/2026, 21:28:56 [32m    LOG[39m [38;5;3m[RouterExplorer] [39m[32mMapped {/api/v1/estates, GET} route[39m[38;5;3m +0ms[39m
[32m[Nest] 39220  - [39m22/09/2026, 21:28:56 [32m    LOG[39m [38;5;3m[RouterExplorer] [39m[32mMapped {/api/v1/estates/:id, GET} route[39m[38;5;3m +0ms[39m
[32m[Nest] 39220  - [39m22/09/2026, 21:28:56 [32m    LOG[39m [38;5;3m[RouterExplorer] [39m[32mMapped {/api/v1/estates, POST} route[39m[38;5;3m +0ms[39m
[32m[Nest] 39220  - [39m22/09/2026, 21:28:56 [32m    LOG[39m [38;5;3m[RouterExplorer] [39m[32mMapped {/api/v1/estates/:id, PATCH} route[39m[38;5;3m +0ms[39m
[32m[Nest] 39220  - [39m22/09/2026, 21:28:56 [32m    LOG[39m [38;5;3m[RouterExplorer] [39m[32mMapped {/api/v1/estates/:id/phases, POST} route[39m[38;5;3m +0ms[39m
[32m[Nest] 39220  - [39m22/09/2026, 21:28:56 [32m    LOG[39m [38;5;3m[RouterExplorer] [39m[32mMapped {/api/v1/estates/:id/blocks, POST} route[39m[38;5;3m +0ms[39m
[32m[Nest] 39220  - [39m22/09/2026, 21:28:56 [32m    LOG[39m [38;5;3m[RouterExplorer] [39m[32mMapped {/api/v1/estates/:id/infrastructure, POST} route[39m[38;5;3m +0ms[39m
[32m[Nest] 39220  - [39m22/09/2026, 21:28:56 [32m    LOG[39m [38;5;3m[RouterExplorer] [39m[32mMapped {/api/v1/estates/:id/site-plan, POST} route[39m[38;5;3m +0ms[39m
[32m[Nest] 39220  - [39m22/09/2026, 21:28:56 [32m    LOG[39m [38;5;3m[RouterExplorer] [39m[32mMapped {/api/v1/estates/:id/building-types, PATCH} route[39m[38;5;3m +0ms[39m
[32m[Nest] 39220  - [39m22/09/2026, 21:28:56 [32m    LOG[39m [38;5;3m[RouterExplorer] [39m[32mMapped {/api/v1/estates/:id/building-type-image/:typeId, POST} route[39m[38;5;3m +1ms[39m
[32m[Nest] 39220  - [39m22/09/2026, 21:28:56 [32m    LOG[39m [38;5;3m[RouterExplorer] [39m[32mMapped {/api/v1/estates/:id/building-type-image/:typeId/:filename, DELETE} route[39m[38;5;3m +0ms[39m
[32m[Nest] 39220  - [39m22/09/2026, 21:28:56 [32m    LOG[39m [38;5;3m[RouterExplorer] [39m[32mMapped {/api/v1/estates/:id/permanent, DELETE} route[39m[38;5;3m +0ms[39m
[32m[Nest] 39220  - [39m22/09/2026, 21:28:56 [32m    LOG[39m [38;5;3m[RoutesResolver] [39m[32mPropertyController {/api/v1/properties}:[39m[38;5;3m +0ms[39m
[32m[Nest] 39220  - [39m22/09/2026, 21:28:56 [32m    LOG[39m [38;5;3m[RouterExplorer] [39m[32mMapped {/api/v1/properties/public, GET} route[39m[38;5;3m +0ms[39m
[32m[Nest] 39220  - [39m22/09/2026, 21:28:56 [32m    LOG[39m [38;5;3m[RouterExplorer] [39m[32mMapped {/api/v1/properties/public/:id, GET} route[39m[38;5;3m +0ms[39m
[32m[Nest] 39220  - [39m22/09/2026, 21:28:56 [32m    LOG[39m [38;5;3m[RouterExplorer] [39m[32mMapped {/api/v1/properties/public/inquiry, POST} route[39m[38;5;3m +0ms[39m
[32m[Nest] 39220  - [39m22/09/2026, 21:28:56 [32m    LOG[39m [38;5;3m[RouterExplorer] [39m[32mMapped {/api/v1/properties, GET} route[39m[38;5;3m +0ms[39m
[32m[Nest] 39220  - [39m22/09/2026, 21:28:56 [32m    LOG[39m [38;5;3m[RouterExplorer] [39m[32mMapped {/api/v1/properties/admin/inquiries, GET} route[39m[38;5;3m +0ms[39m
[32m[Nest] 39220  - [39m22/09/2026, 21:28:56 [32m    LOG[39m [38;5;3m[RouterExplorer] [39m[32mMapped {/api/v1/properties/admin/inquiries/:id/status, PATCH} route[39m[38;5;3m +0ms[39m
[32m[Nest] 39220  - [39m22/09/2026, 21:28:56 [32m    LOG[39m [38;5;3m[RouterExplorer] [39m[32mMapped {/api/v1/properties/admin/inquiries/:id/notes, PATCH} route[39m[38;5;3m +0ms[39m
[32m[Nest] 39220  - [39m22/09/2026, 21:28:56 [32m    LOG[39m [38;5;3m[RouterExplorer] [39m[32mMapped {/api/v1/properties/admin/inquiries/:id/convert, POST} route[39m[38;5;3m +0ms[39m
[32m[Nest] 39220  - [39m22/09/2026, 21:28:56 [32m    LOG[39m [38;5;3m[RouterExplorer] [39m[32mMapped {/api/v1/properties/:id, GET} route[39m[38;5;3m +0ms[39m
[32m[Nest] 39220  - [39m22/09/2026, 21:28:56 [32m    LOG[39m [38;5;3m[RouterExplorer] [39m[32mMapped {/api/v1/properties, POST} route[39m[38;5;3m +0ms[39m
[32m[Nest] 39220  - [39m22/09/2026, 21:28:56 [32m    LOG[39m [38;5;3m[RouterExplorer] [39m[32mMapped {/api/v1/properties/:id, PATCH} route[39m[38;5;3m +1ms[39m
[32m[Nest] 39220  - [39m22/09/2026, 21:28:56 [32m    LOG[39m [38;5;3m[RouterExplorer] [39m[32mMapped {/api/v1/properties/:id/status, POST} route[39m[38;5;3m +0ms[39m
[32m[Nest] 39220  - [39m22/09/2026, 21:28:56 [32m    LOG[39m [38;5;3m[RouterExplorer] [39m[32mMapped {/api/v1/properties/:id, DELETE} route[39m[38;5;3m +0ms[39m
[32m[Nest] 39220  - [39m22/09/2026, 21:28:56 [32m    LOG[39m [38;5;3m[RouterExplorer] [39m[32mMapped {/api/v1/properties/:id/permanent, DELETE} route[39m[38;5;3m +0ms[39m
[32m[Nest] 39220  - [39m22/09/2026, 21:28:56 [32m    LOG[39m [38;5;3m[RouterExplorer] [39m[32mMapped {/api/v1/properties/:id/media, POST} route[39m[38;5;3m +0ms[39m
[32m[Nest] 39220  - [39m22/09/2026, 21:28:56 [32m    LOG[39m [38;5;3m[RouterExplorer] [39m[32mMapped {/api/v1/properties/:id/media/:mediaId, DELETE} route[39m[38;5;3m +0ms[39m
[32m[Nest] 39220  - [39m22/09/2026, 21:28:56 [32m    LOG[39m [38;5;3m[RouterExplorer] [39m[32mMapped {/api/v1/properties/:id/media/:mediaId/cover, PATCH} route[39m[38;5;3m +0ms[39m
[32m[Nest] 39220  - [39m22/09/2026, 21:28:56 [32m    LOG[39m [38;5;3m[RouterExplorer] [39m[32mMapped {/api/v1/properties/:id/favorite, POST} route[39m[38;5;3m +0ms[39m
[32m[Nest] 39220  - [39m22/09/2026, 21:28:56 [32m    LOG[39m [38;5;3m[RouterExplorer] [39m[32mMapped {/api/v1/properties/:id/favorite-status, GET} route[39m[38;5;3m +0ms[39m
[32m[Nest] 39220  - [39m22/09/2026, 21:28:56 [32m    LOG[39m [38;5;3m[RoutesResolver] [39m[32mCustomerController {/api/v1/customers}:[39m[38;5;3m +0ms[39m
[32m[Nest] 39220  - [39m22/09/2026, 21:28:56 [32m    LOG[39m [38;5;3m[RouterExplorer] [39m[32mMapped {/api/v1/customers, GET} route[39m[38;5;3m +0ms[39m
[32m[Nest] 39220  - [39m22/09/2026, 21:28:56 [32m    LOG[39m [38;5;3m[RouterExplorer] [39m[32mMapped {/api/v1/customers/:id, GET} route[39m[38;5;3m +0ms[39m
[32m[Nest] 39220  - [39m22/09/2026, 21:28:56 [32m    LOG[39m [38;5;3m[RouterExplorer] [39m[32mMapped {/api/v1/customers, POST} route[39m[38;5;3m +0ms[39m
[32m[Nest] 39220  - [39m22/09/2026, 21:28:56 [32m    LOG[39m [38;5;3m[RouterExplorer] [39m[32mMapped {/api/v1/customers/:id, PATCH} route[39m[38;5;3m +0ms[39m
[32m[Nest] 39220  - [39m22/09/2026, 21:28:56 [32m    LOG[39m [38;5;3m[RouterExplorer] [39m[32mMapped {/api/v1/customers/:id/deactivate, POST} route[39m[38;5;3m +1ms[39m
[32m[Nest] 39220  - [39m22/09/2026, 21:28:56 [32m    LOG[39m [38;5;3m[RouterExplorer] [39m[32mMapped {/api/v1/customers/:id/activate, POST} route[39m[38;5;3m +0ms[39m
[32m[Nest] 39220  - [39m22/09/2026, 21:28:56 [32m    LOG[39m [38;5;3m[RouterExplorer] [39m[32mMapped {/api/v1/customers/:id, DELETE} route[39m[38;5;3m +0ms[39m
[32m[Nest] 39220  - [39m22/09/2026, 21:28:56 [32m    LOG[39m [38;5;3m[RoutesResolver] [39m[32mReservationController {/api/v1/reservations}:[39m[38;5;3m +0ms[39m
[32m[Nest] 39220  - [39m22/09/2026, 21:28:56 [32m    LOG[39m [38;5;3m[RouterExplorer] [39m[32mMapped {/api/v1/reservations/public, POST} route[39m[38;5;3m +0ms[39m
[32m[Nest] 39220  - [39m22/09/2026, 21:28:56 [32m    LOG[39m [38;5;3m[RouterExplorer] [39m[32mMapped {/api/v1/reservations, GET} route[39m[38;5;3m +0ms[39m
[32m[Nest] 39220  - [39m22/09/2026, 21:28:56 [32m    LOG[39m [38;5;3m[RouterExplorer] [39m[32mMapped {/api/v1/reservations/mine, GET} route[39m[38;5;3m +0ms[39m
[32m[Nest] 39220  - [39m22/09/2026, 21:28:56 [32m    LOG[39m [38;5;3m[RouterExplorer] [39m[32mMapped {/api/v1/reservations/:id, GET} route[39m[38;5;3m +0ms[39m
[32m[Nest] 39220  - [39m22/09/2026, 21:28:56 [32m    LOG[39m [38;5;3m[RouterExplorer] [39m[32mMapped {/api/v1/reservations/:id/timeline, GET} route[39m[38;5;3m +0ms[39m
[32m[Nest] 39220  - [39m22/09/2026, 21:28:56 [32m    LOG[39m [38;5;3m[RouterExplorer] [39m[32mMapped {/api/v1/reservations/:id/status, PATCH} route[39m[38;5;3m +0ms[39m
[32m[Nest] 39220  - [39m22/09/2026, 21:28:56 [32m    LOG[39m [38;5;3m[RoutesResolver] [39m[32mSaleController {/api/v1/sales}:[39m[38;5;3m +0ms[39m
[32m[Nest] 39220  - [39m22/09/2026, 21:28:56 [32m    LOG[39m [38;5;3m[RouterExplorer] [39m[32mMapped {/api/v1/sales, GET} route[39m[38;5;3m +0ms[39m
[32m[Nest] 39220  - [39m22/09/2026, 21:28:56 [32m    LOG[39m [38;5;3m[RouterExplorer] [39m[32mMapped {/api/v1/sales/:id, GET} route[39m[38;5;3m +0ms[39m
[32m[Nest] 39220  - [39m22/09/2026, 21:28:56 [32m    LOG[39m [38;5;3m[RouterExplorer] [39m[32mMapped {/api/v1/sales, POST} route[39m[38;5;3m +0ms[39m
[32m[Nest] 39220  - [39m22/09/2026, 21:28:56 [32m    LOG[39m [38;5;3m[RouterExplorer] [39m[32mMapped {/api/v1/sales/:id/status, PATCH} route[39m[38;5;3m +0ms[39m
[32m[Nest] 39220  - [39m22/09/2026, 21:28:56 [32m    LOG[39m [38;5;3m[RoutesResolver] [39m[32mPaymentController {/api/v1/payments}:[39m[38;5;3m +1ms[39m
[32m[Nest] 39220  - [39m22/09/2026, 21:28:56 [32m    LOG[39m [38;5;3m[RouterExplorer] [39m[32mMapped {/api/v1/payments, POST} route[39m[38;5;3m +0ms[39m
[32m[Nest] 39220  - [39m22/09/2026, 21:28:56 [32m    LOG[39m [38;5;3m[RouterExplorer] [39m[32mMapped {/api/v1/payments, GET} route[39m[38;5;3m +0ms[39m
[32m[Nest] 39220  - [39m22/09/2026, 21:28:56 [32m    LOG[39m [38;5;3m[RouterExplorer] [39m[32mMapped {/api/v1/payments/:id, GET} route[39m[38;5;3m +0ms[39m
[32m[Nest] 39220  - [39m22/09/2026, 21:28:56 [32m    LOG[39m [38;5;3m[RouterExplorer] [39m[32mMapped {/api/v1/payments/:id/verify, PATCH} route[39m[38;5;3m +0ms[39m
[32m[Nest] 39220  - [39m22/09/2026, 21:28:56 [32m    LOG[39m [38;5;3m[RouterExplorer] [39m[32mMapped {/api/v1/payments/:id/reject, PATCH} route[39m[38;5;3m +0ms[39m
[32m[Nest] 39220  - [39m22/09/2026, 21:28:56 [32m    LOG[39m [38;5;3m[RoutesResolver] [39m[32mInspectionController {/api/v1/inspections}:[39m[38;5;3m +0ms[39m
[32m[Nest] 39220  - [39m22/09/2026, 21:28:56 [32m    LOG[39m [38;5;3m[RouterExplorer] [39m[32mMapped {/api/v1/inspections, POST} route[39m[38;5;3m +0ms[39m
[32m[Nest] 39220  - [39m22/09/2026, 21:28:56 [32m    LOG[39m [38;5;3m[RouterExplorer] [39m[32mMapped {/api/v1/inspections, GET} route[39m[38;5;3m +0ms[39m
[32m[Nest] 39220  - [39m22/09/2026, 21:28:56 [32m    LOG[39m [38;5;3m[RouterExplorer] [39m[32mMapped {/api/v1/inspections/:id, GET} route[39m[38;5;3m +0ms[39m
[32m[Nest] 39220  - [39m22/09/2026, 21:28:56 [32m    LOG[39m [38;5;3m[RouterExplorer] [39m[32mMapped {/api/v1/inspections/:id/start, PATCH} route[39m[38;5;3m +0ms[39m
[32m[Nest] 39220  - [39m22/09/2026, 21:28:56 [32m    LOG[39m [38;5;3m[RouterExplorer] [39m[32mMapped {/api/v1/inspections/:id/complete, PATCH} route[39m[38;5;3m +0ms[39m
[32m[Nest] 39220  - [39m22/09/2026, 21:28:56 [32m    LOG[39m [38;5;3m[RouterExplorer] [39m[32mMapped {/api/v1/inspections/:id/cancel, PATCH} route[39m[38;5;3m +0ms[39m
[32m[Nest] 39220  - [39m22/09/2026, 21:28:56 [32m    LOG[39m [38;5;3m[RouterExplorer] [39m[32mMapped {/api/v1/inspections/:id/fail, PATCH} route[39m[38;5;3m +0ms[39m
[32m[Nest] 39220  - [39m22/09/2026, 21:28:56 [32m    LOG[39m [38;5;3m[RoutesResolver] [39m[32mDocumentController {/api/v1/documents}:[39m[38;5;3m +0ms[39m
[32m[Nest] 39220  - [39m22/09/2026, 21:28:56 [32m    LOG[39m [38;5;3m[RouterExplorer] [39m[32mMapped {/api/v1/documents/upload, POST} route[39m[38;5;3m +1ms[39m
[32m[Nest] 39220  - [39m22/09/2026, 21:28:56 [32m    LOG[39m [38;5;3m[RouterExplorer] [39m[32mMapped {/api/v1/documents, GET} route[39m[38;5;3m +0ms[39m
[32m[Nest] 39220  - [39m22/09/2026, 21:28:56 [32m    LOG[39m [38;5;3m[RouterExplorer] [39m[32mMapped {/api/v1/documents/:id, GET} route[39m[38;5;3m +0ms[39m
[32m[Nest] 39220  - [39m22/09/2026, 21:28:56 [32m    LOG[39m [38;5;3m[RouterExplorer] [39m[32mMapped {/api/v1/documents/:id/download, GET} route[39m[38;5;3m +0ms[39m
[32m[Nest] 39220  - [39m22/09/2026, 21:28:56 [32m    LOG[39m [38;5;3m[RouterExplorer] [39m[32mMapped {/api/v1/documents/:id/status, PATCH} route[39m[38;5;3m +0ms[39m
[32m[Nest] 39220  - [39m22/09/2026, 21:28:56 [32m    LOG[39m [38;5;3m[RouterExplorer] [39m[32mMapped {/api/v1/documents/:id, DELETE} route[39m[38;5;3m +0ms[39m
[32m[Nest] 39220  - [39m22/09/2026, 21:28:56 [32m    LOG[39m [38;5;3m[RoutesResolver] [39m[32mEmployeeController {/api/v1/employees}:[39m[38;5;3m +0ms[39m
[32m[Nest] 39220  - [39m22/09/2026, 21:28:56 [32m    LOG[39m [38;5;3m[RouterExplorer] [39m[32mMapped {/api/v1/employees, GET} route[39m[38;5;3m +0ms[39m
[32m[Nest] 39220  - [39m22/09/2026, 21:28:56 [32m    LOG[39m [38;5;3m[RouterExplorer] [39m[32mMapped {/api/v1/employees/departments, GET} route[39m[38;5;3m +0ms[39m
[32m[Nest] 39220  - [39m22/09/2026, 21:28:56 [32m    LOG[39m [38;5;3m[RouterExplorer] [39m[32mMapped {/api/v1/employees/roles, GET} route[39m[38;5;3m +0ms[39m
[32m[Nest] 39220  - [39m22/09/2026, 21:28:56 [32m    LOG[39m [38;5;3m[RouterExplorer] [39m[32mMapped {/api/v1/employees/:id, GET} route[39m[38;5;3m +0ms[39m
[32m[Nest] 39220  - [39m22/09/2026, 21:28:56 [32m    LOG[39m [38;5;3m[RouterExplorer] [39m[32mMapped {/api/v1/employees, POST} route[39m[38;5;3m +0ms[39m
[32m[Nest] 39220  - [39m22/09/2026, 21:28:56 [32m    LOG[39m [38;5;3m[RouterExplorer] [39m[32mMapped {/api/v1/employees/:id, PATCH} route[39m[38;5;3m +0ms[39m
[32m[Nest] 39220  - [39m22/09/2026, 21:28:56 [32m    LOG[39m [38;5;3m[RouterExplorer] [39m[32mMapped {/api/v1/employees/:id, DELETE} route[39m[38;5;3m +0ms[39m
[32m[Nest] 39220  - [39m22/09/2026, 21:28:56 [32m    LOG[39m [38;5;3m[RouterExplorer] [39m[32mMapped {/api/v1/employees/:id/roles, POST} route[39m[38;5;3m +0ms[39m
[32m[Nest] 39220  - [39m22/09/2026, 21:28:56 [32m    LOG[39m [38;5;3m[RouterExplorer] [39m[32mMapped {/api/v1/employees/:id/roles/remove, POST} route[39m[38;5;3m +0ms[39m
[32m[Nest] 39220  - [39m22/09/2026, 21:28:56 [32m    LOG[39m [38;5;3m[RoutesResolver] [39m[32mVendorController {/api/v1/vendors}:[39m[38;5;3m +0ms[39m
[32m[Nest] 39220  - [39m22/09/2026, 21:28:56 [32m    LOG[39m [38;5;3m[RoutesResolver] [39m[32mAppointmentController {/api/v1/appointments}:[39m[38;5;3m +0ms[39m
[32m[Nest] 39220  - [39m22/09/2026, 21:28:56 [32m    LOG[39m [38;5;3m[RoutesResolver] [39m[32mNotificationController {/api/v1/notifications}:[39m[38;5;3m +0ms[39m
[32m[Nest] 39220  - [39m22/09/2026, 21:28:56 [32m    LOG[39m [38;5;3m[RoutesResolver] [39m[32mAiController {/api/v1/ai}:[39m[38;5;3m +0ms[39m
[32m[Nest] 39220  - [39m22/09/2026, 21:28:56 [32m    LOG[39m [38;5;3m[RoutesResolver] [39m[32mDashboardController {/api/v1/dashboard}:[39m[38;5;3m +0ms[39m
[32m[Nest] 39220  - [39m22/09/2026, 21:28:56 [32m    LOG[39m [38;5;3m[RouterExplorer] [39m[32mMapped {/api/v1/dashboard/stats, GET} route[39m[38;5;3m +1ms[39m
[32m[Nest] 39220  - [39m22/09/2026, 21:28:56 [32m    LOG[39m [38;5;3m[RoutesResolver] [39m[32mPosterController {/api/v1/posters}:[39m[38;5;3m +0ms[39m
[32m[Nest] 39220  - [39m22/09/2026, 21:28:56 [32m    LOG[39m [38;5;3m[RouterExplorer] [39m[32mMapped {/api/v1/posters/public, GET} route[39m[38;5;3m +0ms[39m
[32m[Nest] 39220  - [39m22/09/2026, 21:28:56 [32m    LOG[39m [38;5;3m[RouterExplorer] [39m[32mMapped {/api/v1/posters, GET} route[39m[38;5;3m +0ms[39m
[32m[Nest] 39220  - [39m22/09/2026, 21:28:56 [32m    LOG[39m [38;5;3m[RouterExplorer] [39m[32mMapped {/api/v1/posters, POST} route[39m[38;5;3m +0ms[39m
[32m[Nest] 39220  - [39m22/09/2026, 21:28:56 [32m    LOG[39m [38;5;3m[RouterExplorer] [39m[32mMapped {/api/v1/posters/:id, PATCH} route[39m[38;5;3m +0ms[39m
[32m[Nest] 39220  - [39m22/09/2026, 21:28:56 [32m    LOG[39m [38;5;3m[RouterExplorer] [39m[32mMapped {/api/v1/posters/:id/toggle, PATCH} route[39m[38;5;3m +0ms[39m
[32m[Nest] 39220  - [39m22/09/2026, 21:28:56 [32m    LOG[39m [38;5;3m[RouterExplorer] [39m[32mMapped {/api/v1/posters/:id, DELETE} route[39m[38;5;3m +0ms[39m
[32m[Nest] 39220  - [39m22/09/2026, 21:28:57 [32m    LOG[39m [38;5;3m[PrismaService] [39m[32mDatabase connected[39m
[32m[Nest] 39220  - [39m22/09/2026, 21:28:57 [32m    LOG[39m [38;5;3m[NestApplication] [39m[32mNest application successfully started[39m[38;5;3m +2ms[39m
🚀 NHGP API running at http://localhost:4000/api/v1
[2J[3J[H[[90m21:28:59[0m] File change detected. Starting incremental compilation...

[[90m21:29:03[0m] Found 0 errors. Watching for file changes.

[32m[Nest] 26656  - [39m22/09/2026, 21:29:04 [32m    LOG[39m [38;5;3m[NestFactory] [39m[32mStarting Nest application...[39m
[32m[Nest] 26656  - [39m22/09/2026, 21:29:04 [32m    LOG[39m [38;5;3m[InstanceLoader] [39m[32mPrismaModule dependencies initialized[39m[38;5;3m +26ms[39m
[32m[Nest] 26656  - [39m22/09/2026, 21:29:04 [32m    LOG[39m [38;5;3m[InstanceLoader] [39m[32mPassportModule dependencies initialized[39m[38;5;3m +0ms[39m
[32m[Nest] 26656  - [39m22/09/2026, 21:29:04 [32m    LOG[39m [38;5;3m[InstanceLoader] [39m[32mConfigHostModule dependencies initialized[39m[38;5;3m +6ms[39m
[32m[Nest] 26656  - [39m22/09/2026, 21:29:04 [32m    LOG[39m [38;5;3m[InstanceLoader] [39m[32mThrottlerModule dependencies initialized[39m[38;5;3m +0ms[39m
[33m[Nest] 26656  - [39m22/09/2026, 21:29:04 [33m   WARN[39m [38;5;3m[EmailService] [39m[33mSMTP not configured — emails will be logged to console. Set SMTP_HOST, SMTP_USER, SMTP_PASS in .env to enable sending.[39m
[32m[Nest] 26656  - [39m22/09/2026, 21:29:04 [32m    LOG[39m [38;5;3m[InstanceLoader] [39m[32mConfigModule dependencies initialized[39m[38;5;3m +0ms[39m
[32m[Nest] 26656  - [39m22/09/2026, 21:29:04 [32m    LOG[39m [38;5;3m[InstanceLoader] [39m[32mConfigModule dependencies initialized[39m[38;5;3m +0ms[39m
[32m[Nest] 26656  - [39m22/09/2026, 21:29:04 [32m    LOG[39m [38;5;3m[InstanceLoader] [39m[32mNotificationModule dependencies initialized[39m[38;5;3m +1ms[39m
[32m[Nest] 26656  - [39m22/09/2026, 21:29:04 [32m    LOG[39m [38;5;3m[InstanceLoader] [39m[32mAiModule dependencies initialized[39m[38;5;3m +0ms[39m
[32m[Nest] 26656  - [39m22/09/2026, 21:29:04 [32m    LOG[39m [38;5;3m[InstanceLoader] [39m[32mEmailModule dependencies initialized[39m[38;5;3m +0ms[39m
[32m[Nest] 26656  - [39m22/09/2026, 21:29:04 [32m    LOG[39m [38;5;3m[InstanceLoader] [39m[32mStorageModule dependencies initialized[39m[38;5;3m +1ms[39m
[32m[Nest] 26656  - [39m22/09/2026, 21:29:04 [32m    LOG[39m [38;5;3m[InstanceLoader] [39m[32mJwtModule dependencies initialized[39m[38;5;3m +0ms[39m
[32m[Nest] 26656  - [39m22/09/2026, 21:29:04 [32m    LOG[39m [38;5;3m[InstanceLoader] [39m[32mVendorModule dependencies initialized[39m[38;5;3m +1ms[39m
[32m[Nest] 26656  - [39m22/09/2026, 21:29:04 [32m    LOG[39m [38;5;3m[InstanceLoader] [39m[32mAppointmentModule dependencies initialized[39m[38;5;3m +0ms[39m
[32m[Nest] 26656  - [39m22/09/2026, 21:29:04 [32m    LOG[39m [38;5;3m[InstanceLoader] [39m[32mEmployeeModule dependencies initialized[39m[38;5;3m +1ms[39m
[32m[Nest] 26656  - [39m22/09/2026, 21:29:04 [32m    LOG[39m [38;5;3m[InstanceLoader] [39m[32mDashboardModule dependencies initialized[39m[38;5;3m +0ms[39m
[32m[Nest] 26656  - [39m22/09/2026, 21:29:04 [32m    LOG[39m [38;5;3m[InstanceLoader] [39m[32mAuditModule dependencies initialized[39m[38;5;3m +0ms[39m
[32m[Nest] 26656  - [39m22/09/2026, 21:29:04 [32m    LOG[39m [38;5;3m[InstanceLoader] [39m[32mAppModule dependencies initialized[39m[38;5;3m +0ms[39m
[32m[Nest] 26656  - [39m22/09/2026, 21:29:04 [32m    LOG[39m [38;5;3m[InstanceLoader] [39m[32mCustomerModule dependencies initialized[39m[38;5;3m +0ms[39m
[32m[Nest] 26656  - [39m22/09/2026, 21:29:04 [32m    LOG[39m [38;5;3m[InstanceLoader] [39m[32mSaleModule dependencies initialized[39m[38;5;3m +0ms[39m
[32m[Nest] 26656  - [39m22/09/2026, 21:29:04 [32m    LOG[39m [38;5;3m[InstanceLoader] [39m[32mPaymentModule dependencies initialized[39m[38;5;3m +0ms[39m
[32m[Nest] 26656  - [39m22/09/2026, 21:29:04 [32m    LOG[39m [38;5;3m[InstanceLoader] [39m[32mInspectionModule dependencies initialized[39m[38;5;3m +0ms[39m
[32m[Nest] 26656  - [39m22/09/2026, 21:29:04 [32m    LOG[39m [38;5;3m[InstanceLoader] [39m[32mCompanyModule dependencies initialized[39m[38;5;3m +0ms[39m
[32m[Nest] 26656  - [39m22/09/2026, 21:29:04 [32m    LOG[39m [38;5;3m[InstanceLoader] [39m[32mReservationModule dependencies initialized[39m[38;5;3m +0ms[39m
[32m[Nest] 26656  - [39m22/09/2026, 21:29:04 [32m    LOG[39m [38;5;3m[InstanceLoader] [39m[32mDocumentModule dependencies initialized[39m[38;5;3m +0ms[39m
[32m[Nest] 26656  - [39m22/09/2026, 21:29:04 [32m    LOG[39m [38;5;3m[InstanceLoader] [39m[32mEstateModule dependencies initialized[39m[38;5;3m +0ms[39m
[32m[Nest] 26656  - [39m22/09/2026, 21:29:04 [32m    LOG[39m [38;5;3m[InstanceLoader] [39m[32mPropertyModule dependencies initialized[39m[38;5;3m +0ms[39m
[32m[Nest] 26656  - [39m22/09/2026, 21:29:04 [32m    LOG[39m [38;5;3m[InstanceLoader] [39m[32mPosterModule dependencies initialized[39m[38;5;3m +0ms[39m
[32m[Nest] 26656  - [39m22/09/2026, 21:29:04 [32m    LOG[39m [38;5;3m[InstanceLoader] [39m[32mAuthModule dependencies initialized[39m[38;5;3m +1ms[39m
[32m[Nest] 26656  - [39m22/09/2026, 21:29:05 [32m    LOG[39m [38;5;3m[RoutesResolver] [39m[32mHealthController {/api/v1/health}:[39m[38;5;3m +441ms[39m
[32m[Nest] 26656  - [39m22/09/2026, 21:29:05 [32m    LOG[39m [38;5;3m[RouterExplorer] [39m[32mMapped {/api/v1/health, GET} route[39m[38;5;3m +2ms[39m
[32m[Nest] 26656  - [39m22/09/2026, 21:29:05 [32m    LOG[39m [38;5;3m[RoutesResolver] [39m[32mAuditController {/api/v1/audit-logs}:[39m[38;5;3m +0ms[39m
[32m[Nest] 26656  - [39m22/09/2026, 21:29:05 [32m    LOG[39m [38;5;3m[RouterExplorer] [39m[32mMapped {/api/v1/audit-logs, GET} route[39m[38;5;3m +1ms[39m
[32m[Nest] 26656  - [39m22/09/2026, 21:29:05 [32m    LOG[39m [38;5;3m[RoutesResolver] [39m[32mAuthController {/api/v1/auth}:[39m[38;5;3m +0ms[39m
[32m[Nest] 26656  - [39m22/09/2026, 21:29:05 [32m    LOG[39m [38;5;3m[RouterExplorer] [39m[32mMapped {/api/v1/auth/login, POST} route[39m[38;5;3m +0ms[39m
[32m[Nest] 26656  - [39m22/09/2026, 21:29:05 [32m    LOG[39m [38;5;3m[RouterExplorer] [39m[32mMapped {/api/v1/auth/refresh, POST} route[39m[38;5;3m +0ms[39m
[32m[Nest] 26656  - [39m22/09/2026, 21:29:05 [32m    LOG[39m [38;5;3m[RouterExplorer] [39m[32mMapped {/api/v1/auth/logout, POST} route[39m[38;5;3m +0ms[39m
[32m[Nest] 26656  - [39m22/09/2026, 21:29:05 [32m    LOG[39m [38;5;3m[RouterExplorer] [39m[32mMapped {/api/v1/auth/change-password, POST} route[39m[38;5;3m +1ms[39m
[32m[Nest] 26656  - [39m22/09/2026, 21:29:05 [32m    LOG[39m [38;5;3m[RouterExplorer] [39m[32mMapped {/api/v1/auth/me, POST} route[39m[38;5;3m +0ms[39m
[32m[Nest] 26656  - [39m22/09/2026, 21:29:05 [32m    LOG[39m [38;5;3m[RouterExplorer] [39m[32mMapped {/api/v1/auth/super/login, POST} route[39m[38;5;3m +0ms[39m
[32m[Nest] 26656  - [39m22/09/2026, 21:29:05 [32m    LOG[39m [38;5;3m[RouterExplorer] [39m[32mMapped {/api/v1/auth/customer/register, POST} route[39m[38;5;3m +0ms[39m
[32m[Nest] 26656  - [39m22/09/2026, 21:29:05 [32m    LOG[39m [38;5;3m[RouterExplorer] [39m[32mMapped {/api/v1/auth/customer/login, POST} route[39m[38;5;3m +2ms[39m
[32m[Nest] 26656  - [39m22/09/2026, 21:29:05 [32m    LOG[39m [38;5;3m[RouterExplorer] [39m[32mMapped {/api/v1/auth/customer/me, GET} route[39m[38;5;3m +0ms[39m
[32m[Nest] 26656  - [39m22/09/2026, 21:29:05 [32m    LOG[39m [38;5;3m[RouterExplorer] [39m[32mMapped {/api/v1/auth/customer/profile, PATCH} route[39m[38;5;3m +0ms[39m
[32m[Nest] 26656  - [39m22/09/2026, 21:29:05 [32m    LOG[39m [38;5;3m[RoutesResolver] [39m[32mCompanyController {/api/v1/companies}:[39m[38;5;3m +0ms[39m
[32m[Nest] 26656  - [39m22/09/2026, 21:29:05 [32m    LOG[39m [38;5;3m[RouterExplorer] [39m[32mMapped {/api/v1/companies, POST} route[39m[38;5;3m +0ms[39m
[32m[Nest] 26656  - [39m22/09/2026, 21:29:05 [32m    LOG[39m [38;5;3m[RouterExplorer] [39m[32mMapped {/api/v1/companies, GET} route[39m[38;5;3m +0ms[39m
[32m[Nest] 26656  - [39m22/09/2026, 21:29:05 [32m    LOG[39m [38;5;3m[RouterExplorer] [39m[32mMapped {/api/v1/companies/departments, GET} route[39m[38;5;3m +0ms[39m
[32m[Nest] 26656  - [39m22/09/2026, 21:29:05 [32m    LOG[39m [38;5;3m[RouterExplorer] [39m[32mMapped {/api/v1/companies/:id, GET} route[39m[38;5;3m +1ms[39m
[32m[Nest] 26656  - [39m22/09/2026, 21:29:05 [32m    LOG[39m [38;5;3m[RouterExplorer] [39m[32mMapped {/api/v1/companies/:id, PATCH} route[39m[38;5;3m +0ms[39m
[32m[Nest] 26656  - [39m22/09/2026, 21:29:05 [32m    LOG[39m [38;5;3m[RouterExplorer] [39m[32mMapped {/api/v1/companies/:id/branches, POST} route[39m[38;5;3m +0ms[39m
[32m[Nest] 26656  - [39m22/09/2026, 21:29:05 [32m    LOG[39m [38;5;3m[RouterExplorer] [39m[32mMapped {/api/v1/companies/branches/:branchId, PATCH} route[39m[38;5;3m +0ms[39m
[32m[Nest] 26656  - [39m22/09/2026, 21:29:05 [32m    LOG[39m [38;5;3m[RouterExplorer] [39m[32mMapped {/api/v1/companies/branches/:branchId, DELETE} route[39m[38;5;3m +0ms[39m
[32m[Nest] 26656  - [39m22/09/2026, 21:29:05 [32m    LOG[39m [38;5;3m[RouterExplorer] [39m[32mMapped {/api/v1/companies/departments, POST} route[39m[38;5;3m +0ms[39m
[32m[Nest] 26656  - [39m22/09/2026, 21:29:05 [32m    LOG[39m [38;5;3m[RouterExplorer] [39m[32mMapped {/api/v1/companies/departments/:id, PATCH} route[39m[38;5;3m +0ms[39m
[32m[Nest] 26656  - [39m22/09/2026, 21:29:05 [32m    LOG[39m [38;5;3m[RouterExplorer] [39m[32mMapped {/api/v1/companies/departments/:id, DELETE} route[39m[38;5;3m +0ms[39m
[32m[Nest] 26656  - [39m22/09/2026, 21:29:05 [32m    LOG[39m [38;5;3m[RoutesResolver] [39m[32mEstateController {/api/v1/estates}:[39m[38;5;3m +0ms[39m
[32m[Nest] 26656  - [39m22/09/2026, 21:29:05 [32m    LOG[39m [38;5;3m[RouterExplorer] [39m[32mMapped {/api/v1/estates/public, GET} route[39m[38;5;3m +1ms[39m
[32m[Nest] 26656  - [39m22/09/2026, 21:29:05 [32m    LOG[39m [38;5;3m[RouterExplorer] [39m[32mMapped {/api/v1/estates, GET} route[39m[38;5;3m +0ms[39m
[32m[Nest] 26656  - [39m22/09/2026, 21:29:05 [32m    LOG[39m [38;5;3m[RouterExplorer] [39m[32mMapped {/api/v1/estates/:id, GET} route[39m[38;5;3m +0ms[39m
[32m[Nest] 26656  - [39m22/09/2026, 21:29:05 [32m    LOG[39m [38;5;3m[RouterExplorer] [39m[32mMapped {/api/v1/estates, POST} route[39m[38;5;3m +0ms[39m
[32m[Nest] 26656  - [39m22/09/2026, 21:29:05 [32m    LOG[39m [38;5;3m[RouterExplorer] [39m[32mMapped {/api/v1/estates/:id, PATCH} route[39m[38;5;3m +0ms[39m
[32m[Nest] 26656  - [39m22/09/2026, 21:29:05 [32m    LOG[39m [38;5;3m[RouterExplorer] [39m[32mMapped {/api/v1/estates/:id/phases, POST} route[39m[38;5;3m +0ms[39m
[32m[Nest] 26656  - [39m22/09/2026, 21:29:05 [32m    LOG[39m [38;5;3m[RouterExplorer] [39m[32mMapped {/api/v1/estates/:id/blocks, POST} route[39m[38;5;3m +0ms[39m
[32m[Nest] 26656  - [39m22/09/2026, 21:29:05 [32m    LOG[39m [38;5;3m[RouterExplorer] [39m[32mMapped {/api/v1/estates/:id/infrastructure, POST} route[39m[38;5;3m +0ms[39m
[32m[Nest] 26656  - [39m22/09/2026, 21:29:05 [32m    LOG[39m [38;5;3m[RouterExplorer] [39m[32mMapped {/api/v1/estates/:id/site-plan, POST} route[39m[38;5;3m +0ms[39m
[32m[Nest] 26656  - [39m22/09/2026, 21:29:05 [32m    LOG[39m [38;5;3m[RouterExplorer] [39m[32mMapped {/api/v1/estates/:id/building-types, PATCH} route[39m[38;5;3m +0ms[39m
[32m[Nest] 26656  - [39m22/09/2026, 21:29:05 [32m    LOG[39m [38;5;3m[RouterExplorer] [39m[32mMapped {/api/v1/estates/:id/building-type-image/:typeId, POST} route[39m[38;5;3m +0ms[39m
[32m[Nest] 26656  - [39m22/09/2026, 21:29:05 [32m    LOG[39m [38;5;3m[RouterExplorer] [39m[32mMapped {/api/v1/estates/:id/building-type-image/:typeId/:filename, DELETE} route[39m[38;5;3m +0ms[39m
[32m[Nest] 26656  - [39m22/09/2026, 21:29:05 [32m    LOG[39m [38;5;3m[RouterExplorer] [39m[32mMapped {/api/v1/estates/:id/permanent, DELETE} route[39m[38;5;3m +1ms[39m
[32m[Nest] 26656  - [39m22/09/2026, 21:29:05 [32m    LOG[39m [38;5;3m[RoutesResolver] [39m[32mPropertyController {/api/v1/properties}:[39m[38;5;3m +0ms[39m
[32m[Nest] 26656  - [39m22/09/2026, 21:29:05 [32m    LOG[39m [38;5;3m[RouterExplorer] [39m[32mMapped {/api/v1/properties/public, GET} route[39m[38;5;3m +0ms[39m
[32m[Nest] 26656  - [39m22/09/2026, 21:29:05 [32m    LOG[39m [38;5;3m[RouterExplorer] [39m[32mMapped {/api/v1/properties/public/:id, GET} route[39m[38;5;3m +0ms[39m
[32m[Nest] 26656  - [39m22/09/2026, 21:29:05 [32m    LOG[39m [38;5;3m[RouterExplorer] [39m[32mMapped {/api/v1/properties/public/inquiry, POST} route[39m[38;5;3m +0ms[39m
[32m[Nest] 26656  - [39m22/09/2026, 21:29:05 [32m    LOG[39m [38;5;3m[RouterExplorer] [39m[32mMapped {/api/v1/properties, GET} route[39m[38;5;3m +0ms[39m
[32m[Nest] 26656  - [39m22/09/2026, 21:29:05 [32m    LOG[39m [38;5;3m[RouterExplorer] [39m[32mMapped {/api/v1/properties/admin/inquiries, GET} route[39m[38;5;3m +0ms[39m
[32m[Nest] 26656  - [39m22/09/2026, 21:29:05 [32m    LOG[39m [38;5;3m[RouterExplorer] [39m[32mMapped {/api/v1/properties/admin/inquiries/:id/status, PATCH} route[39m[38;5;3m +0ms[39m
[32m[Nest] 26656  - [39m22/09/2026, 21:29:05 [32m    LOG[39m [38;5;3m[RouterExplorer] [39m[32mMapped {/api/v1/properties/admin/inquiries/:id/notes, PATCH} route[39m[38;5;3m +0ms[39m
[32m[Nest] 26656  - [39m22/09/2026, 21:29:05 [32m    LOG[39m [38;5;3m[RouterExplorer] [39m[32mMapped {/api/v1/properties/admin/inquiries/:id/convert, POST} route[39m[38;5;3m +0ms[39m
[32m[Nest] 26656  - [39m22/09/2026, 21:29:05 [32m    LOG[39m [38;5;3m[RouterExplorer] [39m[32mMapped {/api/v1/properties/:id, GET} route[39m[38;5;3m +0ms[39m
[32m[Nest] 26656  - [39m22/09/2026, 21:29:05 [32m    LOG[39m [38;5;3m[RouterExplorer] [39m[32mMapped {/api/v1/properties, POST} route[39m[38;5;3m +0ms[39m
[32m[Nest] 26656  - [39m22/09/2026, 21:29:05 [32m    LOG[39m [38;5;3m[RouterExplorer] [39m[32mMapped {/api/v1/properties/:id, PATCH} route[39m[38;5;3m +0ms[39m
[32m[Nest] 26656  - [39m22/09/2026, 21:29:05 [32m    LOG[39m [38;5;3m[RouterExplorer] [39m[32mMapped {/api/v1/properties/:id/status, POST} route[39m[38;5;3m +1ms[39m
[32m[Nest] 26656  - [39m22/09/2026, 21:29:05 [32m    LOG[39m [38;5;3m[RouterExplorer] [39m[32mMapped {/api/v1/properties/:id, DELETE} route[39m[38;5;3m +0ms[39m
[32m[Nest] 26656  - [39m22/09/2026, 21:29:05 [32m    LOG[39m [38;5;3m[RouterExplorer] [39m[32mMapped {/api/v1/properties/:id/permanent, DELETE} route[39m[38;5;3m +0ms[39m
[32m[Nest] 26656  - [39m22/09/2026, 21:29:05 [32m    LOG[39m [38;5;3m[RouterExplorer] [39m[32mMapped {/api/v1/properties/:id/media, POST} route[39m[38;5;3m +0ms[39m
[32m[Nest] 26656  - [39m22/09/2026, 21:29:05 [32m    LOG[39m [38;5;3m[RouterExplorer] [39m[32mMapped {/api/v1/properties/:id/media/:mediaId, DELETE} route[39m[38;5;3m +0ms[39m
[32m[Nest] 26656  - [39m22/09/2026, 21:29:05 [32m    LOG[39m [38;5;3m[RouterExplorer] [39m[32mMapped {/api/v1/properties/:id/media/:mediaId/cover, PATCH} route[39m[38;5;3m +0ms[39m
[32m[Nest] 26656  - [39m22/09/2026, 21:29:05 [32m    LOG[39m [38;5;3m[RouterExplorer] [39m[32mMapped {/api/v1/properties/:id/favorite, POST} route[39m[38;5;3m +0ms[39m
[32m[Nest] 26656  - [39m22/09/2026, 21:29:05 [32m    LOG[39m [38;5;3m[RouterExplorer] [39m[32mMapped {/api/v1/properties/:id/favorite-status, GET} route[39m[38;5;3m +0ms[39m
[32m[Nest] 26656  - [39m22/09/2026, 21:29:05 [32m    LOG[39m [38;5;3m[RoutesResolver] [39m[32mCustomerController {/api/v1/customers}:[39m[38;5;3m +0ms[39m
[32m[Nest] 26656  - [39m22/09/2026, 21:29:05 [32m    LOG[39m [38;5;3m[RouterExplorer] [39m[32mMapped {/api/v1/customers, GET} route[39m[38;5;3m +0ms[39m
[32m[Nest] 26656  - [39m22/09/2026, 21:29:05 [32m    LOG[39m [38;5;3m[RouterExplorer] [39m[32mMapped {/api/v1/customers/:id, GET} route[39m[38;5;3m +0ms[39m
[32m[Nest] 26656  - [39m22/09/2026, 21:29:05 [32m    LOG[39m [38;5;3m[RouterExplorer] [39m[32mMapped {/api/v1/customers, POST} route[39m[38;5;3m +0ms[39m
[32m[Nest] 26656  - [39m22/09/2026, 21:29:05 [32m    LOG[39m [38;5;3m[RouterExplorer] [39m[32mMapped {/api/v1/customers/:id, PATCH} route[39m[38;5;3m +0ms[39m
[32m[Nest] 26656  - [39m22/09/2026, 21:29:05 [32m    LOG[39m [38;5;3m[RouterExplorer] [39m[32mMapped {/api/v1/customers/:id/deactivate, POST} route[39m[38;5;3m +1ms[39m
[32m[Nest] 26656  - [39m22/09/2026, 21:29:05 [32m    LOG[39m [38;5;3m[RouterExplorer] [39m[32mMapped {/api/v1/customers/:id/activate, POST} route[39m[38;5;3m +0ms[39m
[32m[Nest] 26656  - [39m22/09/2026, 21:29:05 [32m    LOG[39m [38;5;3m[RouterExplorer] [39m[32mMapped {/api/v1/customers/:id, DELETE} route[39m[38;5;3m +0ms[39m
[32m[Nest] 26656  - [39m22/09/2026, 21:29:05 [32m    LOG[39m [38;5;3m[RoutesResolver] [39m[32mReservationController {/api/v1/reservations}:[39m[38;5;3m +0ms[39m
[32m[Nest] 26656  - [39m22/09/2026, 21:29:05 [32m    LOG[39m [38;5;3m[RouterExplorer] [39m[32mMapped {/api/v1/reservations/public, POST} route[39m[38;5;3m +0ms[39m
[32m[Nest] 26656  - [39m22/09/2026, 21:29:05 [32m    LOG[39m [38;5;3m[RouterExplorer] [39m[32mMapped {/api/v1/reservations, GET} route[39m[38;5;3m +0ms[39m
[32m[Nest] 26656  - [39m22/09/2026, 21:29:05 [32m    LOG[39m [38;5;3m[RouterExplorer] [39m[32mMapped {/api/v1/reservations/mine, GET} route[39m[38;5;3m +0ms[39m
[32m[Nest] 26656  - [39m22/09/2026, 21:29:05 [32m    LOG[39m [38;5;3m[RouterExplorer] [39m[32mMapped {/api/v1/reservations/:id, GET} route[39m[38;5;3m +0ms[39m
[32m[Nest] 26656  - [39m22/09/2026, 21:29:05 [32m    LOG[39m [38;5;3m[RouterExplorer] [39m[32mMapped {/api/v1/reservations/:id/timeline, GET} route[39m[38;5;3m +0ms[39m
[32m[Nest] 26656  - [39m22/09/2026, 21:29:05 [32m    LOG[39m [38;5;3m[RouterExplorer] [39m[32mMapped {/api/v1/reservations/:id/status, PATCH} route[39m[38;5;3m +0ms[39m
[32m[Nest] 26656  - [39m22/09/2026, 21:29:05 [32m    LOG[39m [38;5;3m[RoutesResolver] [39m[32mSaleController {/api/v1/sales}:[39m[38;5;3m +0ms[39m
[32m[Nest] 26656  - [39m22/09/2026, 21:29:05 [32m    LOG[39m [38;5;3m[RouterExplorer] [39m[32mMapped {/api/v1/sales, GET} route[39m[38;5;3m +0ms[39m
[32m[Nest] 26656  - [39m22/09/2026, 21:29:05 [32m    LOG[39m [38;5;3m[RouterExplorer] [39m[32mMapped {/api/v1/sales/:id, GET} route[39m[38;5;3m +0ms[39m
[32m[Nest] 26656  - [39m22/09/2026, 21:29:05 [32m    LOG[39m [38;5;3m[RouterExplorer] [39m[32mMapped {/api/v1/sales, POST} route[39m[38;5;3m +0ms[39m
[32m[Nest] 26656  - [39m22/09/2026, 21:29:05 [32m    LOG[39m [38;5;3m[RouterExplorer] [39m[32mMapped {/api/v1/sales/:id/status, PATCH} route[39m[38;5;3m +1ms[39m
[32m[Nest] 26656  - [39m22/09/2026, 21:29:05 [32m    LOG[39m [38;5;3m[RoutesResolver] [39m[32mPaymentController {/api/v1/payments}:[39m[38;5;3m +0ms[39m
[32m[Nest] 26656  - [39m22/09/2026, 21:29:05 [32m    LOG[39m [38;5;3m[RouterExplorer] [39m[32mMapped {/api/v1/payments, POST} route[39m[38;5;3m +0ms[39m
[32m[Nest] 26656  - [39m22/09/2026, 21:29:05 [32m    LOG[39m [38;5;3m[RouterExplorer] [39m[32mMapped {/api/v1/payments, GET} route[39m[38;5;3m +0ms[39m
[32m[Nest] 26656  - [39m22/09/2026, 21:29:05 [32m    LOG[39m [38;5;3m[RouterExplorer] [39m[32mMapped {/api/v1/payments/:id, GET} route[39m[38;5;3m +0ms[39m
[32m[Nest] 26656  - [39m22/09/2026, 21:29:05 [32m    LOG[39m [38;5;3m[RouterExplorer] [39m[32mMapped {/api/v1/payments/:id/verify, PATCH} route[39m[38;5;3m +0ms[39m
[32m[Nest] 26656  - [39m22/09/2026, 21:29:05 [32m    LOG[39m [38;5;3m[RouterExplorer] [39m[32mMapped {/api/v1/payments/:id/reject, PATCH} route[39m[38;5;3m +0ms[39m
[32m[Nest] 26656  - [39m22/09/2026, 21:29:05 [32m    LOG[39m [38;5;3m[RoutesResolver] [39m[32mInspectionController {/api/v1/inspections}:[39m[38;5;3m +0ms[39m
[32m[Nest] 26656  - [39m22/09/2026, 21:29:05 [32m    LOG[39m [38;5;3m[RouterExplorer] [39m[32mMapped {/api/v1/inspections, POST} route[39m[38;5;3m +0ms[39m
[32m[Nest] 26656  - [39m22/09/2026, 21:29:05 [32m    LOG[39m [38;5;3m[RouterExplorer] [39m[32mMapped {/api/v1/inspections, GET} route[39m[38;5;3m +0ms[39m
[32m[Nest] 26656  - [39m22/09/2026, 21:29:05 [32m    LOG[39m [38;5;3m[RouterExplorer] [39m[32mMapped {/api/v1/inspections/:id, GET} route[39m[38;5;3m +0ms[39m
[32m[Nest] 26656  - [39m22/09/2026, 21:29:05 [32m    LOG[39m [38;5;3m[RouterExplorer] [39m[32mMapped {/api/v1/inspections/:id/start, PATCH} route[39m[38;5;3m +0ms[39m
[32m[Nest] 26656  - [39m22/09/2026, 21:29:05 [32m    LOG[39m [38;5;3m[RouterExplorer] [39m[32mMapped {/api/v1/inspections/:id/complete, PATCH} route[39m[38;5;3m +0ms[39m
[32m[Nest] 26656  - [39m22/09/2026, 21:29:05 [32m    LOG[39m [38;5;3m[RouterExplorer] [39m[32mMapped {/api/v1/inspections/:id/cancel, PATCH} route[39m[38;5;3m +0ms[39m
[32m[Nest] 26656  - [39m22/09/2026, 21:29:05 [32m    LOG[39m [38;5;3m[RouterExplorer] [39m[32mMapped {/api/v1/inspections/:id/fail, PATCH} route[39m[38;5;3m +0ms[39m
[32m[Nest] 26656  - [39m22/09/2026, 21:29:05 [32m    LOG[39m [38;5;3m[RoutesResolver] [39m[32mDocumentController {/api/v1/documents}:[39m[38;5;3m +0ms[39m
[32m[Nest] 26656  - [39m22/09/2026, 21:29:05 [32m    LOG[39m [38;5;3m[RouterExplorer] [39m[32mMapped {/api/v1/documents/upload, POST} route[39m[38;5;3m +1ms[39m
[32m[Nest] 26656  - [39m22/09/2026, 21:29:05 [32m    LOG[39m [38;5;3m[RouterExplorer] [39m[32mMapped {/api/v1/documents, GET} route[39m[38;5;3m +0ms[39m
[32m[Nest] 26656  - [39m22/09/2026, 21:29:05 [32m    LOG[39m [38;5;3m[RouterExplorer] [39m[32mMapped {/api/v1/documents/:id, GET} route[39m[38;5;3m +0ms[39m
[32m[Nest] 26656  - [39m22/09/2026, 21:29:05 [32m    LOG[39m [38;5;3m[RouterExplorer] [39m[32mMapped {/api/v1/documents/:id/download, GET} route[39m[38;5;3m +0ms[39m
[32m[Nest] 26656  - [39m22/09/2026, 21:29:05 [32m    LOG[39m [38;5;3m[RouterExplorer] [39m[32mMapped {/api/v1/documents/:id/status, PATCH} route[39m[38;5;3m +0ms[39m
[32m[Nest] 26656  - [39m22/09/2026, 21:29:05 [32m    LOG[39m [38;5;3m[RouterExplorer] [39m[32mMapped {/api/v1/documents/:id, DELETE} route[39m[38;5;3m +0ms[39m
[32m[Nest] 26656  - [39m22/09/2026, 21:29:05 [32m    LOG[39m [38;5;3m[RoutesResolver] [39m[32mEmployeeController {/api/v1/employees}:[39m[38;5;3m +0ms[39m
[32m[Nest] 26656  - [39m22/09/2026, 21:29:05 [32m    LOG[39m [38;5;3m[RouterExplorer] [39m[32mMapped {/api/v1/employees, GET} route[39m[38;5;3m +0ms[39m
[32m[Nest] 26656  - [39m22/09/2026, 21:29:05 [32m    LOG[39m [38;5;3m[RouterExplorer] [39m[32mMapped {/api/v1/employees/departments, GET} route[39m[38;5;3m +0ms[39m
[32m[Nest] 26656  - [39m22/09/2026, 21:29:05 [32m    LOG[39m [38;5;3m[RouterExplorer] [39m[32mMapped {/api/v1/employees/roles, GET} route[39m[38;5;3m +0ms[39m
[32m[Nest] 26656  - [39m22/09/2026, 21:29:05 [32m    LOG[39m [38;5;3m[RouterExplorer] [39m[32mMapped {/api/v1/employees/:id, GET} route[39m[38;5;3m +0ms[39m
[32m[Nest] 26656  - [39m22/09/2026, 21:29:05 [32m    LOG[39m [38;5;3m[RouterExplorer] [39m[32mMapped {/api/v1/employees, POST} route[39m[38;5;3m +0ms[39m
[32m[Nest] 26656  - [39m22/09/2026, 21:29:05 [32m    LOG[39m [38;5;3m[RouterExplorer] [39m[32mMapped {/api/v1/employees/:id, PATCH} route[39m[38;5;3m +0ms[39m
[32m[Nest] 26656  - [39m22/09/2026, 21:29:05 [32m    LOG[39m [38;5;3m[RouterExplorer] [39m[32mMapped {/api/v1/employees/:id, DELETE} route[39m[38;5;3m +0ms[39m
[32m[Nest] 26656  - [39m22/09/2026, 21:29:05 [32m    LOG[39m [38;5;3m[RouterExplorer] [39m[32mMapped {/api/v1/employees/:id/roles, POST} route[39m[38;5;3m +0ms[39m
[32m[Nest] 26656  - [39m22/09/2026, 21:29:05 [32m    LOG[39m [38;5;3m[RouterExplorer] [39m[32mMapped {/api/v1/employees/:id/roles/remove, POST} route[39m[38;5;3m +0ms[39m
[32m[Nest] 26656  - [39m22/09/2026, 21:29:05 [32m    LOG[39m [38;5;3m[RoutesResolver] [39m[32mVendorController {/api/v1/vendors}:[39m[38;5;3m +0ms[39m
[32m[Nest] 26656  - [39m22/09/2026, 21:29:05 [32m    LOG[39m [38;5;3m[RoutesResolver] [39m[32mAppointmentController {/api/v1/appointments}:[39m[38;5;3m +0ms[39m
[32m[Nest] 26656  - [39m22/09/2026, 21:29:05 [32m    LOG[39m [38;5;3m[RoutesResolver] [39m[32mNotificationController {/api/v1/notifications}:[39m[38;5;3m +0ms[39m
[32m[Nest] 26656  - [39m22/09/2026, 21:29:05 [32m    LOG[39m [38;5;3m[RoutesResolver] [39m[32mAiController {/api/v1/ai}:[39m[38;5;3m +0ms[39m
[32m[Nest] 26656  - [39m22/09/2026, 21:29:05 [32m    LOG[39m [38;5;3m[RoutesResolver] [39m[32mDashboardController {/api/v1/dashboard}:[39m[38;5;3m +0ms[39m
[32m[Nest] 26656  - [39m22/09/2026, 21:29:05 [32m    LOG[39m [38;5;3m[RouterExplorer] [39m[32mMapped {/api/v1/dashboard/stats, GET} route[39m[38;5;3m +0ms[39m
[32m[Nest] 26656  - [39m22/09/2026, 21:29:05 [32m    LOG[39m [38;5;3m[RoutesResolver] [39m[32mPosterController {/api/v1/posters}:[39m[38;5;3m +1ms[39m
[32m[Nest] 26656  - [39m22/09/2026, 21:29:05 [32m    LOG[39m [38;5;3m[RouterExplorer] [39m[32mMapped {/api/v1/posters/public, GET} route[39m[38;5;3m +0ms[39m
[32m[Nest] 26656  - [39m22/09/2026, 21:29:05 [32m    LOG[39m [38;5;3m[RouterExplorer] [39m[32mMapped {/api/v1/posters, GET} route[39m[38;5;3m +0ms[39m
[32m[Nest] 26656  - [39m22/09/2026, 21:29:05 [32m    LOG[39m [38;5;3m[RouterExplorer] [39m[32mMapped {/api/v1/posters, POST} route[39m[38;5;3m +0ms[39m
[32m[Nest] 26656  - [39m22/09/2026, 21:29:05 [32m    LOG[39m [38;5;3m[RouterExplorer] [39m[32mMapped {/api/v1/posters/:id, PATCH} route[39m[38;5;3m +0ms[39m
[32m[Nest] 26656  - [39m22/09/2026, 21:29:05 [32m    LOG[39m [38;5;3m[RouterExplorer] [39m[32mMapped {/api/v1/posters/:id/toggle, PATCH} route[39m[38;5;3m +0ms[39m
[32m[Nest] 26656  - [39m22/09/2026, 21:29:05 [32m    LOG[39m [38;5;3m[RouterExplorer] [39m[32mMapped {/api/v1/posters/:id, DELETE} route[39m[38;5;3m +0ms[39m
[32m[Nest] 26656  - [39m22/09/2026, 21:29:06 [32m    LOG[39m [38;5;3m[PrismaService] [39m[32mDatabase connected[39m
[32m[Nest] 26656  - [39m22/09/2026, 21:29:06 [32m    LOG[39m [38;5;3m[NestApplication] [39m[32mNest application successfully started[39m[38;5;3m +2ms[39m
🚀 NHGP API running at http://localhost:4000/api/v1
[2J[3J[H[[90m21:35:17[0m] File change detected. Starting incremental compilation...

[[90m21:35:18[0m] Found 0 errors. Watching for file changes.

[32m[Nest] 5624  - [39m22/09/2026, 21:35:19 [32m    LOG[39m [38;5;3m[NestFactory] [39m[32mStarting Nest application...[39m
[32m[Nest] 5624  - [39m22/09/2026, 21:35:19 [32m    LOG[39m [38;5;3m[InstanceLoader] [39m[32mPrismaModule dependencies initialized[39m[38;5;3m +24ms[39m
[32m[Nest] 5624  - [39m22/09/2026, 21:35:19 [32m    LOG[39m [38;5;3m[InstanceLoader] [39m[32mPassportModule dependencies initialized[39m[38;5;3m +1ms[39m
[32m[Nest] 5624  - [39m22/09/2026, 21:35:19 [32m    LOG[39m [38;5;3m[InstanceLoader] [39m[32mConfigHostModule dependencies initialized[39m[38;5;3m +6ms[39m
[32m[Nest] 5624  - [39m22/09/2026, 21:35:19 [32m    LOG[39m [38;5;3m[InstanceLoader] [39m[32mThrottlerModule dependencies initialized[39m[38;5;3m +0ms[39m
[33m[Nest] 5624  - [39m22/09/2026, 21:35:19 [33m   WARN[39m [38;5;3m[EmailService] [39m[33mSMTP not configured — emails will be logged to console. Set SMTP_HOST, SMTP_USER, SMTP_PASS in .env to enable sending.[39m
[32m[Nest] 5624  - [39m22/09/2026, 21:35:19 [32m    LOG[39m [38;5;3m[InstanceLoader] [39m[32mConfigModule dependencies initialized[39m[38;5;3m +1ms[39m
[32m[Nest] 5624  - [39m22/09/2026, 21:35:19 [32m    LOG[39m [38;5;3m[InstanceLoader] [39m[32mConfigModule dependencies initialized[39m[38;5;3m +0ms[39m
[32m[Nest] 5624  - [39m22/09/2026, 21:35:19 [32m    LOG[39m [38;5;3m[InstanceLoader] [39m[32mNotificationModule dependencies initialized[39m[38;5;3m +1ms[39m
[32m[Nest] 5624  - [39m22/09/2026, 21:35:19 [32m    LOG[39m [38;5;3m[InstanceLoader] [39m[32mAiModule dependencies initialized[39m[38;5;3m +0ms[39m
[32m[Nest] 5624  - [39m22/09/2026, 21:35:19 [32m    LOG[39m [38;5;3m[InstanceLoader] [39m[32mEmailModule dependencies initialized[39m[38;5;3m +0ms[39m
[32m[Nest] 5624  - [39m22/09/2026, 21:35:19 [32m    LOG[39m [38;5;3m[InstanceLoader] [39m[32mStorageModule dependencies initialized[39m[38;5;3m +0ms[39m
[32m[Nest] 5624  - [39m22/09/2026, 21:35:19 [32m    LOG[39m [38;5;3m[InstanceLoader] [39m[32mJwtModule dependencies initialized[39m[38;5;3m +1ms[39m
[32m[Nest] 5624  - [39m22/09/2026, 21:35:19 [32m    LOG[39m [38;5;3m[InstanceLoader] [39m[32mVendorModule dependencies initialized[39m[38;5;3m +0ms[39m
[32m[Nest] 5624  - [39m22/09/2026, 21:35:19 [32m    LOG[39m [38;5;3m[InstanceLoader] [39m[32mAppointmentModule dependencies initialized[39m[38;5;3m +0ms[39m
[32m[Nest] 5624  - [39m22/09/2026, 21:35:19 [32m    LOG[39m [38;5;3m[InstanceLoader] [39m[32mEmployeeModule dependencies initialized[39m[38;5;3m +1ms[39m
[32m[Nest] 5624  - [39m22/09/2026, 21:35:19 [32m    LOG[39m [38;5;3m[InstanceLoader] [39m[32mDashboardModule dependencies initialized[39m[38;5;3m +0ms[39m
[32m[Nest] 5624  - [39m22/09/2026, 21:35:19 [32m    LOG[39m [38;5;3m[InstanceLoader] [39m[32mAuditModule dependencies initialized[39m[38;5;3m +0ms[39m
[32m[Nest] 5624  - [39m22/09/2026, 21:35:19 [32m    LOG[39m [38;5;3m[InstanceLoader] [39m[32mAppModule dependencies initialized[39m[38;5;3m +1ms[39m
[32m[Nest] 5624  - [39m22/09/2026, 21:35:19 [32m    LOG[39m [38;5;3m[InstanceLoader] [39m[32mCustomerModule dependencies initialized[39m[38;5;3m +0ms[39m
[32m[Nest] 5624  - [39m22/09/2026, 21:35:19 [32m    LOG[39m [38;5;3m[InstanceLoader] [39m[32mSaleModule dependencies initialized[39m[38;5;3m +0ms[39m
[32m[Nest] 5624  - [39m22/09/2026, 21:35:19 [32m    LOG[39m [38;5;3m[InstanceLoader] [39m[32mPaymentModule dependencies initialized[39m[38;5;3m +0ms[39m
[32m[Nest] 5624  - [39m22/09/2026, 21:35:19 [32m    LOG[39m [38;5;3m[InstanceLoader] [39m[32mInspectionModule dependencies initialized[39m[38;5;3m +0ms[39m
[32m[Nest] 5624  - [39m22/09/2026, 21:35:19 [32m    LOG[39m [38;5;3m[InstanceLoader] [39m[32mCompanyModule dependencies initialized[39m[38;5;3m +0ms[39m
[32m[Nest] 5624  - [39m22/09/2026, 21:35:19 [32m    LOG[39m [38;5;3m[InstanceLoader] [39m[32mReservationModule dependencies initialized[39m[38;5;3m +0ms[39m
[32m[Nest] 5624  - [39m22/09/2026, 21:35:19 [32m    LOG[39m [38;5;3m[InstanceLoader] [39m[32mDocumentModule dependencies initialized[39m[38;5;3m +0ms[39m
[32m[Nest] 5624  - [39m22/09/2026, 21:35:19 [32m    LOG[39m [38;5;3m[InstanceLoader] [39m[32mEstateModule dependencies initialized[39m[38;5;3m +0ms[39m
[32m[Nest] 5624  - [39m22/09/2026, 21:35:19 [32m    LOG[39m [38;5;3m[InstanceLoader] [39m[32mPropertyModule dependencies initialized[39m[38;5;3m +0ms[39m
[32m[Nest] 5624  - [39m22/09/2026, 21:35:19 [32m    LOG[39m [38;5;3m[InstanceLoader] [39m[32mPosterModule dependencies initialized[39m[38;5;3m +0ms[39m
[32m[Nest] 5624  - [39m22/09/2026, 21:35:19 [32m    LOG[39m [38;5;3m[InstanceLoader] [39m[32mAuthModule dependencies initialized[39m[38;5;3m +0ms[39m
[32m[Nest] 5624  - [39m22/09/2026, 21:35:20 [32m    LOG[39m [38;5;3m[RoutesResolver] [39m[32mHealthController {/api/v1/health}:[39m[38;5;3m +428ms[39m
[32m[Nest] 5624  - [39m22/09/2026, 21:35:20 [32m    LOG[39m [38;5;3m[RouterExplorer] [39m[32mMapped {/api/v1/health, GET} route[39m[38;5;3m +1ms[39m
[32m[Nest] 5624  - [39m22/09/2026, 21:35:20 [32m    LOG[39m [38;5;3m[RoutesResolver] [39m[32mAuditController {/api/v1/audit-logs}:[39m[38;5;3m +1ms[39m
[32m[Nest] 5624  - [39m22/09/2026, 21:35:20 [32m    LOG[39m [38;5;3m[RouterExplorer] [39m[32mMapped {/api/v1/audit-logs, GET} route[39m[38;5;3m +0ms[39m
[32m[Nest] 5624  - [39m22/09/2026, 21:35:20 [32m    LOG[39m [38;5;3m[RoutesResolver] [39m[32mAuthController {/api/v1/auth}:[39m[38;5;3m +0ms[39m
[32m[Nest] 5624  - [39m22/09/2026, 21:35:20 [32m    LOG[39m [38;5;3m[RouterExplorer] [39m[32mMapped {/api/v1/auth/login, POST} route[39m[38;5;3m +2ms[39m
[32m[Nest] 5624  - [39m22/09/2026, 21:35:20 [32m    LOG[39m [38;5;3m[RouterExplorer] [39m[32mMapped {/api/v1/auth/refresh, POST} route[39m[38;5;3m +0ms[39m
[32m[Nest] 5624  - [39m22/09/2026, 21:35:20 [32m    LOG[39m [38;5;3m[RouterExplorer] [39m[32mMapped {/api/v1/auth/logout, POST} route[39m[38;5;3m +0ms[39m
[32m[Nest] 5624  - [39m22/09/2026, 21:35:20 [32m    LOG[39m [38;5;3m[RouterExplorer] [39m[32mMapped {/api/v1/auth/change-password, POST} route[39m[38;5;3m +1ms[39m
[32m[Nest] 5624  - [39m22/09/2026, 21:35:20 [32m    LOG[39m [38;5;3m[RouterExplorer] [39m[32mMapped {/api/v1/auth/me, POST} route[39m[38;5;3m +0ms[39m
[32m[Nest] 5624  - [39m22/09/2026, 21:35:20 [32m    LOG[39m [38;5;3m[RouterExplorer] [39m[32mMapped {/api/v1/auth/super/login, POST} route[39m[38;5;3m +0ms[39m
[32m[Nest] 5624  - [39m22/09/2026, 21:35:20 [32m    LOG[39m [38;5;3m[RouterExplorer] [39m[32mMapped {/api/v1/auth/customer/register, POST} route[39m[38;5;3m +0ms[39m
[32m[Nest] 5624  - [39m22/09/2026, 21:35:20 [32m    LOG[39m [38;5;3m[RouterExplorer] [39m[32mMapped {/api/v1/auth/customer/login, POST} route[39m[38;5;3m +0ms[39m
[32m[Nest] 5624  - [39m22/09/2026, 21:35:20 [32m    LOG[39m [38;5;3m[RouterExplorer] [39m[32mMapped {/api/v1/auth/customer/me, GET} route[39m[38;5;3m +1ms[39m
[32m[Nest] 5624  - [39m22/09/2026, 21:35:20 [32m    LOG[39m [38;5;3m[RouterExplorer] [39m[32mMapped {/api/v1/auth/customer/profile, PATCH} route[39m[38;5;3m +0ms[39m
[32m[Nest] 5624  - [39m22/09/2026, 21:35:20 [32m    LOG[39m [38;5;3m[RoutesResolver] [39m[32mCompanyController {/api/v1/companies}:[39m[38;5;3m +0ms[39m
[32m[Nest] 5624  - [39m22/09/2026, 21:35:20 [32m    LOG[39m [38;5;3m[RouterExplorer] [39m[32mMapped {/api/v1/companies, POST} route[39m[38;5;3m +0ms[39m
[32m[Nest] 5624  - [39m22/09/2026, 21:35:20 [32m    LOG[39m [38;5;3m[RouterExplorer] [39m[32mMapped {/api/v1/companies, GET} route[39m[38;5;3m +0ms[39m
[32m[Nest] 5624  - [39m22/09/2026, 21:35:20 [32m    LOG[39m [38;5;3m[RouterExplorer] [39m[32mMapped {/api/v1/companies/departments, GET} route[39m[38;5;3m +0ms[39m
[32m[Nest] 5624  - [39m22/09/2026, 21:35:20 [32m    LOG[39m [38;5;3m[RouterExplorer] [39m[32mMapped {/api/v1/companies/:id, GET} route[39m[38;5;3m +1ms[39m
[32m[Nest] 5624  - [39m22/09/2026, 21:35:20 [32m    LOG[39m [38;5;3m[RouterExplorer] [39m[32mMapped {/api/v1/companies/:id, PATCH} route[39m[38;5;3m +0ms[39m
[32m[Nest] 5624  - [39m22/09/2026, 21:35:20 [32m    LOG[39m [38;5;3m[RouterExplorer] [39m[32mMapped {/api/v1/companies/:id/branches, POST} route[39m[38;5;3m +0ms[39m
[32m[Nest] 5624  - [39m22/09/2026, 21:35:20 [32m    LOG[39m [38;5;3m[RouterExplorer] [39m[32mMapped {/api/v1/companies/branches/:branchId, PATCH} route[39m[38;5;3m +0ms[39m
[32m[Nest] 5624  - [39m22/09/2026, 21:35:20 [32m    LOG[39m [38;5;3m[RouterExplorer] [39m[32mMapped {/api/v1/companies/branches/:branchId, DELETE} route[39m[38;5;3m +0ms[39m
[32m[Nest] 5624  - [39m22/09/2026, 21:35:20 [32m    LOG[39m [38;5;3m[RouterExplorer] [39m[32mMapped {/api/v1/companies/departments, POST} route[39m[38;5;3m +0ms[39m
[32m[Nest] 5624  - [39m22/09/2026, 21:35:20 [32m    LOG[39m [38;5;3m[RouterExplorer] [39m[32mMapped {/api/v1/companies/departments/:id, PATCH} route[39m[38;5;3m +0ms[39m
[32m[Nest] 5624  - [39m22/09/2026, 21:35:20 [32m    LOG[39m [38;5;3m[RouterExplorer] [39m[32mMapped {/api/v1/companies/departments/:id, DELETE} route[39m[38;5;3m +1ms[39m
[32m[Nest] 5624  - [39m22/09/2026, 21:35:20 [32m    LOG[39m [38;5;3m[RoutesResolver] [39m[32mEstateController {/api/v1/estates}:[39m[38;5;3m +0ms[39m
[32m[Nest] 5624  - [39m22/09/2026, 21:35:20 [32m    LOG[39m [38;5;3m[RouterExplorer] [39m[32mMapped {/api/v1/estates/public, GET} route[39m[38;5;3m +0ms[39m
[32m[Nest] 5624  - [39m22/09/2026, 21:35:20 [32m    LOG[39m [38;5;3m[RouterExplorer] [39m[32mMapped {/api/v1/estates, GET} route[39m[38;5;3m +0ms[39m
[32m[Nest] 5624  - [39m22/09/2026, 21:35:20 [32m    LOG[39m [38;5;3m[RouterExplorer] [39m[32mMapped {/api/v1/estates/:id, GET} route[39m[38;5;3m +0ms[39m
[32m[Nest] 5624  - [39m22/09/2026, 21:35:20 [32m    LOG[39m [38;5;3m[RouterExplorer] [39m[32mMapped {/api/v1/estates, POST} route[39m[38;5;3m +0ms[39m
[32m[Nest] 5624  - [39m22/09/2026, 21:35:20 [32m    LOG[39m [38;5;3m[RouterExplorer] [39m[32mMapped {/api/v1/estates/:id, PATCH} route[39m[38;5;3m +0ms[39m
[32m[Nest] 5624  - [39m22/09/2026, 21:35:20 [32m    LOG[39m [38;5;3m[RouterExplorer] [39m[32mMapped {/api/v1/estates/:id/phases, POST} route[39m[38;5;3m +0ms[39m
[32m[Nest] 5624  - [39m22/09/2026, 21:35:20 [32m    LOG[39m [38;5;3m[RouterExplorer] [39m[32mMapped {/api/v1/estates/:id/blocks, POST} route[39m[38;5;3m +0ms[39m
[32m[Nest] 5624  - [39m22/09/2026, 21:35:20 [32m    LOG[39m [38;5;3m[RouterExplorer] [39m[32mMapped {/api/v1/estates/:id/infrastructure, POST} route[39m[38;5;3m +0ms[39m
[32m[Nest] 5624  - [39m22/09/2026, 21:35:20 [32m    LOG[39m [38;5;3m[RouterExplorer] [39m[32mMapped {/api/v1/estates/:id/site-plan, POST} route[39m[38;5;3m +0ms[39m
[32m[Nest] 5624  - [39m22/09/2026, 21:35:20 [32m    LOG[39m [38;5;3m[RouterExplorer] [39m[32mMapped {/api/v1/estates/:id/building-types, PATCH} route[39m[38;5;3m +0ms[39m
[32m[Nest] 5624  - [39m22/09/2026, 21:35:20 [32m    LOG[39m [38;5;3m[RouterExplorer] [39m[32mMapped {/api/v1/estates/:id/building-type-image/:typeId, POST} route[39m[38;5;3m +0ms[39m
[32m[Nest] 5624  - [39m22/09/2026, 21:35:20 [32m    LOG[39m [38;5;3m[RouterExplorer] [39m[32mMapped {/api/v1/estates/:id/building-type-image/:typeId/:filename, DELETE} route[39m[38;5;3m +1ms[39m
[32m[Nest] 5624  - [39m22/09/2026, 21:35:20 [32m    LOG[39m [38;5;3m[RouterExplorer] [39m[32mMapped {/api/v1/estates/:id/permanent, DELETE} route[39m[38;5;3m +0ms[39m
[32m[Nest] 5624  - [39m22/09/2026, 21:35:20 [32m    LOG[39m [38;5;3m[RoutesResolver] [39m[32mPropertyController {/api/v1/properties}:[39m[38;5;3m +0ms[39m
[32m[Nest] 5624  - [39m22/09/2026, 21:35:20 [32m    LOG[39m [38;5;3m[RouterExplorer] [39m[32mMapped {/api/v1/properties/public, GET} route[39m[38;5;3m +0ms[39m
[32m[Nest] 5624  - [39m22/09/2026, 21:35:20 [32m    LOG[39m [38;5;3m[RouterExplorer] [39m[32mMapped {/api/v1/properties/public/:id, GET} route[39m[38;5;3m +0ms[39m
[32m[Nest] 5624  - [39m22/09/2026, 21:35:20 [32m    LOG[39m [38;5;3m[RouterExplorer] [39m[32mMapped {/api/v1/properties/public/inquiry, POST} route[39m[38;5;3m +0ms[39m
[32m[Nest] 5624  - [39m22/09/2026, 21:35:20 [32m    LOG[39m [38;5;3m[RouterExplorer] [39m[32mMapped {/api/v1/properties, GET} route[39m[38;5;3m +0ms[39m
[32m[Nest] 5624  - [39m22/09/2026, 21:35:20 [32m    LOG[39m [38;5;3m[RouterExplorer] [39m[32mMapped {/api/v1/properties/admin/inquiries, GET} route[39m[38;5;3m +0ms[39m
[32m[Nest] 5624  - [39m22/09/2026, 21:35:20 [32m    LOG[39m [38;5;3m[RouterExplorer] [39m[32mMapped {/api/v1/properties/admin/inquiries/:id/status, PATCH} route[39m[38;5;3m +0ms[39m
[32m[Nest] 5624  - [39m22/09/2026, 21:35:20 [32m    LOG[39m [38;5;3m[RouterExplorer] [39m[32mMapped {/api/v1/properties/admin/inquiries/:id/notes, PATCH} route[39m[38;5;3m +0ms[39m
[32m[Nest] 5624  - [39m22/09/2026, 21:35:20 [32m    LOG[39m [38;5;3m[RouterExplorer] [39m[32mMapped {/api/v1/properties/admin/inquiries/:id/convert, POST} route[39m[38;5;3m +0ms[39m
[32m[Nest] 5624  - [39m22/09/2026, 21:35:20 [32m    LOG[39m [38;5;3m[RouterExplorer] [39m[32mMapped {/api/v1/properties/:id, GET} route[39m[38;5;3m +1ms[39m
[32m[Nest] 5624  - [39m22/09/2026, 21:35:20 [32m    LOG[39m [38;5;3m[RouterExplorer] [39m[32mMapped {/api/v1/properties, POST} route[39m[38;5;3m +0ms[39m
[32m[Nest] 5624  - [39m22/09/2026, 21:35:20 [32m    LOG[39m [38;5;3m[RouterExplorer] [39m[32mMapped {/api/v1/properties/:id, PATCH} route[39m[38;5;3m +0ms[39m
[32m[Nest] 5624  - [39m22/09/2026, 21:35:20 [32m    LOG[39m [38;5;3m[RouterExplorer] [39m[32mMapped {/api/v1/properties/:id/status, POST} route[39m[38;5;3m +0ms[39m
[32m[Nest] 5624  - [39m22/09/2026, 21:35:20 [32m    LOG[39m [38;5;3m[RouterExplorer] [39m[32mMapped {/api/v1/properties/:id, DELETE} route[39m[38;5;3m +0ms[39m
[32m[Nest] 5624  - [39m22/09/2026, 21:35:20 [32m    LOG[39m [38;5;3m[RouterExplorer] [39m[32mMapped {/api/v1/properties/:id/permanent, DELETE} route[39m[38;5;3m +0ms[39m
[32m[Nest] 5624  - [39m22/09/2026, 21:35:20 [32m    LOG[39m [38;5;3m[RouterExplorer] [39m[32mMapped {/api/v1/properties/:id/media, POST} route[39m[38;5;3m +0ms[39m
[32m[Nest] 5624  - [39m22/09/2026, 21:35:20 [32m    LOG[39m [38;5;3m[RouterExplorer] [39m[32mMapped {/api/v1/properties/:id/media/:mediaId, DELETE} route[39m[38;5;3m +0ms[39m
[32m[Nest] 5624  - [39m22/09/2026, 21:35:20 [32m    LOG[39m [38;5;3m[RouterExplorer] [39m[32mMapped {/api/v1/properties/:id/media/:mediaId/cover, PATCH} route[39m[38;5;3m +0ms[39m
[32m[Nest] 5624  - [39m22/09/2026, 21:35:20 [32m    LOG[39m [38;5;3m[RouterExplorer] [39m[32mMapped {/api/v1/properties/:id/favorite, POST} route[39m[38;5;3m +0ms[39m
[32m[Nest] 5624  - [39m22/09/2026, 21:35:20 [32m    LOG[39m [38;5;3m[RouterExplorer] [39m[32mMapped {/api/v1/properties/:id/favorite-status, GET} route[39m[38;5;3m +0ms[39m
[32m[Nest] 5624  - [39m22/09/2026, 21:35:20 [32m    LOG[39m [38;5;3m[RoutesResolver] [39m[32mCustomerController {/api/v1/customers}:[39m[38;5;3m +0ms[39m
[32m[Nest] 5624  - [39m22/09/2026, 21:35:20 [32m    LOG[39m [38;5;3m[RouterExplorer] [39m[32mMapped {/api/v1/customers, GET} route[39m[38;5;3m +0ms[39m
[32m[Nest] 5624  - [39m22/09/2026, 21:35:20 [32m    LOG[39m [38;5;3m[RouterExplorer] [39m[32mMapped {/api/v1/customers/:id, GET} route[39m[38;5;3m +0ms[39m
[32m[Nest] 5624  - [39m22/09/2026, 21:35:20 [32m    LOG[39m [38;5;3m[RouterExplorer] [39m[32mMapped {/api/v1/customers, POST} route[39m[38;5;3m +1ms[39m
[32m[Nest] 5624  - [39m22/09/2026, 21:35:20 [32m    LOG[39m [38;5;3m[RouterExplorer] [39m[32mMapped {/api/v1/customers/:id, PATCH} route[39m[38;5;3m +0ms[39m
[32m[Nest] 5624  - [39m22/09/2026, 21:35:20 [32m    LOG[39m [38;5;3m[RouterExplorer] [39m[32mMapped {/api/v1/customers/:id/deactivate, POST} route[39m[38;5;3m +0ms[39m
[32m[Nest] 5624  - [39m22/09/2026, 21:35:20 [32m    LOG[39m [38;5;3m[RouterExplorer] [39m[32mMapped {/api/v1/customers/:id/activate, POST} route[39m[38;5;3m +0ms[39m
[32m[Nest] 5624  - [39m22/09/2026, 21:35:20 [32m    LOG[39m [38;5;3m[RouterExplorer] [39m[32mMapped {/api/v1/customers/:id, DELETE} route[39m[38;5;3m +0ms[39m
[32m[Nest] 5624  - [39m22/09/2026, 21:35:20 [32m    LOG[39m [38;5;3m[RoutesResolver] [39m[32mReservationController {/api/v1/reservations}:[39m[38;5;3m +0ms[39m
[32m[Nest] 5624  - [39m22/09/2026, 21:35:20 [32m    LOG[39m [38;5;3m[RouterExplorer] [39m[32mMapped {/api/v1/reservations/public, POST} route[39m[38;5;3m +0ms[39m
[32m[Nest] 5624  - [39m22/09/2026, 21:35:20 [32m    LOG[39m [38;5;3m[RouterExplorer] [39m[32mMapped {/api/v1/reservations, GET} route[39m[38;5;3m +0ms[39m
[32m[Nest] 5624  - [39m22/09/2026, 21:35:20 [32m    LOG[39m [38;5;3m[RouterExplorer] [39m[32mMapped {/api/v1/reservations/mine, GET} route[39m[38;5;3m +0ms[39m
[32m[Nest] 5624  - [39m22/09/2026, 21:35:20 [32m    LOG[39m [38;5;3m[RouterExplorer] [39m[32mMapped {/api/v1/reservations/:id, GET} route[39m[38;5;3m +0ms[39m
[32m[Nest] 5624  - [39m22/09/2026, 21:35:20 [32m    LOG[39m [38;5;3m[RouterExplorer] [39m[32mMapped {/api/v1/reservations/:id/timeline, GET} route[39m[38;5;3m +0ms[39m
[32m[Nest] 5624  - [39m22/09/2026, 21:35:20 [32m    LOG[39m [38;5;3m[RouterExplorer] [39m[32mMapped {/api/v1/reservations/:id/status, PATCH} route[39m[38;5;3m +0ms[39m
[32m[Nest] 5624  - [39m22/09/2026, 21:35:20 [32m    LOG[39m [38;5;3m[RoutesResolver] [39m[32mSaleController {/api/v1/sales}:[39m[38;5;3m +0ms[39m
[32m[Nest] 5624  - [39m22/09/2026, 21:35:20 [32m    LOG[39m [38;5;3m[RouterExplorer] [39m[32mMapped {/api/v1/sales, GET} route[39m[38;5;3m +0ms[39m
[32m[Nest] 5624  - [39m22/09/2026, 21:35:20 [32m    LOG[39m [38;5;3m[RouterExplorer] [39m[32mMapped {/api/v1/sales/:id, GET} route[39m[38;5;3m +0ms[39m
[32m[Nest] 5624  - [39m22/09/2026, 21:35:20 [32m    LOG[39m [38;5;3m[RouterExplorer] [39m[32mMapped {/api/v1/sales, POST} route[39m[38;5;3m +0ms[39m
[32m[Nest] 5624  - [39m22/09/2026, 21:35:20 [32m    LOG[39m [38;5;3m[RouterExplorer] [39m[32mMapped {/api/v1/sales/:id/status, PATCH} route[39m[38;5;3m +0ms[39m
[32m[Nest] 5624  - [39m22/09/2026, 21:35:20 [32m    LOG[39m [38;5;3m[RoutesResolver] [39m[32mPaymentController {/api/v1/payments}:[39m[38;5;3m +1ms[39m
[32m[Nest] 5624  - [39m22/09/2026, 21:35:20 [32m    LOG[39m [38;5;3m[RouterExplorer] [39m[32mMapped {/api/v1/payments, POST} route[39m[38;5;3m +0ms[39m
[32m[Nest] 5624  - [39m22/09/2026, 21:35:20 [32m    LOG[39m [38;5;3m[RouterExplorer] [39m[32mMapped {/api/v1/payments, GET} route[39m[38;5;3m +0ms[39m
[32m[Nest] 5624  - [39m22/09/2026, 21:35:20 [32m    LOG[39m [38;5;3m[RouterExplorer] [39m[32mMapped {/api/v1/payments/:id, GET} route[39m[38;5;3m +0ms[39m
[32m[Nest] 5624  - [39m22/09/2026, 21:35:20 [32m    LOG[39m [38;5;3m[RouterExplorer] [39m[32mMapped {/api/v1/payments/:id/verify, PATCH} route[39m[38;5;3m +0ms[39m
[32m[Nest] 5624  - [39m22/09/2026, 21:35:20 [32m    LOG[39m [38;5;3m[RouterExplorer] [39m[32mMapped {/api/v1/payments/:id/reject, PATCH} route[39m[38;5;3m +0ms[39m
[32m[Nest] 5624  - [39m22/09/2026, 21:35:20 [32m    LOG[39m [38;5;3m[RoutesResolver] [39m[32mInspectionController {/api/v1/inspections}:[39m[38;5;3m +0ms[39m
[32m[Nest] 5624  - [39m22/09/2026, 21:35:20 [32m    LOG[39m [38;5;3m[RouterExplorer] [39m[32mMapped {/api/v1/inspections, POST} route[39m[38;5;3m +0ms[39m
[32m[Nest] 5624  - [39m22/09/2026, 21:35:20 [32m    LOG[39m [38;5;3m[RouterExplorer] [39m[32mMapped {/api/v1/inspections, GET} route[39m[38;5;3m +0ms[39m
[32m[Nest] 5624  - [39m22/09/2026, 21:35:20 [32m    LOG[39m [38;5;3m[RouterExplorer] [39m[32mMapped {/api/v1/inspections/:id, GET} route[39m[38;5;3m +0ms[39m
[32m[Nest] 5624  - [39m22/09/2026, 21:35:20 [32m    LOG[39m [38;5;3m[RouterExplorer] [39m[32mMapped {/api/v1/inspections/:id/start, PATCH} route[39m[38;5;3m +0ms[39m
[32m[Nest] 5624  - [39m22/09/2026, 21:35:20 [32m    LOG[39m [38;5;3m[RouterExplorer] [39m[32mMapped {/api/v1/inspections/:id/complete, PATCH} route[39m[38;5;3m +0ms[39m
[32m[Nest] 5624  - [39m22/09/2026, 21:35:20 [32m    LOG[39m [38;5;3m[RouterExplorer] [39m[32mMapped {/api/v1/inspections/:id/cancel, PATCH} route[39m[38;5;3m +0ms[39m
[32m[Nest] 5624  - [39m22/09/2026, 21:35:20 [32m    LOG[39m [38;5;3m[RouterExplorer] [39m[32mMapped {/api/v1/inspections/:id/fail, PATCH} route[39m[38;5;3m +0ms[39m
[32m[Nest] 5624  - [39m22/09/2026, 21:35:20 [32m    LOG[39m [38;5;3m[RoutesResolver] [39m[32mDocumentController {/api/v1/documents}:[39m[38;5;3m +0ms[39m
[32m[Nest] 5624  - [39m22/09/2026, 21:35:20 [32m    LOG[39m [38;5;3m[RouterExplorer] [39m[32mMapped {/api/v1/documents/upload, POST} route[39m[38;5;3m +0ms[39m
[32m[Nest] 5624  - [39m22/09/2026, 21:35:20 [32m    LOG[39m [38;5;3m[RouterExplorer] [39m[32mMapped {/api/v1/documents, GET} route[39m[38;5;3m +1ms[39m
[32m[Nest] 5624  - [39m22/09/2026, 21:35:20 [32m    LOG[39m [38;5;3m[RouterExplorer] [39m[32mMapped {/api/v1/documents/:id, GET} route[39m[38;5;3m +0ms[39m
[32m[Nest] 5624  - [39m22/09/2026, 21:35:20 [32m    LOG[39m [38;5;3m[RouterExplorer] [39m[32mMapped {/api/v1/documents/:id/download, GET} route[39m[38;5;3m +0ms[39m
[32m[Nest] 5624  - [39m22/09/2026, 21:35:20 [32m    LOG[39m [38;5;3m[RouterExplorer] [39m[32mMapped {/api/v1/documents/:id/status, PATCH} route[39m[38;5;3m +0ms[39m
[32m[Nest] 5624  - [39m22/09/2026, 21:35:20 [32m    LOG[39m [38;5;3m[RouterExplorer] [39m[32mMapped {/api/v1/documents/:id, DELETE} route[39m[38;5;3m +0ms[39m
[32m[Nest] 5624  - [39m22/09/2026, 21:35:20 [32m    LOG[39m [38;5;3m[RoutesResolver] [39m[32mEmployeeController {/api/v1/employees}:[39m[38;5;3m +0ms[39m
[32m[Nest] 5624  - [39m22/09/2026, 21:35:20 [32m    LOG[39m [38;5;3m[RouterExplorer] [39m[32mMapped {/api/v1/employees, GET} route[39m[38;5;3m +0ms[39m
[32m[Nest] 5624  - [39m22/09/2026, 21:35:20 [32m    LOG[39m [38;5;3m[RouterExplorer] [39m[32mMapped {/api/v1/employees/departments, GET} route[39m[38;5;3m +0ms[39m
[32m[Nest] 5624  - [39m22/09/2026, 21:35:20 [32m    LOG[39m [38;5;3m[RouterExplorer] [39m[32mMapped {/api/v1/employees/roles, GET} route[39m[38;5;3m +0ms[39m
[32m[Nest] 5624  - [39m22/09/2026, 21:35:20 [32m    LOG[39m [38;5;3m[RouterExplorer] [39m[32mMapped {/api/v1/employees/:id, GET} route[39m[38;5;3m +0ms[39m
[32m[Nest] 5624  - [39m22/09/2026, 21:35:20 [32m    LOG[39m [38;5;3m[RouterExplorer] [39m[32mMapped {/api/v1/employees, POST} route[39m[38;5;3m +0ms[39m
[32m[Nest] 5624  - [39m22/09/2026, 21:35:20 [32m    LOG[39m [38;5;3m[RouterExplorer] [39m[32mMapped {/api/v1/employees/:id, PATCH} route[39m[38;5;3m +0ms[39m
[32m[Nest] 5624  - [39m22/09/2026, 21:35:20 [32m    LOG[39m [38;5;3m[RouterExplorer] [39m[32mMapped {/api/v1/employees/:id, DELETE} route[39m[38;5;3m +0ms[39m
[32m[Nest] 5624  - [39m22/09/2026, 21:35:20 [32m    LOG[39m [38;5;3m[RouterExplorer] [39m[32mMapped {/api/v1/employees/:id/roles, POST} route[39m[38;5;3m +0ms[39m
[32m[Nest] 5624  - [39m22/09/2026, 21:35:20 [32m    LOG[39m [38;5;3m[RouterExplorer] [39m[32mMapped {/api/v1/employees/:id/roles/remove, POST} route[39m[38;5;3m +0ms[39m
[32m[Nest] 5624  - [39m22/09/2026, 21:35:20 [32m    LOG[39m [38;5;3m[RoutesResolver] [39m[32mVendorController {/api/v1/vendors}:[39m[38;5;3m +0ms[39m
[32m[Nest] 5624  - [39m22/09/2026, 21:35:20 [32m    LOG[39m [38;5;3m[RoutesResolver] [39m[32mAppointmentController {/api/v1/appointments}:[39m[38;5;3m +0ms[39m
[32m[Nest] 5624  - [39m22/09/2026, 21:35:20 [32m    LOG[39m [38;5;3m[RoutesResolver] [39m[32mNotificationController {/api/v1/notifications}:[39m[38;5;3m +0ms[39m
[32m[Nest] 5624  - [39m22/09/2026, 21:35:20 [32m    LOG[39m [38;5;3m[RoutesResolver] [39m[32mAiController {/api/v1/ai}:[39m[38;5;3m +0ms[39m
[32m[Nest] 5624  - [39m22/09/2026, 21:35:20 [32m    LOG[39m [38;5;3m[RoutesResolver] [39m[32mDashboardController {/api/v1/dashboard}:[39m[38;5;3m +0ms[39m
[32m[Nest] 5624  - [39m22/09/2026, 21:35:20 [32m    LOG[39m [38;5;3m[RouterExplorer] [39m[32mMapped {/api/v1/dashboard/stats, GET} route[39m[38;5;3m +0ms[39m
[32m[Nest] 5624  - [39m22/09/2026, 21:35:20 [32m    LOG[39m [38;5;3m[RoutesResolver] [39m[32mPosterController {/api/v1/posters}:[39m[38;5;3m +0ms[39m
[32m[Nest] 5624  - [39m22/09/2026, 21:35:20 [32m    LOG[39m [38;5;3m[RouterExplorer] [39m[32mMapped {/api/v1/posters/public, GET} route[39m[38;5;3m +1ms[39m
[32m[Nest] 5624  - [39m22/09/2026, 21:35:20 [32m    LOG[39m [38;5;3m[RouterExplorer] [39m[32mMapped {/api/v1/posters, GET} route[39m[38;5;3m +0ms[39m
[32m[Nest] 5624  - [39m22/09/2026, 21:35:20 [32m    LOG[39m [38;5;3m[RouterExplorer] [39m[32mMapped {/api/v1/posters, POST} route[39m[38;5;3m +0ms[39m
[32m[Nest] 5624  - [39m22/09/2026, 21:35:20 [32m    LOG[39m [38;5;3m[RouterExplorer] [39m[32mMapped {/api/v1/posters/:id, PATCH} route[39m[38;5;3m +0ms[39m
[32m[Nest] 5624  - [39m22/09/2026, 21:35:20 [32m    LOG[39m [38;5;3m[RouterExplorer] [39m[32mMapped {/api/v1/posters/:id/toggle, PATCH} route[39m[38;5;3m +0ms[39m
[32m[Nest] 5624  - [39m22/09/2026, 21:35:20 [32m    LOG[39m [38;5;3m[RouterExplorer] [39m[32mMapped {/api/v1/posters/:id, DELETE} route[39m[38;5;3m +0ms[39m
[32m[Nest] 5624  - [39m22/09/2026, 21:35:22 [32m    LOG[39m [38;5;3m[PrismaService] [39m[32mDatabase connected[39m
[32m[Nest] 5624  - [39m22/09/2026, 21:35:22 [32m    LOG[39m [38;5;3m[NestApplication] [39m[32mNest application successfully started[39m[38;5;3m +2ms[39m
🚀 NHGP API running at http://localhost:4000/api/v1
[2J[3J[H[[90m21:35:30[0m] File change detected. Starting incremental compilation...

[96msrc/property/property.service.ts[0m:[93m74[0m:[93m22[0m - [91merror[0m[90m TS2552: [0mCannot find name 'user'. Did you mean '_user'?

[7m74[0m         createdById: user.employeeId ?? user.id,
[7m  [0m [91m                     ~~~~[0m

  [96msrc/property/property.service.ts[0m:[93m47[0m:[93m5[0m
    [7m47[0m     _user: AuthenticatedUser,
    [7m  [0m [96m    ~~~~~~~~~~~~~~~~~~~~~~~~[0m
    '_user' is declared here.

[96msrc/property/property.service.ts[0m:[93m74[0m:[93m41[0m - [91merror[0m[90m TS2552: [0mCannot find name 'user'. Did you mean '_user'?

[7m74[0m         createdById: user.employeeId ?? user.id,
[7m  [0m [91m                                        ~~~~[0m

  [96msrc/property/property.service.ts[0m:[93m47[0m:[93m5[0m
    [7m47[0m     _user: AuthenticatedUser,
    [7m  [0m [96m    ~~~~~~~~~~~~~~~~~~~~~~~~[0m
    '_user' is declared here.

[96msrc/property/property.service.ts[0m:[93m78[0m:[93m26[0m - [91merror[0m[90m TS2552: [0mCannot find name 'user'. Did you mean '_user'?

[7m78[0m             changedById: user.employeeId ?? user.id,
[7m  [0m [91m                         ~~~~[0m

  [96msrc/property/property.service.ts[0m:[93m47[0m:[93m5[0m
    [7m47[0m     _user: AuthenticatedUser,
    [7m  [0m [96m    ~~~~~~~~~~~~~~~~~~~~~~~~[0m
    '_user' is declared here.

[96msrc/property/property.service.ts[0m:[93m78[0m:[93m45[0m - [91merror[0m[90m TS2552: [0mCannot find name 'user'. Did you mean '_user'?

[7m78[0m             changedById: user.employeeId ?? user.id,
[7m  [0m [91m                                            ~~~~[0m

  [96msrc/property/property.service.ts[0m:[93m47[0m:[93m5[0m
    [7m47[0m     _user: AuthenticatedUser,
    [7m  [0m [96m    ~~~~~~~~~~~~~~~~~~~~~~~~[0m
    '_user' is declared here.

[96msrc/property/property.service.ts[0m:[93m87[0m:[93m16[0m - [91merror[0m[90m TS2552: [0mCannot find name 'user'. Did you mean '_user'?

[7m87[0m       actorId: user.id,
[7m  [0m [91m               ~~~~[0m

  [96msrc/property/property.service.ts[0m:[93m47[0m:[93m5[0m
    [7m47[0m     _user: AuthenticatedUser,
    [7m  [0m [96m    ~~~~~~~~~~~~~~~~~~~~~~~~[0m
    '_user' is declared here.

[96msrc/property/property.service.ts[0m:[93m88[0m:[93m19[0m - [91merror[0m[90m TS2552: [0mCannot find name 'user'. Did you mean '_user'?

[7m88[0m       actorEmail: user.email,
[7m  [0m [91m                  ~~~~[0m

  [96msrc/property/property.service.ts[0m:[93m47[0m:[93m5[0m
    [7m47[0m     _user: AuthenticatedUser,
    [7m  [0m [96m    ~~~~~~~~~~~~~~~~~~~~~~~~[0m
    '_user' is declared here.

[[90m21:35:31[0m] Found 6 errors. Watching for file changes.

[2J[3J[H[[90m21:35:39[0m] File change detected. Starting incremental compilation...

[96msrc/property/property.service.ts[0m:[93m74[0m:[93m22[0m - [91merror[0m[90m TS2552: [0mCannot find name 'user'. Did you mean '_user'?

[7m74[0m         createdById: user.employeeId ?? user.id,
[7m  [0m [91m                     ~~~~[0m

  [96msrc/property/property.service.ts[0m:[93m47[0m:[93m5[0m
    [7m47[0m     _user: AuthenticatedUser,
    [7m  [0m [96m    ~~~~~~~~~~~~~~~~~~~~~~~~[0m
    '_user' is declared here.

[96msrc/property/property.service.ts[0m:[93m74[0m:[93m41[0m - [91merror[0m[90m TS2552: [0mCannot find name 'user'. Did you mean '_user'?

[7m74[0m         createdById: user.employeeId ?? user.id,
[7m  [0m [91m                                        ~~~~[0m

  [96msrc/property/property.service.ts[0m:[93m47[0m:[93m5[0m
    [7m47[0m     _user: AuthenticatedUser,
    [7m  [0m [96m    ~~~~~~~~~~~~~~~~~~~~~~~~[0m
    '_user' is declared here.

[96msrc/property/property.service.ts[0m:[93m78[0m:[93m26[0m - [91merror[0m[90m TS2552: [0mCannot find name 'user'. Did you mean '_user'?

[7m78[0m             changedById: user.employeeId ?? user.id,
[7m  [0m [91m                         ~~~~[0m

  [96msrc/property/property.service.ts[0m:[93m47[0m:[93m5[0m
    [7m47[0m     _user: AuthenticatedUser,
    [7m  [0m [96m    ~~~~~~~~~~~~~~~~~~~~~~~~[0m
    '_user' is declared here.

[96msrc/property/property.service.ts[0m:[93m78[0m:[93m45[0m - [91merror[0m[90m TS2552: [0mCannot find name 'user'. Did you mean '_user'?

[7m78[0m             changedById: user.employeeId ?? user.id,
[7m  [0m [91m                                            ~~~~[0m

  [96msrc/property/property.service.ts[0m:[93m47[0m:[93m5[0m
    [7m47[0m     _user: AuthenticatedUser,
    [7m  [0m [96m    ~~~~~~~~~~~~~~~~~~~~~~~~[0m
    '_user' is declared here.

[96msrc/property/property.service.ts[0m:[93m87[0m:[93m16[0m - [91merror[0m[90m TS2552: [0mCannot find name 'user'. Did you mean '_user'?

[7m87[0m       actorId: user.id,
[7m  [0m [91m               ~~~~[0m

  [96msrc/property/property.service.ts[0m:[93m47[0m:[93m5[0m
    [7m47[0m     _user: AuthenticatedUser,
    [7m  [0m [96m    ~~~~~~~~~~~~~~~~~~~~~~~~[0m
    '_user' is declared here.

[96msrc/property/property.service.ts[0m:[93m88[0m:[93m19[0m - [91merror[0m[90m TS2552: [0mCannot find name 'user'. Did you mean '_user'?

[7m88[0m       actorEmail: user.email,
[7m  [0m [91m                  ~~~~[0m

  [96msrc/property/property.service.ts[0m:[93m47[0m:[93m5[0m
    [7m47[0m     _user: AuthenticatedUser,
    [7m  [0m [96m    ~~~~~~~~~~~~~~~~~~~~~~~~[0m
    '_user' is declared here.

[[90m21:35:39[0m] Found 6 errors. Watching for file changes.

[2J[3J[H[[90m21:35:51[0m] File change detected. Starting incremental compilation...

[96msrc/property/property.service.ts[0m:[93m74[0m:[93m22[0m - [91merror[0m[90m TS2552: [0mCannot find name 'user'. Did you mean '_user'?

[7m74[0m         createdById: user.employeeId ?? user.id,
[7m  [0m [91m                     ~~~~[0m

  [96msrc/property/property.service.ts[0m:[93m47[0m:[93m5[0m
    [7m47[0m     _user: AuthenticatedUser,
    [7m  [0m [96m    ~~~~~~~~~~~~~~~~~~~~~~~~[0m
    '_user' is declared here.

[96msrc/property/property.service.ts[0m:[93m74[0m:[93m41[0m - [91merror[0m[90m TS2552: [0mCannot find name 'user'. Did you mean '_user'?

[7m74[0m         createdById: user.employeeId ?? user.id,
[7m  [0m [91m                                        ~~~~[0m

  [96msrc/property/property.service.ts[0m:[93m47[0m:[93m5[0m
    [7m47[0m     _user: AuthenticatedUser,
    [7m  [0m [96m    ~~~~~~~~~~~~~~~~~~~~~~~~[0m
    '_user' is declared here.

[96msrc/property/property.service.ts[0m:[93m78[0m:[93m26[0m - [91merror[0m[90m TS2552: [0mCannot find name 'user'. Did you mean '_user'?

[7m78[0m             changedById: user.employeeId ?? user.id,
[7m  [0m [91m                         ~~~~[0m

  [96msrc/property/property.service.ts[0m:[93m47[0m:[93m5[0m
    [7m47[0m     _user: AuthenticatedUser,
    [7m  [0m [96m    ~~~~~~~~~~~~~~~~~~~~~~~~[0m
    '_user' is declared here.

[96msrc/property/property.service.ts[0m:[93m78[0m:[93m45[0m - [91merror[0m[90m TS2552: [0mCannot find name 'user'. Did you mean '_user'?

[7m78[0m             changedById: user.employeeId ?? user.id,
[7m  [0m [91m                                            ~~~~[0m

  [96msrc/property/property.service.ts[0m:[93m47[0m:[93m5[0m
    [7m47[0m     _user: AuthenticatedUser,
    [7m  [0m [96m    ~~~~~~~~~~~~~~~~~~~~~~~~[0m
    '_user' is declared here.

[96msrc/property/property.service.ts[0m:[93m87[0m:[93m16[0m - [91merror[0m[90m TS2552: [0mCannot find name 'user'. Did you mean '_user'?

[7m87[0m       actorId: user.id,
[7m  [0m [91m               ~~~~[0m

  [96msrc/property/property.service.ts[0m:[93m47[0m:[93m5[0m
    [7m47[0m     _user: AuthenticatedUser,
    [7m  [0m [96m    ~~~~~~~~~~~~~~~~~~~~~~~~[0m
    '_user' is declared here.

[96msrc/property/property.service.ts[0m:[93m88[0m:[93m19[0m - [91merror[0m[90m TS2552: [0mCannot find name 'user'. Did you mean '_user'?

[7m88[0m       actorEmail: user.email,
[7m  [0m [91m                  ~~~~[0m

  [96msrc/property/property.service.ts[0m:[93m47[0m:[93m5[0m
    [7m47[0m     _user: AuthenticatedUser,
    [7m  [0m [96m    ~~~~~~~~~~~~~~~~~~~~~~~~[0m
    '_user' is declared here.

[[90m21:35:51[0m] Found 6 errors. Watching for file changes.

[2J[3J[H[[90m21:36:35[0m] File change detected. Starting incremental compilation...

[96msrc/property/property.service.ts[0m:[93m74[0m:[93m22[0m - [91merror[0m[90m TS2552: [0mCannot find name 'user'. Did you mean '_user'?

[7m74[0m         createdById: user.employeeId ?? user.id,
[7m  [0m [91m                     ~~~~[0m

  [96msrc/property/property.service.ts[0m:[93m47[0m:[93m5[0m
    [7m47[0m     _user: AuthenticatedUser,
    [7m  [0m [96m    ~~~~~~~~~~~~~~~~~~~~~~~~[0m
    '_user' is declared here.

[96msrc/property/property.service.ts[0m:[93m74[0m:[93m41[0m - [91merror[0m[90m TS2552: [0mCannot find name 'user'. Did you mean '_user'?

[7m74[0m         createdById: user.employeeId ?? user.id,
[7m  [0m [91m                                        ~~~~[0m

  [96msrc/property/property.service.ts[0m:[93m47[0m:[93m5[0m
    [7m47[0m     _user: AuthenticatedUser,
    [7m  [0m [96m    ~~~~~~~~~~~~~~~~~~~~~~~~[0m
    '_user' is declared here.

[96msrc/property/property.service.ts[0m:[93m78[0m:[93m26[0m - [91merror[0m[90m TS2552: [0mCannot find name 'user'. Did you mean '_user'?

[7m78[0m             changedById: user.employeeId ?? user.id,
[7m  [0m [91m                         ~~~~[0m

  [96msrc/property/property.service.ts[0m:[93m47[0m:[93m5[0m
    [7m47[0m     _user: AuthenticatedUser,
    [7m  [0m [96m    ~~~~~~~~~~~~~~~~~~~~~~~~[0m
    '_user' is declared here.

[96msrc/property/property.service.ts[0m:[93m78[0m:[93m45[0m - [91merror[0m[90m TS2552: [0mCannot find name 'user'. Did you mean '_user'?

[7m78[0m             changedById: user.employeeId ?? user.id,
[7m  [0m [91m                                            ~~~~[0m

  [96msrc/property/property.service.ts[0m:[93m47[0m:[93m5[0m
    [7m47[0m     _user: AuthenticatedUser,
    [7m  [0m [96m    ~~~~~~~~~~~~~~~~~~~~~~~~[0m
    '_user' is declared here.

[96msrc/property/property.service.ts[0m:[93m87[0m:[93m16[0m - [91merror[0m[90m TS2552: [0mCannot find name 'user'. Did you mean '_user'?

[7m87[0m       actorId: user.id,
[7m  [0m [91m               ~~~~[0m

  [96msrc/property/property.service.ts[0m:[93m47[0m:[93m5[0m
    [7m47[0m     _user: AuthenticatedUser,
    [7m  [0m [96m    ~~~~~~~~~~~~~~~~~~~~~~~~[0m
    '_user' is declared here.

[96msrc/property/property.service.ts[0m:[93m88[0m:[93m19[0m - [91merror[0m[90m TS2552: [0mCannot find name 'user'. Did you mean '_user'?

[7m88[0m       actorEmail: user.email,
[7m  [0m [91m                  ~~~~[0m

  [96msrc/property/property.service.ts[0m:[93m47[0m:[93m5[0m
    [7m47[0m     _user: AuthenticatedUser,
    [7m  [0m [96m    ~~~~~~~~~~~~~~~~~~~~~~~~[0m
    '_user' is declared here.

[[90m21:36:36[0m] Found 6 errors. Watching for file changes.

[2J[3J[H[[90m21:36:46[0m] File change detected. Starting incremental compilation...

[96msrc/property/property.service.ts[0m:[93m74[0m:[93m22[0m - [91merror[0m[90m TS2552: [0mCannot find name 'user'. Did you mean '_user'?

[7m74[0m         createdById: user.employeeId ?? user.id,
[7m  [0m [91m                     ~~~~[0m

  [96msrc/property/property.service.ts[0m:[93m47[0m:[93m5[0m
    [7m47[0m     _user: AuthenticatedUser,
    [7m  [0m [96m    ~~~~~~~~~~~~~~~~~~~~~~~~[0m
    '_user' is declared here.

[96msrc/property/property.service.ts[0m:[93m74[0m:[93m41[0m - [91merror[0m[90m TS2552: [0mCannot find name 'user'. Did you mean '_user'?

[7m74[0m         createdById: user.employeeId ?? user.id,
[7m  [0m [91m                                        ~~~~[0m

  [96msrc/property/property.service.ts[0m:[93m47[0m:[93m5[0m
    [7m47[0m     _user: AuthenticatedUser,
    [7m  [0m [96m    ~~~~~~~~~~~~~~~~~~~~~~~~[0m
    '_user' is declared here.

[96msrc/property/property.service.ts[0m:[93m78[0m:[93m26[0m - [91merror[0m[90m TS2552: [0mCannot find name 'user'. Did you mean '_user'?

[7m78[0m             changedById: user.employeeId ?? user.id,
[7m  [0m [91m                         ~~~~[0m

  [96msrc/property/property.service.ts[0m:[93m47[0m:[93m5[0m
    [7m47[0m     _user: AuthenticatedUser,
    [7m  [0m [96m    ~~~~~~~~~~~~~~~~~~~~~~~~[0m
    '_user' is declared here.

[96msrc/property/property.service.ts[0m:[93m78[0m:[93m45[0m - [91merror[0m[90m TS2552: [0mCannot find name 'user'. Did you mean '_user'?

[7m78[0m             changedById: user.employeeId ?? user.id,
[7m  [0m [91m                                            ~~~~[0m

  [96msrc/property/property.service.ts[0m:[93m47[0m:[93m5[0m
    [7m47[0m     _user: AuthenticatedUser,
    [7m  [0m [96m    ~~~~~~~~~~~~~~~~~~~~~~~~[0m
    '_user' is declared here.

[96msrc/property/property.service.ts[0m:[93m87[0m:[93m16[0m - [91merror[0m[90m TS2552: [0mCannot find name 'user'. Did you mean '_user'?

[7m87[0m       actorId: user.id,
[7m  [0m [91m               ~~~~[0m

  [96msrc/property/property.service.ts[0m:[93m47[0m:[93m5[0m
    [7m47[0m     _user: AuthenticatedUser,
    [7m  [0m [96m    ~~~~~~~~~~~~~~~~~~~~~~~~[0m
    '_user' is declared here.

[96msrc/property/property.service.ts[0m:[93m88[0m:[93m19[0m - [91merror[0m[90m TS2552: [0mCannot find name 'user'. Did you mean '_user'?

[7m88[0m       actorEmail: user.email,
[7m  [0m [91m                  ~~~~[0m

  [96msrc/property/property.service.ts[0m:[93m47[0m:[93m5[0m
    [7m47[0m     _user: AuthenticatedUser,
    [7m  [0m [96m    ~~~~~~~~~~~~~~~~~~~~~~~~[0m
    '_user' is declared here.

[[90m21:36:46[0m] Found 6 errors. Watching for file changes.

[2J[3J[H[[90m21:38:28[0m] File change detected. Starting incremental compilation...

[96msrc/property/property.service.ts[0m:[93m74[0m:[93m22[0m - [91merror[0m[90m TS2552: [0mCannot find name 'user'. Did you mean '_user'?

[7m74[0m         createdById: user.employeeId ?? user.id,
[7m  [0m [91m                     ~~~~[0m

  [96msrc/property/property.service.ts[0m:[93m47[0m:[93m5[0m
    [7m47[0m     _user: AuthenticatedUser,
    [7m  [0m [96m    ~~~~~~~~~~~~~~~~~~~~~~~~[0m
    '_user' is declared here.

[96msrc/property/property.service.ts[0m:[93m74[0m:[93m41[0m - [91merror[0m[90m TS2552: [0mCannot find name 'user'. Did you mean '_user'?

[7m74[0m         createdById: user.employeeId ?? user.id,
[7m  [0m [91m                                        ~~~~[0m

  [96msrc/property/property.service.ts[0m:[93m47[0m:[93m5[0m
    [7m47[0m     _user: AuthenticatedUser,
    [7m  [0m [96m    ~~~~~~~~~~~~~~~~~~~~~~~~[0m
    '_user' is declared here.

[96msrc/property/property.service.ts[0m:[93m78[0m:[93m26[0m - [91merror[0m[90m TS2552: [0mCannot find name 'user'. Did you mean '_user'?

[7m78[0m             changedById: user.employeeId ?? user.id,
[7m  [0m [91m                         ~~~~[0m

  [96msrc/property/property.service.ts[0m:[93m47[0m:[93m5[0m
    [7m47[0m     _user: AuthenticatedUser,
    [7m  [0m [96m    ~~~~~~~~~~~~~~~~~~~~~~~~[0m
    '_user' is declared here.

[96msrc/property/property.service.ts[0m:[93m78[0m:[93m45[0m - [91merror[0m[90m TS2552: [0mCannot find name 'user'. Did you mean '_user'?

[7m78[0m             changedById: user.employeeId ?? user.id,
[7m  [0m [91m                                            ~~~~[0m

  [96msrc/property/property.service.ts[0m:[93m47[0m:[93m5[0m
    [7m47[0m     _user: AuthenticatedUser,
    [7m  [0m [96m    ~~~~~~~~~~~~~~~~~~~~~~~~[0m
    '_user' is declared here.

[96msrc/property/property.service.ts[0m:[93m87[0m:[93m16[0m - [91merror[0m[90m TS2552: [0mCannot find name 'user'. Did you mean '_user'?

[7m87[0m       actorId: user.id,
[7m  [0m [91m               ~~~~[0m

  [96msrc/property/property.service.ts[0m:[93m47[0m:[93m5[0m
    [7m47[0m     _user: AuthenticatedUser,
    [7m  [0m [96m    ~~~~~~~~~~~~~~~~~~~~~~~~[0m
    '_user' is declared here.

[96msrc/property/property.service.ts[0m:[93m88[0m:[93m19[0m - [91merror[0m[90m TS2552: [0mCannot find name 'user'. Did you mean '_user'?

[7m88[0m       actorEmail: user.email,
[7m  [0m [91m                  ~~~~[0m

  [96msrc/property/property.service.ts[0m:[93m47[0m:[93m5[0m
    [7m47[0m     _user: AuthenticatedUser,
    [7m  [0m [96m    ~~~~~~~~~~~~~~~~~~~~~~~~[0m
    '_user' is declared here.

[[90m21:38:29[0m] Found 6 errors. Watching for file changes.

[2J[3J[H[[90m21:38:49[0m] File change detected. Starting incremental compilation...

[96msrc/auth/auth.service.ts[0m:[93m646[0m:[93m41[0m - [91merror[0m[90m TS2769: [0mNo overload matches this call.
  Overload 1 of 3, '(payload: string, options?: Omit<JwtSignOptions, keyof SignOptions> | undefined): string', gave the following error.
    Argument of type 'JwtPayload' is not assignable to parameter of type 'string'.
  Overload 2 of 3, '(payload: Buffer<ArrayBufferLike>, options?: JwtSignOptions | undefined): string', gave the following error.
    Argument of type 'JwtPayload' is not assignable to parameter of type 'Buffer<ArrayBufferLike>'.
      Type 'JwtPayload' is missing the following properties from type 'Buffer<ArrayBufferLike>': slice, subarray, write, toJSON, and 102 more.
  Overload 3 of 3, '(payload: JwtPayload, options?: JwtSignOptions | undefined): string', gave the following error.
    Type 'string' is not assignable to type 'number | StringValue | undefined'.

[7m646[0m     const accessToken = this.jwtService.sign(payload, {
[7m   [0m [91m                                        ~~~~[0m


[96msrc/property/property.service.ts[0m:[93m74[0m:[93m22[0m - [91merror[0m[90m TS2552: [0mCannot find name 'user'. Did you mean '_user'?

[7m74[0m         createdById: user.employeeId ?? user.id,
[7m  [0m [91m                     ~~~~[0m

  [96msrc/property/property.service.ts[0m:[93m47[0m:[93m5[0m
    [7m47[0m     _user: AuthenticatedUser,
    [7m  [0m [96m    ~~~~~~~~~~~~~~~~~~~~~~~~[0m
    '_user' is declared here.

[96msrc/property/property.service.ts[0m:[93m74[0m:[93m41[0m - [91merror[0m[90m TS2552: [0mCannot find name 'user'. Did you mean '_user'?

[7m74[0m         createdById: user.employeeId ?? user.id,
[7m  [0m [91m                                        ~~~~[0m

  [96msrc/property/property.service.ts[0m:[93m47[0m:[93m5[0m
    [7m47[0m     _user: AuthenticatedUser,
    [7m  [0m [96m    ~~~~~~~~~~~~~~~~~~~~~~~~[0m
    '_user' is declared here.

[96msrc/property/property.service.ts[0m:[93m78[0m:[93m26[0m - [91merror[0m[90m TS2552: [0mCannot find name 'user'. Did you mean '_user'?

[7m78[0m             changedById: user.employeeId ?? user.id,
[7m  [0m [91m                         ~~~~[0m

  [96msrc/property/property.service.ts[0m:[93m47[0m:[93m5[0m
    [7m47[0m     _user: AuthenticatedUser,
    [7m  [0m [96m    ~~~~~~~~~~~~~~~~~~~~~~~~[0m
    '_user' is declared here.

[96msrc/property/property.service.ts[0m:[93m78[0m:[93m45[0m - [91merror[0m[90m TS2552: [0mCannot find name 'user'. Did you mean '_user'?

[7m78[0m             changedById: user.employeeId ?? user.id,
[7m  [0m [91m                                            ~~~~[0m

  [96msrc/property/property.service.ts[0m:[93m47[0m:[93m5[0m
    [7m47[0m     _user: AuthenticatedUser,
    [7m  [0m [96m    ~~~~~~~~~~~~~~~~~~~~~~~~[0m
    '_user' is declared here.

[96msrc/property/property.service.ts[0m:[93m87[0m:[93m16[0m - [91merror[0m[90m TS2552: [0mCannot find name 'user'. Did you mean '_user'?

[7m87[0m       actorId: user.id,
[7m  [0m [91m               ~~~~[0m

  [96msrc/property/property.service.ts[0m:[93m47[0m:[93m5[0m
    [7m47[0m     _user: AuthenticatedUser,
    [7m  [0m [96m    ~~~~~~~~~~~~~~~~~~~~~~~~[0m
    '_user' is declared here.

[96msrc/property/property.service.ts[0m:[93m88[0m:[93m19[0m - [91merror[0m[90m TS2552: [0mCannot find name 'user'. Did you mean '_user'?

[7m88[0m       actorEmail: user.email,
[7m  [0m [91m                  ~~~~[0m

  [96msrc/property/property.service.ts[0m:[93m47[0m:[93m5[0m
    [7m47[0m     _user: AuthenticatedUser,
    [7m  [0m [96m    ~~~~~~~~~~~~~~~~~~~~~~~~[0m
    '_user' is declared here.

[[90m21:38:50[0m] Found 7 errors. Watching for file changes.

[2J[3J[H[[90m21:40:31[0m] File change detected. Starting incremental compilation...

[96msrc/property/property.service.ts[0m:[93m74[0m:[93m22[0m - [91merror[0m[90m TS2552: [0mCannot find name 'user'. Did you mean '_user'?

[7m74[0m         createdById: user.employeeId ?? user.id,
[7m  [0m [91m                     ~~~~[0m

  [96msrc/property/property.service.ts[0m:[93m47[0m:[93m5[0m
    [7m47[0m     _user: AuthenticatedUser,
    [7m  [0m [96m    ~~~~~~~~~~~~~~~~~~~~~~~~[0m
    '_user' is declared here.

[96msrc/property/property.service.ts[0m:[93m74[0m:[93m41[0m - [91merror[0m[90m TS2552: [0mCannot find name 'user'. Did you mean '_user'?

[7m74[0m         createdById: user.employeeId ?? user.id,
[7m  [0m [91m                                        ~~~~[0m

  [96msrc/property/property.service.ts[0m:[93m47[0m:[93m5[0m
    [7m47[0m     _user: AuthenticatedUser,
    [7m  [0m [96m    ~~~~~~~~~~~~~~~~~~~~~~~~[0m
    '_user' is declared here.

[96msrc/property/property.service.ts[0m:[93m78[0m:[93m26[0m - [91merror[0m[90m TS2552: [0mCannot find name 'user'. Did you mean '_user'?

[7m78[0m             changedById: user.employeeId ?? user.id,
[7m  [0m [91m                         ~~~~[0m

  [96msrc/property/property.service.ts[0m:[93m47[0m:[93m5[0m
    [7m47[0m     _user: AuthenticatedUser,
    [7m  [0m [96m    ~~~~~~~~~~~~~~~~~~~~~~~~[0m
    '_user' is declared here.

[96msrc/property/property.service.ts[0m:[93m78[0m:[93m45[0m - [91merror[0m[90m TS2552: [0mCannot find name 'user'. Did you mean '_user'?

[7m78[0m             changedById: user.employeeId ?? user.id,
[7m  [0m [91m                                            ~~~~[0m

  [96msrc/property/property.service.ts[0m:[93m47[0m:[93m5[0m
    [7m47[0m     _user: AuthenticatedUser,
    [7m  [0m [96m    ~~~~~~~~~~~~~~~~~~~~~~~~[0m
    '_user' is declared here.

[96msrc/property/property.service.ts[0m:[93m87[0m:[93m16[0m - [91merror[0m[90m TS2552: [0mCannot find name 'user'. Did you mean '_user'?

[7m87[0m       actorId: user.id,
[7m  [0m [91m               ~~~~[0m

  [96msrc/property/property.service.ts[0m:[93m47[0m:[93m5[0m
    [7m47[0m     _user: AuthenticatedUser,
    [7m  [0m [96m    ~~~~~~~~~~~~~~~~~~~~~~~~[0m
    '_user' is declared here.

[96msrc/property/property.service.ts[0m:[93m88[0m:[93m19[0m - [91merror[0m[90m TS2552: [0mCannot find name 'user'. Did you mean '_user'?

[7m88[0m       actorEmail: user.email,
[7m  [0m [91m                  ~~~~[0m

  [96msrc/property/property.service.ts[0m:[93m47[0m:[93m5[0m
    [7m47[0m     _user: AuthenticatedUser,
    [7m  [0m [96m    ~~~~~~~~~~~~~~~~~~~~~~~~[0m
    '_user' is declared here.

[[90m21:40:32[0m] Found 6 errors. Watching for file changes.

[2J[3J[H[[90m21:40:35[0m] File change detected. Starting incremental compilation...

[96msrc/auth/auth.service.ts[0m:[93m646[0m:[93m41[0m - [91merror[0m[90m TS2769: [0mNo overload matches this call.
  Overload 1 of 3, '(payload: string, options?: Omit<JwtSignOptions, keyof SignOptions> | undefined): string', gave the following error.
    Argument of type 'JwtPayload' is not assignable to parameter of type 'string'.
  Overload 2 of 3, '(payload: Buffer<ArrayBufferLike>, options?: JwtSignOptions | undefined): string', gave the following error.
    Argument of type 'JwtPayload' is not assignable to parameter of type 'Buffer<ArrayBufferLike>'.
      Type 'JwtPayload' is missing the following properties from type 'Buffer<ArrayBufferLike>': slice, subarray, write, toJSON, and 102 more.
  Overload 3 of 3, '(payload: JwtPayload, options?: JwtSignOptions | undefined): string', gave the following error.
    Type 'string' is not assignable to type 'number | StringValue | undefined'.

[7m646[0m     const accessToken = this.jwtService.sign(payload, {
[7m   [0m [91m                                        ~~~~[0m


[96msrc/property/property.service.ts[0m:[93m74[0m:[93m22[0m - [91merror[0m[90m TS2552: [0mCannot find name 'user'. Did you mean '_user'?

[7m74[0m         createdById: user.employeeId ?? user.id,
[7m  [0m [91m                     ~~~~[0m

  [96msrc/property/property.service.ts[0m:[93m47[0m:[93m5[0m
    [7m47[0m     _user: AuthenticatedUser,
    [7m  [0m [96m    ~~~~~~~~~~~~~~~~~~~~~~~~[0m
    '_user' is declared here.

[96msrc/property/property.service.ts[0m:[93m74[0m:[93m41[0m - [91merror[0m[90m TS2552: [0mCannot find name 'user'. Did you mean '_user'?

[7m74[0m         createdById: user.employeeId ?? user.id,
[7m  [0m [91m                                        ~~~~[0m

  [96msrc/property/property.service.ts[0m:[93m47[0m:[93m5[0m
    [7m47[0m     _user: AuthenticatedUser,
    [7m  [0m [96m    ~~~~~~~~~~~~~~~~~~~~~~~~[0m
    '_user' is declared here.

[96msrc/property/property.service.ts[0m:[93m78[0m:[93m26[0m - [91merror[0m[90m TS2552: [0mCannot find name 'user'. Did you mean '_user'?

[7m78[0m             changedById: user.employeeId ?? user.id,
[7m  [0m [91m                         ~~~~[0m

  [96msrc/property/property.service.ts[0m:[93m47[0m:[93m5[0m
    [7m47[0m     _user: AuthenticatedUser,
    [7m  [0m [96m    ~~~~~~~~~~~~~~~~~~~~~~~~[0m
    '_user' is declared here.

[96msrc/property/property.service.ts[0m:[93m78[0m:[93m45[0m - [91merror[0m[90m TS2552: [0mCannot find name 'user'. Did you mean '_user'?

[7m78[0m             changedById: user.employeeId ?? user.id,
[7m  [0m [91m                                            ~~~~[0m

  [96msrc/property/property.service.ts[0m:[93m47[0m:[93m5[0m
    [7m47[0m     _user: AuthenticatedUser,
    [7m  [0m [96m    ~~~~~~~~~~~~~~~~~~~~~~~~[0m
    '_user' is declared here.

[96msrc/property/property.service.ts[0m:[93m87[0m:[93m16[0m - [91merror[0m[90m TS2552: [0mCannot find name 'user'. Did you mean '_user'?

[7m87[0m       actorId: user.id,
[7m  [0m [91m               ~~~~[0m

  [96msrc/property/property.service.ts[0m:[93m47[0m:[93m5[0m
    [7m47[0m     _user: AuthenticatedUser,
    [7m  [0m [96m    ~~~~~~~~~~~~~~~~~~~~~~~~[0m
    '_user' is declared here.

[96msrc/property/property.service.ts[0m:[93m88[0m:[93m19[0m - [91merror[0m[90m TS2552: [0mCannot find name 'user'. Did you mean '_user'?

[7m88[0m       actorEmail: user.email,
[7m  [0m [91m                  ~~~~[0m

  [96msrc/property/property.service.ts[0m:[93m47[0m:[93m5[0m
    [7m47[0m     _user: AuthenticatedUser,
    [7m  [0m [96m    ~~~~~~~~~~~~~~~~~~~~~~~~[0m
    '_user' is declared here.

[[90m21:40:35[0m] Found 7 errors. Watching for file changes.

[2J[3J[H[[90m21:41:01[0m] File change detected. Starting incremental compilation...

[96msrc/auth/auth.service.ts[0m:[93m646[0m:[93m41[0m - [91merror[0m[90m TS2769: [0mNo overload matches this call.
  Overload 1 of 3, '(payload: string, options?: Omit<JwtSignOptions, keyof SignOptions> | undefined): string', gave the following error.
    Argument of type 'JwtPayload' is not assignable to parameter of type 'string'.
  Overload 2 of 3, '(payload: Buffer<ArrayBufferLike>, options?: JwtSignOptions | undefined): string', gave the following error.
    Argument of type 'JwtPayload' is not assignable to parameter of type 'Buffer<ArrayBufferLike>'.
      Type 'JwtPayload' is missing the following properties from type 'Buffer<ArrayBufferLike>': slice, subarray, write, toJSON, and 102 more.
  Overload 3 of 3, '(payload: JwtPayload, options?: JwtSignOptions | undefined): string', gave the following error.
    Type 'string' is not assignable to type 'number | StringValue | undefined'.

[7m646[0m     const accessToken = this.jwtService.sign(payload, {
[7m   [0m [91m                                        ~~~~[0m


[[90m21:41:02[0m] Found 1 error. Watching for file changes.

[2J[3J[H[[90m21:42:01[0m] File change detected. Starting incremental compilation...

[96msrc/auth/auth.service.ts[0m:[93m646[0m:[93m41[0m - [91merror[0m[90m TS2769: [0mNo overload matches this call.
  Overload 1 of 3, '(payload: string, options?: Omit<JwtSignOptions, keyof SignOptions> | undefined): string', gave the following error.
    Argument of type 'JwtPayload' is not assignable to parameter of type 'string'.
  Overload 2 of 3, '(payload: Buffer<ArrayBufferLike>, options?: JwtSignOptions | undefined): string', gave the following error.
    Argument of type 'JwtPayload' is not assignable to parameter of type 'Buffer<ArrayBufferLike>'.
      Type 'JwtPayload' is missing the following properties from type 'Buffer<ArrayBufferLike>': slice, subarray, write, toJSON, and 102 more.
  Overload 3 of 3, '(payload: JwtPayload, options?: JwtSignOptions | undefined): string', gave the following error.
    Type 'string' is not assignable to type 'number | StringValue | undefined'.

[7m646[0m     const accessToken = this.jwtService.sign(payload, {
[7m   [0m [91m                                        ~~~~[0m


[[90m21:42:01[0m] Found 1 error. Watching for file changes.

[2J[3J[H[[90m21:42:56[0m] File change detected. Starting incremental compilation...

[96msrc/auth/auth.service.ts[0m:[93m649[0m:[93m19[0m - [91merror[0m[90m TS2552: [0mCannot find name 'SignOptions'. Did you mean 'GainOptions'?

[7m649[0m         '15m') as SignOptions['expiresIn'], // jwt expects ms-literal | number
[7m   [0m [91m                  ~~~~~~~~~~~[0m

[[90m21:42:56[0m] Found 1 error. Watching for file changes.

[2J[3J[H[[90m21:43:05[0m] File change detected. Starting incremental compilation...

[96msrc/auth/auth.service.ts[0m:[93m17[0m:[93m34[0m - [91merror[0m[90m TS2307: [0mCannot find module 'jsonwebtoken' or its corresponding type declarations.

[7m17[0m import type { SignOptions } from 'jsonwebtoken';
[7m  [0m [91m                                 ~~~~~~~~~~~~~~[0m

[[90m21:43:06[0m] Found 1 error. Watching for file changes.

[2J[3J[H[[90m21:44:09[0m] File change detected. Starting incremental compilation...

[[90m21:44:10[0m] Found 0 errors. Watching for file changes.

[32m[Nest] 10272  - [39m22/09/2026, 21:44:11 [32m    LOG[39m [38;5;3m[NestFactory] [39m[32mStarting Nest application...[39m
[32m[Nest] 10272  - [39m22/09/2026, 21:44:11 [32m    LOG[39m [38;5;3m[InstanceLoader] [39m[32mPrismaModule dependencies initialized[39m[38;5;3m +24ms[39m
[32m[Nest] 10272  - [39m22/09/2026, 21:44:11 [32m    LOG[39m [38;5;3m[InstanceLoader] [39m[32mPassportModule dependencies initialized[39m[38;5;3m +0ms[39m
[32m[Nest] 10272  - [39m22/09/2026, 21:44:11 [32m    LOG[39m [38;5;3m[InstanceLoader] [39m[32mConfigHostModule dependencies initialized[39m[38;5;3m +8ms[39m
[32m[Nest] 10272  - [39m22/09/2026, 21:44:11 [32m    LOG[39m [38;5;3m[InstanceLoader] [39m[32mThrottlerModule dependencies initialized[39m[38;5;3m +0ms[39m
[33m[Nest] 10272  - [39m22/09/2026, 21:44:11 [33m   WARN[39m [38;5;3m[EmailService] [39m[33mSMTP not configured — emails will be logged to console. Set SMTP_HOST, SMTP_USER, SMTP_PASS in .env to enable sending.[39m
[32m[Nest] 10272  - [39m22/09/2026, 21:44:11 [32m    LOG[39m [38;5;3m[InstanceLoader] [39m[32mConfigModule dependencies initialized[39m[38;5;3m +0ms[39m
[32m[Nest] 10272  - [39m22/09/2026, 21:44:11 [32m    LOG[39m [38;5;3m[InstanceLoader] [39m[32mConfigModule dependencies initialized[39m[38;5;3m +0ms[39m
[32m[Nest] 10272  - [39m22/09/2026, 21:44:11 [32m    LOG[39m [38;5;3m[InstanceLoader] [39m[32mNotificationModule dependencies initialized[39m[38;5;3m +1ms[39m
[32m[Nest] 10272  - [39m22/09/2026, 21:44:11 [32m    LOG[39m [38;5;3m[InstanceLoader] [39m[32mAiModule dependencies initialized[39m[38;5;3m +0ms[39m
[32m[Nest] 10272  - [39m22/09/2026, 21:44:11 [32m    LOG[39m [38;5;3m[InstanceLoader] [39m[32mEmailModule dependencies initialized[39m[38;5;3m +1ms[39m
[32m[Nest] 10272  - [39m22/09/2026, 21:44:11 [32m    LOG[39m [38;5;3m[InstanceLoader] [39m[32mStorageModule dependencies initialized[39m[38;5;3m +0ms[39m
[32m[Nest] 10272  - [39m22/09/2026, 21:44:11 [32m    LOG[39m [38;5;3m[InstanceLoader] [39m[32mJwtModule dependencies initialized[39m[38;5;3m +0ms[39m
[32m[Nest] 10272  - [39m22/09/2026, 21:44:11 [32m    LOG[39m [38;5;3m[InstanceLoader] [39m[32mVendorModule dependencies initialized[39m[38;5;3m +1ms[39m
[32m[Nest] 10272  - [39m22/09/2026, 21:44:11 [32m    LOG[39m [38;5;3m[InstanceLoader] [39m[32mAppointmentModule dependencies initialized[39m[38;5;3m +0ms[39m
[32m[Nest] 10272  - [39m22/09/2026, 21:44:11 [32m    LOG[39m [38;5;3m[InstanceLoader] [39m[32mEmployeeModule dependencies initialized[39m[38;5;3m +1ms[39m
[32m[Nest] 10272  - [39m22/09/2026, 21:44:11 [32m    LOG[39m [38;5;3m[InstanceLoader] [39m[32mDashboardModule dependencies initialized[39m[38;5;3m +0ms[39m
[32m[Nest] 10272  - [39m22/09/2026, 21:44:11 [32m    LOG[39m [38;5;3m[InstanceLoader] [39m[32mAuditModule dependencies initialized[39m[38;5;3m +0ms[39m
[32m[Nest] 10272  - [39m22/09/2026, 21:44:11 [32m    LOG[39m [38;5;3m[InstanceLoader] [39m[32mAppModule dependencies initialized[39m[38;5;3m +0ms[39m
[32m[Nest] 10272  - [39m22/09/2026, 21:44:11 [32m    LOG[39m [38;5;3m[InstanceLoader] [39m[32mCustomerModule dependencies initialized[39m[38;5;3m +0ms[39m
[32m[Nest] 10272  - [39m22/09/2026, 21:44:11 [32m    LOG[39m [38;5;3m[InstanceLoader] [39m[32mSaleModule dependencies initialized[39m[38;5;3m +0ms[39m
[32m[Nest] 10272  - [39m22/09/2026, 21:44:11 [32m    LOG[39m [38;5;3m[InstanceLoader] [39m[32mPaymentModule dependencies initialized[39m[38;5;3m +0ms[39m
[32m[Nest] 10272  - [39m22/09/2026, 21:44:11 [32m    LOG[39m [38;5;3m[InstanceLoader] [39m[32mInspectionModule dependencies initialized[39m[38;5;3m +0ms[39m
[32m[Nest] 10272  - [39m22/09/2026, 21:44:11 [32m    LOG[39m [38;5;3m[InstanceLoader] [39m[32mCompanyModule dependencies initialized[39m[38;5;3m +0ms[39m
[32m[Nest] 10272  - [39m22/09/2026, 21:44:11 [32m    LOG[39m [38;5;3m[InstanceLoader] [39m[32mReservationModule dependencies initialized[39m[38;5;3m +1ms[39m
[32m[Nest] 10272  - [39m22/09/2026, 21:44:11 [32m    LOG[39m [38;5;3m[InstanceLoader] [39m[32mDocumentModule dependencies initialized[39m[38;5;3m +0ms[39m
[32m[Nest] 10272  - [39m22/09/2026, 21:44:11 [32m    LOG[39m [38;5;3m[InstanceLoader] [39m[32mEstateModule dependencies initialized[39m[38;5;3m +0ms[39m
[32m[Nest] 10272  - [39m22/09/2026, 21:44:11 [32m    LOG[39m [38;5;3m[InstanceLoader] [39m[32mPropertyModule dependencies initialized[39m[38;5;3m +0ms[39m
[32m[Nest] 10272  - [39m22/09/2026, 21:44:11 [32m    LOG[39m [38;5;3m[InstanceLoader] [39m[32mPosterModule dependencies initialized[39m[38;5;3m +0ms[39m
[32m[Nest] 10272  - [39m22/09/2026, 21:44:11 [32m    LOG[39m [38;5;3m[InstanceLoader] [39m[32mAuthModule dependencies initialized[39m[38;5;3m +0ms[39m
[32m[Nest] 10272  - [39m22/09/2026, 21:44:12 [32m    LOG[39m [38;5;3m[RoutesResolver] [39m[32mHealthController {/api/v1/health}:[39m[38;5;3m +431ms[39m
[32m[Nest] 10272  - [39m22/09/2026, 21:44:12 [32m    LOG[39m [38;5;3m[RouterExplorer] [39m[32mMapped {/api/v1/health, GET} route[39m[38;5;3m +2ms[39m
[32m[Nest] 10272  - [39m22/09/2026, 21:44:12 [32m    LOG[39m [38;5;3m[RoutesResolver] [39m[32mAuditController {/api/v1/audit-logs}:[39m[38;5;3m +0ms[39m
[32m[Nest] 10272  - [39m22/09/2026, 21:44:12 [32m    LOG[39m [38;5;3m[RouterExplorer] [39m[32mMapped {/api/v1/audit-logs, GET} route[39m[38;5;3m +1ms[39m
[32m[Nest] 10272  - [39m22/09/2026, 21:44:12 [32m    LOG[39m [38;5;3m[RoutesResolver] [39m[32mAuthController {/api/v1/auth}:[39m[38;5;3m +0ms[39m
[32m[Nest] 10272  - [39m22/09/2026, 21:44:12 [32m    LOG[39m [38;5;3m[RouterExplorer] [39m[32mMapped {/api/v1/auth/login, POST} route[39m[38;5;3m +0ms[39m
[32m[Nest] 10272  - [39m22/09/2026, 21:44:12 [32m    LOG[39m [38;5;3m[RouterExplorer] [39m[32mMapped {/api/v1/auth/refresh, POST} route[39m[38;5;3m +0ms[39m
[32m[Nest] 10272  - [39m22/09/2026, 21:44:12 [32m    LOG[39m [38;5;3m[RouterExplorer] [39m[32mMapped {/api/v1/auth/logout, POST} route[39m[38;5;3m +0ms[39m
[32m[Nest] 10272  - [39m22/09/2026, 21:44:12 [32m    LOG[39m [38;5;3m[RouterExplorer] [39m[32mMapped {/api/v1/auth/change-password, POST} route[39m[38;5;3m +1ms[39m
[32m[Nest] 10272  - [39m22/09/2026, 21:44:12 [32m    LOG[39m [38;5;3m[RouterExplorer] [39m[32mMapped {/api/v1/auth/me, POST} route[39m[38;5;3m +0ms[39m
[32m[Nest] 10272  - [39m22/09/2026, 21:44:12 [32m    LOG[39m [38;5;3m[RouterExplorer] [39m[32mMapped {/api/v1/auth/super/login, POST} route[39m[38;5;3m +0ms[39m
[32m[Nest] 10272  - [39m22/09/2026, 21:44:12 [32m    LOG[39m [38;5;3m[RouterExplorer] [39m[32mMapped {/api/v1/auth/customer/register, POST} route[39m[38;5;3m +2ms[39m
[32m[Nest] 10272  - [39m22/09/2026, 21:44:12 [32m    LOG[39m [38;5;3m[RouterExplorer] [39m[32mMapped {/api/v1/auth/customer/login, POST} route[39m[38;5;3m +0ms[39m
[32m[Nest] 10272  - [39m22/09/2026, 21:44:12 [32m    LOG[39m [38;5;3m[RouterExplorer] [39m[32mMapped {/api/v1/auth/customer/me, GET} route[39m[38;5;3m +0ms[39m
[32m[Nest] 10272  - [39m22/09/2026, 21:44:12 [32m    LOG[39m [38;5;3m[RouterExplorer] [39m[32mMapped {/api/v1/auth/customer/profile, PATCH} route[39m[38;5;3m +0ms[39m
[32m[Nest] 10272  - [39m22/09/2026, 21:44:12 [32m    LOG[39m [38;5;3m[RoutesResolver] [39m[32mCompanyController {/api/v1/companies}:[39m[38;5;3m +0ms[39m
[32m[Nest] 10272  - [39m22/09/2026, 21:44:12 [32m    LOG[39m [38;5;3m[RouterExplorer] [39m[32mMapped {/api/v1/companies, POST} route[39m[38;5;3m +0ms[39m
[32m[Nest] 10272  - [39m22/09/2026, 21:44:12 [32m    LOG[39m [38;5;3m[RouterExplorer] [39m[32mMapped {/api/v1/companies, GET} route[39m[38;5;3m +0ms[39m
[32m[Nest] 10272  - [39m22/09/2026, 21:44:12 [32m    LOG[39m [38;5;3m[RouterExplorer] [39m[32mMapped {/api/v1/companies/departments, GET} route[39m[38;5;3m +0ms[39m
[32m[Nest] 10272  - [39m22/09/2026, 21:44:12 [32m    LOG[39m [38;5;3m[RouterExplorer] [39m[32mMapped {/api/v1/companies/:id, GET} route[39m[38;5;3m +1ms[39m
[32m[Nest] 10272  - [39m22/09/2026, 21:44:12 [32m    LOG[39m [38;5;3m[RouterExplorer] [39m[32mMapped {/api/v1/companies/:id, PATCH} route[39m[38;5;3m +0ms[39m
[32m[Nest] 10272  - [39m22/09/2026, 21:44:12 [32m    LOG[39m [38;5;3m[RouterExplorer] [39m[32mMapped {/api/v1/companies/:id/branches, POST} route[39m[38;5;3m +0ms[39m
[32m[Nest] 10272  - [39m22/09/2026, 21:44:12 [32m    LOG[39m [38;5;3m[RouterExplorer] [39m[32mMapped {/api/v1/companies/branches/:branchId, PATCH} route[39m[38;5;3m +0ms[39m
[32m[Nest] 10272  - [39m22/09/2026, 21:44:12 [32m    LOG[39m [38;5;3m[RouterExplorer] [39m[32mMapped {/api/v1/companies/branches/:branchId, DELETE} route[39m[38;5;3m +0ms[39m
[32m[Nest] 10272  - [39m22/09/2026, 21:44:12 [32m    LOG[39m [38;5;3m[RouterExplorer] [39m[32mMapped {/api/v1/companies/departments, POST} route[39m[38;5;3m +0ms[39m
[32m[Nest] 10272  - [39m22/09/2026, 21:44:12 [32m    LOG[39m [38;5;3m[RouterExplorer] [39m[32mMapped {/api/v1/companies/departments/:id, PATCH} route[39m[38;5;3m +0ms[39m
[32m[Nest] 10272  - [39m22/09/2026, 21:44:12 [32m    LOG[39m [38;5;3m[RouterExplorer] [39m[32mMapped {/api/v1/companies/departments/:id, DELETE} route[39m[38;5;3m +0ms[39m
[32m[Nest] 10272  - [39m22/09/2026, 21:44:12 [32m    LOG[39m [38;5;3m[RoutesResolver] [39m[32mEstateController {/api/v1/estates}:[39m[38;5;3m +0ms[39m
[32m[Nest] 10272  - [39m22/09/2026, 21:44:12 [32m    LOG[39m [38;5;3m[RouterExplorer] [39m[32mMapped {/api/v1/estates/public, GET} route[39m[38;5;3m +1ms[39m
[32m[Nest] 10272  - [39m22/09/2026, 21:44:12 [32m    LOG[39m [38;5;3m[RouterExplorer] [39m[32mMapped {/api/v1/estates, GET} route[39m[38;5;3m +0ms[39m
[32m[Nest] 10272  - [39m22/09/2026, 21:44:12 [32m    LOG[39m [38;5;3m[RouterExplorer] [39m[32mMapped {/api/v1/estates/:id, GET} route[39m[38;5;3m +0ms[39m
[32m[Nest] 10272  - [39m22/09/2026, 21:44:12 [32m    LOG[39m [38;5;3m[RouterExplorer] [39m[32mMapped {/api/v1/estates, POST} route[39m[38;5;3m +0ms[39m
[32m[Nest] 10272  - [39m22/09/2026, 21:44:12 [32m    LOG[39m [38;5;3m[RouterExplorer] [39m[32mMapped {/api/v1/estates/:id, PATCH} route[39m[38;5;3m +0ms[39m
[32m[Nest] 10272  - [39m22/09/2026, 21:44:12 [32m    LOG[39m [38;5;3m[RouterExplorer] [39m[32mMapped {/api/v1/estates/:id/phases, POST} route[39m[38;5;3m +0ms[39m
[32m[Nest] 10272  - [39m22/09/2026, 21:44:12 [32m    LOG[39m [38;5;3m[RouterExplorer] [39m[32mMapped {/api/v1/estates/:id/blocks, POST} route[39m[38;5;3m +0ms[39m
[32m[Nest] 10272  - [39m22/09/2026, 21:44:12 [32m    LOG[39m [38;5;3m[RouterExplorer] [39m[32mMapped {/api/v1/estates/:id/infrastructure, POST} route[39m[38;5;3m +0ms[39m
[32m[Nest] 10272  - [39m22/09/2026, 21:44:12 [32m    LOG[39m [38;5;3m[RouterExplorer] [39m[32mMapped {/api/v1/estates/:id/site-plan, POST} route[39m[38;5;3m +0ms[39m
[32m[Nest] 10272  - [39m22/09/2026, 21:44:12 [32m    LOG[39m [38;5;3m[RouterExplorer] [39m[32mMapped {/api/v1/estates/:id/building-types, PATCH} route[39m[38;5;3m +0ms[39m
[32m[Nest] 10272  - [39m22/09/2026, 21:44:12 [32m    LOG[39m [38;5;3m[RouterExplorer] [39m[32mMapped {/api/v1/estates/:id/building-type-image/:typeId, POST} route[39m[38;5;3m +0ms[39m
[32m[Nest] 10272  - [39m22/09/2026, 21:44:12 [32m    LOG[39m [38;5;3m[RouterExplorer] [39m[32mMapped {/api/v1/estates/:id/building-type-image/:typeId/:filename, DELETE} route[39m[38;5;3m +0ms[39m
[32m[Nest] 10272  - [39m22/09/2026, 21:44:12 [32m    LOG[39m [38;5;3m[RouterExplorer] [39m[32mMapped {/api/v1/estates/:id/permanent, DELETE} route[39m[38;5;3m +0ms[39m
[32m[Nest] 10272  - [39m22/09/2026, 21:44:12 [32m    LOG[39m [38;5;3m[RoutesResolver] [39m[32mPropertyController {/api/v1/properties}:[39m[38;5;3m +0ms[39m
[32m[Nest] 10272  - [39m22/09/2026, 21:44:12 [32m    LOG[39m [38;5;3m[RouterExplorer] [39m[32mMapped {/api/v1/properties/public, GET} route[39m[38;5;3m +1ms[39m
[32m[Nest] 10272  - [39m22/09/2026, 21:44:12 [32m    LOG[39m [38;5;3m[RouterExplorer] [39m[32mMapped {/api/v1/properties/public/:id, GET} route[39m[38;5;3m +0ms[39m
[32m[Nest] 10272  - [39m22/09/2026, 21:44:12 [32m    LOG[39m [38;5;3m[RouterExplorer] [39m[32mMapped {/api/v1/properties/public/inquiry, POST} route[39m[38;5;3m +0ms[39m
[32m[Nest] 10272  - [39m22/09/2026, 21:44:12 [32m    LOG[39m [38;5;3m[RouterExplorer] [39m[32mMapped {/api/v1/properties, GET} route[39m[38;5;3m +0ms[39m
[32m[Nest] 10272  - [39m22/09/2026, 21:44:12 [32m    LOG[39m [38;5;3m[RouterExplorer] [39m[32mMapped {/api/v1/properties/admin/inquiries, GET} route[39m[38;5;3m +0ms[39m
[32m[Nest] 10272  - [39m22/09/2026, 21:44:12 [32m    LOG[39m [38;5;3m[RouterExplorer] [39m[32mMapped {/api/v1/properties/admin/inquiries/:id/status, PATCH} route[39m[38;5;3m +0ms[39m
[32m[Nest] 10272  - [39m22/09/2026, 21:44:12 [32m    LOG[39m [38;5;3m[RouterExplorer] [39m[32mMapped {/api/v1/properties/admin/inquiries/:id/notes, PATCH} route[39m[38;5;3m +0ms[39m
[32m[Nest] 10272  - [39m22/09/2026, 21:44:12 [32m    LOG[39m [38;5;3m[RouterExplorer] [39m[32mMapped {/api/v1/properties/admin/inquiries/:id/convert, POST} route[39m[38;5;3m +0ms[39m
[32m[Nest] 10272  - [39m22/09/2026, 21:44:12 [32m    LOG[39m [38;5;3m[RouterExplorer] [39m[32mMapped {/api/v1/properties/:id, GET} route[39m[38;5;3m +0ms[39m
[32m[Nest] 10272  - [39m22/09/2026, 21:44:12 [32m    LOG[39m [38;5;3m[RouterExplorer] [39m[32mMapped {/api/v1/properties, POST} route[39m[38;5;3m +0ms[39m
[32m[Nest] 10272  - [39m22/09/2026, 21:44:12 [32m    LOG[39m [38;5;3m[RouterExplorer] [39m[32mMapped {/api/v1/properties/:id, PATCH} route[39m[38;5;3m +1ms[39m
[32m[Nest] 10272  - [39m22/09/2026, 21:44:12 [32m    LOG[39m [38;5;3m[RouterExplorer] [39m[32mMapped {/api/v1/properties/:id/status, POST} route[39m[38;5;3m +0ms[39m
[32m[Nest] 10272  - [39m22/09/2026, 21:44:12 [32m    LOG[39m [38;5;3m[RouterExplorer] [39m[32mMapped {/api/v1/properties/:id, DELETE} route[39m[38;5;3m +0ms[39m
[32m[Nest] 10272  - [39m22/09/2026, 21:44:12 [32m    LOG[39m [38;5;3m[RouterExplorer] [39m[32mMapped {/api/v1/properties/:id/permanent, DELETE} route[39m[38;5;3m +0ms[39m
[32m[Nest] 10272  - [39m22/09/2026, 21:44:12 [32m    LOG[39m [38;5;3m[RouterExplorer] [39m[32mMapped {/api/v1/properties/:id/media, POST} route[39m[38;5;3m +0ms[39m
[32m[Nest] 10272  - [39m22/09/2026, 21:44:12 [32m    LOG[39m [38;5;3m[RouterExplorer] [39m[32mMapped {/api/v1/properties/:id/media/:mediaId, DELETE} route[39m[38;5;3m +0ms[39m
[32m[Nest] 10272  - [39m22/09/2026, 21:44:12 [32m    LOG[39m [38;5;3m[RouterExplorer] [39m[32mMapped {/api/v1/properties/:id/media/:mediaId/cover, PATCH} route[39m[38;5;3m +0ms[39m
[32m[Nest] 10272  - [39m22/09/2026, 21:44:12 [32m    LOG[39m [38;5;3m[RouterExplorer] [39m[32mMapped {/api/v1/properties/:id/favorite, POST} route[39m[38;5;3m +0ms[39m
[32m[Nest] 10272  - [39m22/09/2026, 21:44:12 [32m    LOG[39m [38;5;3m[RouterExplorer] [39m[32mMapped {/api/v1/properties/:id/favorite-status, GET} route[39m[38;5;3m +0ms[39m
[32m[Nest] 10272  - [39m22/09/2026, 21:44:12 [32m    LOG[39m [38;5;3m[RoutesResolver] [39m[32mCustomerController {/api/v1/customers}:[39m[38;5;3m +0ms[39m
[32m[Nest] 10272  - [39m22/09/2026, 21:44:12 [32m    LOG[39m [38;5;3m[RouterExplorer] [39m[32mMapped {/api/v1/customers, GET} route[39m[38;5;3m +0ms[39m
[32m[Nest] 10272  - [39m22/09/2026, 21:44:12 [32m    LOG[39m [38;5;3m[RouterExplorer] [39m[32mMapped {/api/v1/customers/:id, GET} route[39m[38;5;3m +0ms[39m
[32m[Nest] 10272  - [39m22/09/2026, 21:44:12 [32m    LOG[39m [38;5;3m[RouterExplorer] [39m[32mMapped {/api/v1/customers, POST} route[39m[38;5;3m +0ms[39m
[32m[Nest] 10272  - [39m22/09/2026, 21:44:12 [32m    LOG[39m [38;5;3m[RouterExplorer] [39m[32mMapped {/api/v1/customers/:id, PATCH} route[39m[38;5;3m +1ms[39m
[32m[Nest] 10272  - [39m22/09/2026, 21:44:12 [32m    LOG[39m [38;5;3m[RouterExplorer] [39m[32mMapped {/api/v1/customers/:id/deactivate, POST} route[39m[38;5;3m +0ms[39m
[32m[Nest] 10272  - [39m22/09/2026, 21:44:12 [32m    LOG[39m [38;5;3m[RouterExplorer] [39m[32mMapped {/api/v1/customers/:id/activate, POST} route[39m[38;5;3m +0ms[39m
[32m[Nest] 10272  - [39m22/09/2026, 21:44:12 [32m    LOG[39m [38;5;3m[RouterExplorer] [39m[32mMapped {/api/v1/customers/:id, DELETE} route[39m[38;5;3m +0ms[39m
[32m[Nest] 10272  - [39m22/09/2026, 21:44:12 [32m    LOG[39m [38;5;3m[RoutesResolver] [39m[32mReservationController {/api/v1/reservations}:[39m[38;5;3m +0ms[39m
[32m[Nest] 10272  - [39m22/09/2026, 21:44:12 [32m    LOG[39m [38;5;3m[RouterExplorer] [39m[32mMapped {/api/v1/reservations/public, POST} route[39m[38;5;3m +0ms[39m
[32m[Nest] 10272  - [39m22/09/2026, 21:44:12 [32m    LOG[39m [38;5;3m[RouterExplorer] [39m[32mMapped {/api/v1/reservations, GET} route[39m[38;5;3m +0ms[39m
[32m[Nest] 10272  - [39m22/09/2026, 21:44:12 [32m    LOG[39m [38;5;3m[RouterExplorer] [39m[32mMapped {/api/v1/reservations/mine, GET} route[39m[38;5;3m +0ms[39m
[32m[Nest] 10272  - [39m22/09/2026, 21:44:12 [32m    LOG[39m [38;5;3m[RouterExplorer] [39m[32mMapped {/api/v1/reservations/:id, GET} route[39m[38;5;3m +0ms[39m
[32m[Nest] 10272  - [39m22/09/2026, 21:44:12 [32m    LOG[39m [38;5;3m[RouterExplorer] [39m[32mMapped {/api/v1/reservations/:id/timeline, GET} route[39m[38;5;3m +0ms[39m
[32m[Nest] 10272  - [39m22/09/2026, 21:44:12 [32m    LOG[39m [38;5;3m[RouterExplorer] [39m[32mMapped {/api/v1/reservations/:id/status, PATCH} route[39m[38;5;3m +0ms[39m
[32m[Nest] 10272  - [39m22/09/2026, 21:44:12 [32m    LOG[39m [38;5;3m[RoutesResolver] [39m[32mSaleController {/api/v1/sales}:[39m[38;5;3m +0ms[39m
[32m[Nest] 10272  - [39m22/09/2026, 21:44:12 [32m    LOG[39m [38;5;3m[RouterExplorer] [39m[32mMapped {/api/v1/sales, GET} route[39m[38;5;3m +0ms[39m
[32m[Nest] 10272  - [39m22/09/2026, 21:44:12 [32m    LOG[39m [38;5;3m[RouterExplorer] [39m[32mMapped {/api/v1/sales/:id, GET} route[39m[38;5;3m +0ms[39m
[32m[Nest] 10272  - [39m22/09/2026, 21:44:12 [32m    LOG[39m [38;5;3m[RouterExplorer] [39m[32mMapped {/api/v1/sales, POST} route[39m[38;5;3m +0ms[39m
[32m[Nest] 10272  - [39m22/09/2026, 21:44:12 [32m    LOG[39m [38;5;3m[RouterExplorer] [39m[32mMapped {/api/v1/sales/:id/status, PATCH} route[39m[38;5;3m +1ms[39m
[32m[Nest] 10272  - [39m22/09/2026, 21:44:12 [32m    LOG[39m [38;5;3m[RoutesResolver] [39m[32mPaymentController {/api/v1/payments}:[39m[38;5;3m +0ms[39m
[32m[Nest] 10272  - [39m22/09/2026, 21:44:12 [32m    LOG[39m [38;5;3m[RouterExplorer] [39m[32mMapped {/api/v1/payments, POST} route[39m[38;5;3m +0ms[39m
[32m[Nest] 10272  - [39m22/09/2026, 21:44:12 [32m    LOG[39m [38;5;3m[RouterExplorer] [39m[32mMapped {/api/v1/payments, GET} route[39m[38;5;3m +0ms[39m
[32m[Nest] 10272  - [39m22/09/2026, 21:44:12 [32m    LOG[39m [38;5;3m[RouterExplorer] [39m[32mMapped {/api/v1/payments/:id, GET} route[39m[38;5;3m +0ms[39m
[32m[Nest] 10272  - [39m22/09/2026, 21:44:12 [32m    LOG[39m [38;5;3m[RouterExplorer] [39m[32mMapped {/api/v1/payments/:id/verify, PATCH} route[39m[38;5;3m +0ms[39m
[32m[Nest] 10272  - [39m22/09/2026, 21:44:12 [32m    LOG[39m [38;5;3m[RouterExplorer] [39m[32mMapped {/api/v1/payments/:id/reject, PATCH} route[39m[38;5;3m +0ms[39m
[32m[Nest] 10272  - [39m22/09/2026, 21:44:12 [32m    LOG[39m [38;5;3m[RoutesResolver] [39m[32mInspectionController {/api/v1/inspections}:[39m[38;5;3m +0ms[39m
[32m[Nest] 10272  - [39m22/09/2026, 21:44:12 [32m    LOG[39m [38;5;3m[RouterExplorer] [39m[32mMapped {/api/v1/inspections, POST} route[39m[38;5;3m +0ms[39m
[32m[Nest] 10272  - [39m22/09/2026, 21:44:12 [32m    LOG[39m [38;5;3m[RouterExplorer] [39m[32mMapped {/api/v1/inspections, GET} route[39m[38;5;3m +0ms[39m
[32m[Nest] 10272  - [39m22/09/2026, 21:44:12 [32m    LOG[39m [38;5;3m[RouterExplorer] [39m[32mMapped {/api/v1/inspections/:id, GET} route[39m[38;5;3m +0ms[39m
[32m[Nest] 10272  - [39m22/09/2026, 21:44:12 [32m    LOG[39m [38;5;3m[RouterExplorer] [39m[32mMapped {/api/v1/inspections/:id/start, PATCH} route[39m[38;5;3m +0ms[39m
[32m[Nest] 10272  - [39m22/09/2026, 21:44:12 [32m    LOG[39m [38;5;3m[RouterExplorer] [39m[32mMapped {/api/v1/inspections/:id/complete, PATCH} route[39m[38;5;3m +0ms[39m
[32m[Nest] 10272  - [39m22/09/2026, 21:44:12 [32m    LOG[39m [38;5;3m[RouterExplorer] [39m[32mMapped {/api/v1/inspections/:id/cancel, PATCH} route[39m[38;5;3m +0ms[39m
[32m[Nest] 10272  - [39m22/09/2026, 21:44:12 [32m    LOG[39m [38;5;3m[RouterExplorer] [39m[32mMapped {/api/v1/inspections/:id/fail, PATCH} route[39m[38;5;3m +0ms[39m
[32m[Nest] 10272  - [39m22/09/2026, 21:44:12 [32m    LOG[39m [38;5;3m[RoutesResolver] [39m[32mDocumentController {/api/v1/documents}:[39m[38;5;3m +0ms[39m
[32m[Nest] 10272  - [39m22/09/2026, 21:44:12 [32m    LOG[39m [38;5;3m[RouterExplorer] [39m[32mMapped {/api/v1/documents/upload, POST} route[39m[38;5;3m +1ms[39m
[32m[Nest] 10272  - [39m22/09/2026, 21:44:12 [32m    LOG[39m [38;5;3m[RouterExplorer] [39m[32mMapped {/api/v1/documents, GET} route[39m[38;5;3m +0ms[39m
[32m[Nest] 10272  - [39m22/09/2026, 21:44:12 [32m    LOG[39m [38;5;3m[RouterExplorer] [39m[32mMapped {/api/v1/documents/:id, GET} route[39m[38;5;3m +0ms[39m
[32m[Nest] 10272  - [39m22/09/2026, 21:44:12 [32m    LOG[39m [38;5;3m[RouterExplorer] [39m[32mMapped {/api/v1/documents/:id/download, GET} route[39m[38;5;3m +0ms[39m
[32m[Nest] 10272  - [39m22/09/2026, 21:44:12 [32m    LOG[39m [38;5;3m[RouterExplorer] [39m[32mMapped {/api/v1/documents/:id/status, PATCH} route[39m[38;5;3m +0ms[39m
[32m[Nest] 10272  - [39m22/09/2026, 21:44:12 [32m    LOG[39m [38;5;3m[RouterExplorer] [39m[32mMapped {/api/v1/documents/:id, DELETE} route[39m[38;5;3m +0ms[39m
[32m[Nest] 10272  - [39m22/09/2026, 21:44:12 [32m    LOG[39m [38;5;3m[RoutesResolver] [39m[32mEmployeeController {/api/v1/employees}:[39m[38;5;3m +0ms[39m
[32m[Nest] 10272  - [39m22/09/2026, 21:44:12 [32m    LOG[39m [38;5;3m[RouterExplorer] [39m[32mMapped {/api/v1/employees, GET} route[39m[38;5;3m +0ms[39m
[32m[Nest] 10272  - [39m22/09/2026, 21:44:12 [32m    LOG[39m [38;5;3m[RouterExplorer] [39m[32mMapped {/api/v1/employees/departments, GET} route[39m[38;5;3m +0ms[39m
[32m[Nest] 10272  - [39m22/09/2026, 21:44:12 [32m    LOG[39m [38;5;3m[RouterExplorer] [39m[32mMapped {/api/v1/employees/roles, GET} route[39m[38;5;3m +0ms[39m
[32m[Nest] 10272  - [39m22/09/2026, 21:44:12 [32m    LOG[39m [38;5;3m[RouterExplorer] [39m[32mMapped {/api/v1/employees/:id, GET} route[39m[38;5;3m +0ms[39m
[32m[Nest] 10272  - [39m22/09/2026, 21:44:12 [32m    LOG[39m [38;5;3m[RouterExplorer] [39m[32mMapped {/api/v1/employees, POST} route[39m[38;5;3m +0ms[39m
[32m[Nest] 10272  - [39m22/09/2026, 21:44:12 [32m    LOG[39m [38;5;3m[RouterExplorer] [39m[32mMapped {/api/v1/employees/:id, PATCH} route[39m[38;5;3m +0ms[39m
[32m[Nest] 10272  - [39m22/09/2026, 21:44:12 [32m    LOG[39m [38;5;3m[RouterExplorer] [39m[32mMapped {/api/v1/employees/:id, DELETE} route[39m[38;5;3m +0ms[39m
[32m[Nest] 10272  - [39m22/09/2026, 21:44:12 [32m    LOG[39m [38;5;3m[RouterExplorer] [39m[32mMapped {/api/v1/employees/:id/roles, POST} route[39m[38;5;3m +0ms[39m
[32m[Nest] 10272  - [39m22/09/2026, 21:44:12 [32m    LOG[39m [38;5;3m[RouterExplorer] [39m[32mMapped {/api/v1/employees/:id/roles/remove, POST} route[39m[38;5;3m +0ms[39m
[32m[Nest] 10272  - [39m22/09/2026, 21:44:12 [32m    LOG[39m [38;5;3m[RoutesResolver] [39m[32mVendorController {/api/v1/vendors}:[39m[38;5;3m +0ms[39m
[32m[Nest] 10272  - [39m22/09/2026, 21:44:12 [32m    LOG[39m [38;5;3m[RoutesResolver] [39m[32mAppointmentController {/api/v1/appointments}:[39m[38;5;3m +0ms[39m
[32m[Nest] 10272  - [39m22/09/2026, 21:44:12 [32m    LOG[39m [38;5;3m[RoutesResolver] [39m[32mNotificationController {/api/v1/notifications}:[39m[38;5;3m +0ms[39m
[32m[Nest] 10272  - [39m22/09/2026, 21:44:12 [32m    LOG[39m [38;5;3m[RoutesResolver] [39m[32mAiController {/api/v1/ai}:[39m[38;5;3m +0ms[39m
[32m[Nest] 10272  - [39m22/09/2026, 21:44:12 [32m    LOG[39m [38;5;3m[RoutesResolver] [39m[32mDashboardController {/api/v1/dashboard}:[39m[38;5;3m +0ms[39m
[32m[Nest] 10272  - [39m22/09/2026, 21:44:12 [32m    LOG[39m [38;5;3m[RouterExplorer] [39m[32mMapped {/api/v1/dashboard/stats, GET} route[39m[38;5;3m +1ms[39m
[32m[Nest] 10272  - [39m22/09/2026, 21:44:12 [32m    LOG[39m [38;5;3m[RoutesResolver] [39m[32mPosterController {/api/v1/posters}:[39m[38;5;3m +0ms[39m
[32m[Nest] 10272  - [39m22/09/2026, 21:44:12 [32m    LOG[39m [38;5;3m[RouterExplorer] [39m[32mMapped {/api/v1/posters/public, GET} route[39m[38;5;3m +0ms[39m
[32m[Nest] 10272  - [39m22/09/2026, 21:44:12 [32m    LOG[39m [38;5;3m[RouterExplorer] [39m[32mMapped {/api/v1/posters, GET} route[39m[38;5;3m +0ms[39m
[32m[Nest] 10272  - [39m22/09/2026, 21:44:12 [32m    LOG[39m [38;5;3m[RouterExplorer] [39m[32mMapped {/api/v1/posters, POST} route[39m[38;5;3m +0ms[39m
[32m[Nest] 10272  - [39m22/09/2026, 21:44:12 [32m    LOG[39m [38;5;3m[RouterExplorer] [39m[32mMapped {/api/v1/posters/:id, PATCH} route[39m[38;5;3m +0ms[39m
[32m[Nest] 10272  - [39m22/09/2026, 21:44:12 [32m    LOG[39m [38;5;3m[RouterExplorer] [39m[32mMapped {/api/v1/posters/:id/toggle, PATCH} route[39m[38;5;3m +0ms[39m
[32m[Nest] 10272  - [39m22/09/2026, 21:44:12 [32m    LOG[39m [38;5;3m[RouterExplorer] [39m[32mMapped {/api/v1/posters/:id, DELETE} route[39m[38;5;3m +0ms[39m
[32m[Nest] 10272  - [39m22/09/2026, 21:44:14 [32m    LOG[39m [38;5;3m[PrismaService] [39m[32mDatabase connected[39m
[32m[Nest] 10272  - [39m22/09/2026, 21:44:14 [32m    LOG[39m [38;5;3m[NestApplication] [39m[32mNest application successfully started[39m[38;5;3m +2ms[39m
🚀 NHGP API running at http://localhost:4000/api/v1
[2J[3J[H[[90m21:45:29[0m] File change detected. Starting incremental compilation...

[[90m21:45:30[0m] Found 0 errors. Watching for file changes.

[32m[Nest] 17656  - [39m22/09/2026, 21:45:31 [32m    LOG[39m [38;5;3m[NestFactory] [39m[32mStarting Nest application...[39m
[32m[Nest] 17656  - [39m22/09/2026, 21:45:31 [32m    LOG[39m [38;5;3m[InstanceLoader] [39m[32mPrismaModule dependencies initialized[39m[38;5;3m +27ms[39m
[32m[Nest] 17656  - [39m22/09/2026, 21:45:31 [32m    LOG[39m [38;5;3m[InstanceLoader] [39m[32mPassportModule dependencies initialized[39m[38;5;3m +0ms[39m
[32m[Nest] 17656  - [39m22/09/2026, 21:45:31 [32m    LOG[39m [38;5;3m[InstanceLoader] [39m[32mConfigHostModule dependencies initialized[39m[38;5;3m +6ms[39m
[32m[Nest] 17656  - [39m22/09/2026, 21:45:31 [32m    LOG[39m [38;5;3m[InstanceLoader] [39m[32mThrottlerModule dependencies initialized[39m[38;5;3m +0ms[39m
[33m[Nest] 17656  - [39m22/09/2026, 21:45:31 [33m   WARN[39m [38;5;3m[EmailService] [39m[33mSMTP not configured — emails will be logged to console. Set SMTP_HOST, SMTP_USER, SMTP_PASS in .env to enable sending.[39m
[32m[Nest] 17656  - [39m22/09/2026, 21:45:31 [32m    LOG[39m [38;5;3m[InstanceLoader] [39m[32mConfigModule dependencies initialized[39m[38;5;3m +1ms[39m
[32m[Nest] 17656  - [39m22/09/2026, 21:45:31 [32m    LOG[39m [38;5;3m[InstanceLoader] [39m[32mConfigModule dependencies initialized[39m[38;5;3m +0ms[39m
[32m[Nest] 17656  - [39m22/09/2026, 21:45:31 [32m    LOG[39m [38;5;3m[InstanceLoader] [39m[32mNotificationModule dependencies initialized[39m[38;5;3m +1ms[39m
[32m[Nest] 17656  - [39m22/09/2026, 21:45:31 [32m    LOG[39m [38;5;3m[InstanceLoader] [39m[32mAiModule dependencies initialized[39m[38;5;3m +0ms[39m
[32m[Nest] 17656  - [39m22/09/2026, 21:45:31 [32m    LOG[39m [38;5;3m[InstanceLoader] [39m[32mEmailModule dependencies initialized[39m[38;5;3m +0ms[39m
[32m[Nest] 17656  - [39m22/09/2026, 21:45:31 [32m    LOG[39m [38;5;3m[InstanceLoader] [39m[32mStorageModule dependencies initialized[39m[38;5;3m +0ms[39m
[32m[Nest] 17656  - [39m22/09/2026, 21:45:31 [32m    LOG[39m [38;5;3m[InstanceLoader] [39m[32mJwtModule dependencies initialized[39m[38;5;3m +1ms[39m
[32m[Nest] 17656  - [39m22/09/2026, 21:45:31 [32m    LOG[39m [38;5;3m[InstanceLoader] [39m[32mVendorModule dependencies initialized[39m[38;5;3m +0ms[39m
[32m[Nest] 17656  - [39m22/09/2026, 21:45:31 [32m    LOG[39m [38;5;3m[InstanceLoader] [39m[32mAppointmentModule dependencies initialized[39m[38;5;3m +0ms[39m
[32m[Nest] 17656  - [39m22/09/2026, 21:45:31 [32m    LOG[39m [38;5;3m[InstanceLoader] [39m[32mEmployeeModule dependencies initialized[39m[38;5;3m +1ms[39m
[32m[Nest] 17656  - [39m22/09/2026, 21:45:31 [32m    LOG[39m [38;5;3m[InstanceLoader] [39m[32mDashboardModule dependencies initialized[39m[38;5;3m +0ms[39m
[32m[Nest] 17656  - [39m22/09/2026, 21:45:31 [32m    LOG[39m [38;5;3m[InstanceLoader] [39m[32mAuditModule dependencies initialized[39m[38;5;3m +0ms[39m
[32m[Nest] 17656  - [39m22/09/2026, 21:45:31 [32m    LOG[39m [38;5;3m[InstanceLoader] [39m[32mAppModule dependencies initialized[39m[38;5;3m +1ms[39m
[32m[Nest] 17656  - [39m22/09/2026, 21:45:31 [32m    LOG[39m [38;5;3m[InstanceLoader] [39m[32mCustomerModule dependencies initialized[39m[38;5;3m +0ms[39m
[32m[Nest] 17656  - [39m22/09/2026, 21:45:31 [32m    LOG[39m [38;5;3m[InstanceLoader] [39m[32mSaleModule dependencies initialized[39m[38;5;3m +0ms[39m
[32m[Nest] 17656  - [39m22/09/2026, 21:45:31 [32m    LOG[39m [38;5;3m[InstanceLoader] [39m[32mPaymentModule dependencies initialized[39m[38;5;3m +0ms[39m
[32m[Nest] 17656  - [39m22/09/2026, 21:45:31 [32m    LOG[39m [38;5;3m[InstanceLoader] [39m[32mInspectionModule dependencies initialized[39m[38;5;3m +0ms[39m
[32m[Nest] 17656  - [39m22/09/2026, 21:45:31 [32m    LOG[39m [38;5;3m[InstanceLoader] [39m[32mCompanyModule dependencies initialized[39m[38;5;3m +0ms[39m
[32m[Nest] 17656  - [39m22/09/2026, 21:45:31 [32m    LOG[39m [38;5;3m[InstanceLoader] [39m[32mReservationModule dependencies initialized[39m[38;5;3m +0ms[39m
[32m[Nest] 17656  - [39m22/09/2026, 21:45:31 [32m    LOG[39m [38;5;3m[InstanceLoader] [39m[32mDocumentModule dependencies initialized[39m[38;5;3m +0ms[39m
[32m[Nest] 17656  - [39m22/09/2026, 21:45:31 [32m    LOG[39m [38;5;3m[InstanceLoader] [39m[32mEstateModule dependencies initialized[39m[38;5;3m +0ms[39m
[32m[Nest] 17656  - [39m22/09/2026, 21:45:31 [32m    LOG[39m [38;5;3m[InstanceLoader] [39m[32mPropertyModule dependencies initialized[39m[38;5;3m +0ms[39m
[32m[Nest] 17656  - [39m22/09/2026, 21:45:31 [32m    LOG[39m [38;5;3m[InstanceLoader] [39m[32mPosterModule dependencies initialized[39m[38;5;3m +0ms[39m
[32m[Nest] 17656  - [39m22/09/2026, 21:45:31 [32m    LOG[39m [38;5;3m[InstanceLoader] [39m[32mAuthModule dependencies initialized[39m[38;5;3m +0ms[39m
[32m[Nest] 17656  - [39m22/09/2026, 21:45:32 [32m    LOG[39m [38;5;3m[RoutesResolver] [39m[32mHealthController {/api/v1/health}:[39m[38;5;3m +458ms[39m
[32m[Nest] 17656  - [39m22/09/2026, 21:45:32 [32m    LOG[39m [38;5;3m[RouterExplorer] [39m[32mMapped {/api/v1/health, GET} route[39m[38;5;3m +2ms[39m
[32m[Nest] 17656  - [39m22/09/2026, 21:45:32 [32m    LOG[39m [38;5;3m[RoutesResolver] [39m[32mAuditController {/api/v1/audit-logs}:[39m[38;5;3m +0ms[39m
[32m[Nest] 17656  - [39m22/09/2026, 21:45:32 [32m    LOG[39m [38;5;3m[RouterExplorer] [39m[32mMapped {/api/v1/audit-logs, GET} route[39m[38;5;3m +1ms[39m
[32m[Nest] 17656  - [39m22/09/2026, 21:45:32 [32m    LOG[39m [38;5;3m[RoutesResolver] [39m[32mAuthController {/api/v1/auth}:[39m[38;5;3m +0ms[39m
[32m[Nest] 17656  - [39m22/09/2026, 21:45:32 [32m    LOG[39m [38;5;3m[RouterExplorer] [39m[32mMapped {/api/v1/auth/login, POST} route[39m[38;5;3m +0ms[39m
[32m[Nest] 17656  - [39m22/09/2026, 21:45:32 [32m    LOG[39m [38;5;3m[RouterExplorer] [39m[32mMapped {/api/v1/auth/refresh, POST} route[39m[38;5;3m +0ms[39m
[32m[Nest] 17656  - [39m22/09/2026, 21:45:32 [32m    LOG[39m [38;5;3m[RouterExplorer] [39m[32mMapped {/api/v1/auth/logout, POST} route[39m[38;5;3m +1ms[39m
[32m[Nest] 17656  - [39m22/09/2026, 21:45:32 [32m    LOG[39m [38;5;3m[RouterExplorer] [39m[32mMapped {/api/v1/auth/change-password, POST} route[39m[38;5;3m +0ms[39m
[32m[Nest] 17656  - [39m22/09/2026, 21:45:32 [32m    LOG[39m [38;5;3m[RouterExplorer] [39m[32mMapped {/api/v1/auth/me, POST} route[39m[38;5;3m +0ms[39m
[32m[Nest] 17656  - [39m22/09/2026, 21:45:32 [32m    LOG[39m [38;5;3m[RouterExplorer] [39m[32mMapped {/api/v1/auth/super/login, POST} route[39m[38;5;3m +0ms[39m
[32m[Nest] 17656  - [39m22/09/2026, 21:45:32 [32m    LOG[39m [38;5;3m[RouterExplorer] [39m[32mMapped {/api/v1/auth/customer/register, POST} route[39m[38;5;3m +2ms[39m
[32m[Nest] 17656  - [39m22/09/2026, 21:45:32 [32m    LOG[39m [38;5;3m[RouterExplorer] [39m[32mMapped {/api/v1/auth/customer/login, POST} route[39m[38;5;3m +1ms[39m
[32m[Nest] 17656  - [39m22/09/2026, 21:45:32 [32m    LOG[39m [38;5;3m[RouterExplorer] [39m[32mMapped {/api/v1/auth/customer/me, GET} route[39m[38;5;3m +0ms[39m
[32m[Nest] 17656  - [39m22/09/2026, 21:45:32 [32m    LOG[39m [38;5;3m[RouterExplorer] [39m[32mMapped {/api/v1/auth/customer/profile, PATCH} route[39m[38;5;3m +0ms[39m
[32m[Nest] 17656  - [39m22/09/2026, 21:45:32 [32m    LOG[39m [38;5;3m[RoutesResolver] [39m[32mCompanyController {/api/v1/companies}:[39m[38;5;3m +0ms[39m
[32m[Nest] 17656  - [39m22/09/2026, 21:45:32 [32m    LOG[39m [38;5;3m[RouterExplorer] [39m[32mMapped {/api/v1/companies, POST} route[39m[38;5;3m +0ms[39m
[32m[Nest] 17656  - [39m22/09/2026, 21:45:32 [32m    LOG[39m [38;5;3m[RouterExplorer] [39m[32mMapped {/api/v1/companies, GET} route[39m[38;5;3m +0ms[39m
[32m[Nest] 17656  - [39m22/09/2026, 21:45:32 [32m    LOG[39m [38;5;3m[RouterExplorer] [39m[32mMapped {/api/v1/companies/departments, GET} route[39m[38;5;3m +0ms[39m
[32m[Nest] 17656  - [39m22/09/2026, 21:45:32 [32m    LOG[39m [38;5;3m[RouterExplorer] [39m[32mMapped {/api/v1/companies/:id, GET} route[39m[38;5;3m +1ms[39m
[32m[Nest] 17656  - [39m22/09/2026, 21:45:32 [32m    LOG[39m [38;5;3m[RouterExplorer] [39m[32mMapped {/api/v1/companies/:id, PATCH} route[39m[38;5;3m +0ms[39m
[32m[Nest] 17656  - [39m22/09/2026, 21:45:32 [32m    LOG[39m [38;5;3m[RouterExplorer] [39m[32mMapped {/api/v1/companies/:id/branches, POST} route[39m[38;5;3m +0ms[39m
[32m[Nest] 17656  - [39m22/09/2026, 21:45:32 [32m    LOG[39m [38;5;3m[RouterExplorer] [39m[32mMapped {/api/v1/companies/branches/:branchId, PATCH} route[39m[38;5;3m +0ms[39m
[32m[Nest] 17656  - [39m22/09/2026, 21:45:32 [32m    LOG[39m [38;5;3m[RouterExplorer] [39m[32mMapped {/api/v1/companies/branches/:branchId, DELETE} route[39m[38;5;3m +0ms[39m
[32m[Nest] 17656  - [39m22/09/2026, 21:45:32 [32m    LOG[39m [38;5;3m[RouterExplorer] [39m[32mMapped {/api/v1/companies/departments, POST} route[39m[38;5;3m +0ms[39m
[32m[Nest] 17656  - [39m22/09/2026, 21:45:32 [32m    LOG[39m [38;5;3m[RouterExplorer] [39m[32mMapped {/api/v1/companies/departments/:id, PATCH} route[39m[38;5;3m +1ms[39m
[32m[Nest] 17656  - [39m22/09/2026, 21:45:32 [32m    LOG[39m [38;5;3m[RouterExplorer] [39m[32mMapped {/api/v1/companies/departments/:id, DELETE} route[39m[38;5;3m +0ms[39m
[32m[Nest] 17656  - [39m22/09/2026, 21:45:32 [32m    LOG[39m [38;5;3m[RoutesResolver] [39m[32mEstateController {/api/v1/estates}:[39m[38;5;3m +0ms[39m
[32m[Nest] 17656  - [39m22/09/2026, 21:45:32 [32m    LOG[39m [38;5;3m[RouterExplorer] [39m[32mMapped {/api/v1/estates/public, GET} route[39m[38;5;3m +0ms[39m
[32m[Nest] 17656  - [39m22/09/2026, 21:45:32 [32m    LOG[39m [38;5;3m[RouterExplorer] [39m[32mMapped {/api/v1/estates, GET} route[39m[38;5;3m +0ms[39m
[32m[Nest] 17656  - [39m22/09/2026, 21:45:32 [32m    LOG[39m [38;5;3m[RouterExplorer] [39m[32mMapped {/api/v1/estates/:id, GET} route[39m[38;5;3m +0ms[39m
[32m[Nest] 17656  - [39m22/09/2026, 21:45:32 [32m    LOG[39m [38;5;3m[RouterExplorer] [39m[32mMapped {/api/v1/estates, POST} route[39m[38;5;3m +0ms[39m
[32m[Nest] 17656  - [39m22/09/2026, 21:45:32 [32m    LOG[39m [38;5;3m[RouterExplorer] [39m[32mMapped {/api/v1/estates/:id, PATCH} route[39m[38;5;3m +0ms[39m
[32m[Nest] 17656  - [39m22/09/2026, 21:45:32 [32m    LOG[39m [38;5;3m[RouterExplorer] [39m[32mMapped {/api/v1/estates/:id/phases, POST} route[39m[38;5;3m +0ms[39m
[32m[Nest] 17656  - [39m22/09/2026, 21:45:32 [32m    LOG[39m [38;5;3m[RouterExplorer] [39m[32mMapped {/api/v1/estates/:id/blocks, POST} route[39m[38;5;3m +0ms[39m
[32m[Nest] 17656  - [39m22/09/2026, 21:45:32 [32m    LOG[39m [38;5;3m[RouterExplorer] [39m[32mMapped {/api/v1/estates/:id/infrastructure, POST} route[39m[38;5;3m +0ms[39m
[32m[Nest] 17656  - [39m22/09/2026, 21:45:32 [32m    LOG[39m [38;5;3m[RouterExplorer] [39m[32mMapped {/api/v1/estates/:id/site-plan, POST} route[39m[38;5;3m +0ms[39m
[32m[Nest] 17656  - [39m22/09/2026, 21:45:32 [32m    LOG[39m [38;5;3m[RouterExplorer] [39m[32mMapped {/api/v1/estates/:id/building-types, PATCH} route[39m[38;5;3m +1ms[39m
[32m[Nest] 17656  - [39m22/09/2026, 21:45:32 [32m    LOG[39m [38;5;3m[RouterExplorer] [39m[32mMapped {/api/v1/estates/:id/building-type-image/:typeId, POST} route[39m[38;5;3m +0ms[39m
[32m[Nest] 17656  - [39m22/09/2026, 21:45:32 [32m    LOG[39m [38;5;3m[RouterExplorer] [39m[32mMapped {/api/v1/estates/:id/building-type-image/:typeId/:filename, DELETE} route[39m[38;5;3m +0ms[39m
[32m[Nest] 17656  - [39m22/09/2026, 21:45:32 [32m    LOG[39m [38;5;3m[RouterExplorer] [39m[32mMapped {/api/v1/estates/:id/permanent, DELETE} route[39m[38;5;3m +0ms[39m
[32m[Nest] 17656  - [39m22/09/2026, 21:45:32 [32m    LOG[39m [38;5;3m[RoutesResolver] [39m[32mPropertyController {/api/v1/properties}:[39m[38;5;3m +0ms[39m
[32m[Nest] 17656  - [39m22/09/2026, 21:45:32 [32m    LOG[39m [38;5;3m[RouterExplorer] [39m[32mMapped {/api/v1/properties/public, GET} route[39m[38;5;3m +0ms[39m
[32m[Nest] 17656  - [39m22/09/2026, 21:45:32 [32m    LOG[39m [38;5;3m[RouterExplorer] [39m[32mMapped {/api/v1/properties/public/:id, GET} route[39m[38;5;3m +0ms[39m
[32m[Nest] 17656  - [39m22/09/2026, 21:45:32 [32m    LOG[39m [38;5;3m[RouterExplorer] [39m[32mMapped {/api/v1/properties/public/inquiry, POST} route[39m[38;5;3m +0ms[39m
[32m[Nest] 17656  - [39m22/09/2026, 21:45:32 [32m    LOG[39m [38;5;3m[RouterExplorer] [39m[32mMapped {/api/v1/properties, GET} route[39m[38;5;3m +0ms[39m
[32m[Nest] 17656  - [39m22/09/2026, 21:45:32 [32m    LOG[39m [38;5;3m[RouterExplorer] [39m[32mMapped {/api/v1/properties/admin/inquiries, GET} route[39m[38;5;3m +0ms[39m
[32m[Nest] 17656  - [39m22/09/2026, 21:45:32 [32m    LOG[39m [38;5;3m[RouterExplorer] [39m[32mMapped {/api/v1/properties/admin/inquiries/:id/status, PATCH} route[39m[38;5;3m +0ms[39m
[32m[Nest] 17656  - [39m22/09/2026, 21:45:32 [32m    LOG[39m [38;5;3m[RouterExplorer] [39m[32mMapped {/api/v1/properties/admin/inquiries/:id/notes, PATCH} route[39m[38;5;3m +0ms[39m
[32m[Nest] 17656  - [39m22/09/2026, 21:45:32 [32m    LOG[39m [38;5;3m[RouterExplorer] [39m[32mMapped {/api/v1/properties/admin/inquiries/:id/convert, POST} route[39m[38;5;3m +1ms[39m
[32m[Nest] 17656  - [39m22/09/2026, 21:45:32 [32m    LOG[39m [38;5;3m[RouterExplorer] [39m[32mMapped {/api/v1/properties/:id, GET} route[39m[38;5;3m +0ms[39m
[32m[Nest] 17656  - [39m22/09/2026, 21:45:32 [32m    LOG[39m [38;5;3m[RouterExplorer] [39m[32mMapped {/api/v1/properties, POST} route[39m[38;5;3m +0ms[39m
[32m[Nest] 17656  - [39m22/09/2026, 21:45:32 [32m    LOG[39m [38;5;3m[RouterExplorer] [39m[32mMapped {/api/v1/properties/:id, PATCH} route[39m[38;5;3m +0ms[39m
[32m[Nest] 17656  - [39m22/09/2026, 21:45:32 [32m    LOG[39m [38;5;3m[RouterExplorer] [39m[32mMapped {/api/v1/properties/:id/status, POST} route[39m[38;5;3m +0ms[39m
[32m[Nest] 17656  - [39m22/09/2026, 21:45:32 [32m    LOG[39m [38;5;3m[RouterExplorer] [39m[32mMapped {/api/v1/properties/:id, DELETE} route[39m[38;5;3m +0ms[39m
[32m[Nest] 17656  - [39m22/09/2026, 21:45:32 [32m    LOG[39m [38;5;3m[RouterExplorer] [39m[32mMapped {/api/v1/properties/:id/permanent, DELETE} route[39m[38;5;3m +0ms[39m
[32m[Nest] 17656  - [39m22/09/2026, 21:45:32 [32m    LOG[39m [38;5;3m[RouterExplorer] [39m[32mMapped {/api/v1/properties/:id/media, POST} route[39m[38;5;3m +0ms[39m
[32m[Nest] 17656  - [39m22/09/2026, 21:45:32 [32m    LOG[39m [38;5;3m[RouterExplorer] [39m[32mMapped {/api/v1/properties/:id/media/:mediaId, DELETE} route[39m[38;5;3m +0ms[39m
[32m[Nest] 17656  - [39m22/09/2026, 21:45:32 [32m    LOG[39m [38;5;3m[RouterExplorer] [39m[32mMapped {/api/v1/properties/:id/media/:mediaId/cover, PATCH} route[39m[38;5;3m +0ms[39m
[32m[Nest] 17656  - [39m22/09/2026, 21:45:32 [32m    LOG[39m [38;5;3m[RouterExplorer] [39m[32mMapped {/api/v1/properties/:id/favorite, POST} route[39m[38;5;3m +0ms[39m
[32m[Nest] 17656  - [39m22/09/2026, 21:45:32 [32m    LOG[39m [38;5;3m[RouterExplorer] [39m[32mMapped {/api/v1/properties/:id/favorite-status, GET} route[39m[38;5;3m +0ms[39m
[32m[Nest] 17656  - [39m22/09/2026, 21:45:32 [32m    LOG[39m [38;5;3m[RoutesResolver] [39m[32mCustomerController {/api/v1/customers}:[39m[38;5;3m +0ms[39m
[32m[Nest] 17656  - [39m22/09/2026, 21:45:32 [32m    LOG[39m [38;5;3m[RouterExplorer] [39m[32mMapped {/api/v1/customers, GET} route[39m[38;5;3m +1ms[39m
[32m[Nest] 17656  - [39m22/09/2026, 21:45:32 [32m    LOG[39m [38;5;3m[RouterExplorer] [39m[32mMapped {/api/v1/customers/:id, GET} route[39m[38;5;3m +0ms[39m
[32m[Nest] 17656  - [39m22/09/2026, 21:45:32 [32m    LOG[39m [38;5;3m[RouterExplorer] [39m[32mMapped {/api/v1/customers, POST} route[39m[38;5;3m +0ms[39m
[32m[Nest] 17656  - [39m22/09/2026, 21:45:32 [32m    LOG[39m [38;5;3m[RouterExplorer] [39m[32mMapped {/api/v1/customers/:id, PATCH} route[39m[38;5;3m +0ms[39m
[32m[Nest] 17656  - [39m22/09/2026, 21:45:32 [32m    LOG[39m [38;5;3m[RouterExplorer] [39m[32mMapped {/api/v1/customers/:id/deactivate, POST} route[39m[38;5;3m +0ms[39m
[32m[Nest] 17656  - [39m22/09/2026, 21:45:32 [32m    LOG[39m [38;5;3m[RouterExplorer] [39m[32mMapped {/api/v1/customers/:id/activate, POST} route[39m[38;5;3m +0ms[39m
[32m[Nest] 17656  - [39m22/09/2026, 21:45:32 [32m    LOG[39m [38;5;3m[RouterExplorer] [39m[32mMapped {/api/v1/customers/:id, DELETE} route[39m[38;5;3m +0ms[39m
[32m[Nest] 17656  - [39m22/09/2026, 21:45:32 [32m    LOG[39m [38;5;3m[RoutesResolver] [39m[32mReservationController {/api/v1/reservations}:[39m[38;5;3m +0ms[39m
[32m[Nest] 17656  - [39m22/09/2026, 21:45:32 [32m    LOG[39m [38;5;3m[RouterExplorer] [39m[32mMapped {/api/v1/reservations/public, POST} route[39m[38;5;3m +0ms[39m
[32m[Nest] 17656  - [39m22/09/2026, 21:45:32 [32m    LOG[39m [38;5;3m[RouterExplorer] [39m[32mMapped {/api/v1/reservations, GET} route[39m[38;5;3m +0ms[39m
[32m[Nest] 17656  - [39m22/09/2026, 21:45:32 [32m    LOG[39m [38;5;3m[RouterExplorer] [39m[32mMapped {/api/v1/reservations/mine, GET} route[39m[38;5;3m +0ms[39m
[32m[Nest] 17656  - [39m22/09/2026, 21:45:32 [32m    LOG[39m [38;5;3m[RouterExplorer] [39m[32mMapped {/api/v1/reservations/:id, GET} route[39m[38;5;3m +0ms[39m
[32m[Nest] 17656  - [39m22/09/2026, 21:45:32 [32m    LOG[39m [38;5;3m[RouterExplorer] [39m[32mMapped {/api/v1/reservations/:id/timeline, GET} route[39m[38;5;3m +0ms[39m
[32m[Nest] 17656  - [39m22/09/2026, 21:45:32 [32m    LOG[39m [38;5;3m[RouterExplorer] [39m[32mMapped {/api/v1/reservations/:id/status, PATCH} route[39m[38;5;3m +0ms[39m
[32m[Nest] 17656  - [39m22/09/2026, 21:45:32 [32m    LOG[39m [38;5;3m[RoutesResolver] [39m[32mSaleController {/api/v1/sales}:[39m[38;5;3m +0ms[39m
[32m[Nest] 17656  - [39m22/09/2026, 21:45:32 [32m    LOG[39m [38;5;3m[RouterExplorer] [39m[32mMapped {/api/v1/sales, GET} route[39m[38;5;3m +0ms[39m
[32m[Nest] 17656  - [39m22/09/2026, 21:45:32 [32m    LOG[39m [38;5;3m[RouterExplorer] [39m[32mMapped {/api/v1/sales/:id, GET} route[39m[38;5;3m +1ms[39m
[32m[Nest] 17656  - [39m22/09/2026, 21:45:32 [32m    LOG[39m [38;5;3m[RouterExplorer] [39m[32mMapped {/api/v1/sales, POST} route[39m[38;5;3m +0ms[39m
[32m[Nest] 17656  - [39m22/09/2026, 21:45:32 [32m    LOG[39m [38;5;3m[RouterExplorer] [39m[32mMapped {/api/v1/sales/:id/status, PATCH} route[39m[38;5;3m +0ms[39m
[32m[Nest] 17656  - [39m22/09/2026, 21:45:32 [32m    LOG[39m [38;5;3m[RoutesResolver] [39m[32mPaymentController {/api/v1/payments}:[39m[38;5;3m +0ms[39m
[32m[Nest] 17656  - [39m22/09/2026, 21:45:32 [32m    LOG[39m [38;5;3m[RouterExplorer] [39m[32mMapped {/api/v1/payments, POST} route[39m[38;5;3m +0ms[39m
[32m[Nest] 17656  - [39m22/09/2026, 21:45:32 [32m    LOG[39m [38;5;3m[RouterExplorer] [39m[32mMapped {/api/v1/payments, GET} route[39m[38;5;3m +0ms[39m
[32m[Nest] 17656  - [39m22/09/2026, 21:45:32 [32m    LOG[39m [38;5;3m[RouterExplorer] [39m[32mMapped {/api/v1/payments/:id, GET} route[39m[38;5;3m +0ms[39m
[32m[Nest] 17656  - [39m22/09/2026, 21:45:32 [32m    LOG[39m [38;5;3m[RouterExplorer] [39m[32mMapped {/api/v1/payments/:id/verify, PATCH} route[39m[38;5;3m +0ms[39m
[32m[Nest] 17656  - [39m22/09/2026, 21:45:32 [32m    LOG[39m [38;5;3m[RouterExplorer] [39m[32mMapped {/api/v1/payments/:id/reject, PATCH} route[39m[38;5;3m +0ms[39m
[32m[Nest] 17656  - [39m22/09/2026, 21:45:32 [32m    LOG[39m [38;5;3m[RoutesResolver] [39m[32mInspectionController {/api/v1/inspections}:[39m[38;5;3m +0ms[39m
[32m[Nest] 17656  - [39m22/09/2026, 21:45:32 [32m    LOG[39m [38;5;3m[RouterExplorer] [39m[32mMapped {/api/v1/inspections, POST} route[39m[38;5;3m +0ms[39m
[32m[Nest] 17656  - [39m22/09/2026, 21:45:32 [32m    LOG[39m [38;5;3m[RouterExplorer] [39m[32mMapped {/api/v1/inspections, GET} route[39m[38;5;3m +0ms[39m
[32m[Nest] 17656  - [39m22/09/2026, 21:45:32 [32m    LOG[39m [38;5;3m[RouterExplorer] [39m[32mMapped {/api/v1/inspections/:id, GET} route[39m[38;5;3m +0ms[39m
[32m[Nest] 17656  - [39m22/09/2026, 21:45:32 [32m    LOG[39m [38;5;3m[RouterExplorer] [39m[32mMapped {/api/v1/inspections/:id/start, PATCH} route[39m[38;5;3m +0ms[39m
[32m[Nest] 17656  - [39m22/09/2026, 21:45:32 [32m    LOG[39m [38;5;3m[RouterExplorer] [39m[32mMapped {/api/v1/inspections/:id/complete, PATCH} route[39m[38;5;3m +0ms[39m
[32m[Nest] 17656  - [39m22/09/2026, 21:45:32 [32m    LOG[39m [38;5;3m[RouterExplorer] [39m[32mMapped {/api/v1/inspections/:id/cancel, PATCH} route[39m[38;5;3m +0ms[39m
[32m[Nest] 17656  - [39m22/09/2026, 21:45:32 [32m    LOG[39m [38;5;3m[RouterExplorer] [39m[32mMapped {/api/v1/inspections/:id/fail, PATCH} route[39m[38;5;3m +0ms[39m
[32m[Nest] 17656  - [39m22/09/2026, 21:45:32 [32m    LOG[39m [38;5;3m[RoutesResolver] [39m[32mDocumentController {/api/v1/documents}:[39m[38;5;3m +1ms[39m
[32m[Nest] 17656  - [39m22/09/2026, 21:45:32 [32m    LOG[39m [38;5;3m[RouterExplorer] [39m[32mMapped {/api/v1/documents/upload, POST} route[39m[38;5;3m +0ms[39m
[32m[Nest] 17656  - [39m22/09/2026, 21:45:32 [32m    LOG[39m [38;5;3m[RouterExplorer] [39m[32mMapped {/api/v1/documents, GET} route[39m[38;5;3m +0ms[39m
[32m[Nest] 17656  - [39m22/09/2026, 21:45:32 [32m    LOG[39m [38;5;3m[RouterExplorer] [39m[32mMapped {/api/v1/documents/:id, GET} route[39m[38;5;3m +0ms[39m
[32m[Nest] 17656  - [39m22/09/2026, 21:45:32 [32m    LOG[39m [38;5;3m[RouterExplorer] [39m[32mMapped {/api/v1/documents/:id/download, GET} route[39m[38;5;3m +0ms[39m
[32m[Nest] 17656  - [39m22/09/2026, 21:45:32 [32m    LOG[39m [38;5;3m[RouterExplorer] [39m[32mMapped {/api/v1/documents/:id/status, PATCH} route[39m[38;5;3m +0ms[39m
[32m[Nest] 17656  - [39m22/09/2026, 21:45:32 [32m    LOG[39m [38;5;3m[RouterExplorer] [39m[32mMapped {/api/v1/documents/:id, DELETE} route[39m[38;5;3m +0ms[39m
[32m[Nest] 17656  - [39m22/09/2026, 21:45:32 [32m    LOG[39m [38;5;3m[RoutesResolver] [39m[32mEmployeeController {/api/v1/employees}:[39m[38;5;3m +0ms[39m
[32m[Nest] 17656  - [39m22/09/2026, 21:45:32 [32m    LOG[39m [38;5;3m[RouterExplorer] [39m[32mMapped {/api/v1/employees, GET} route[39m[38;5;3m +0ms[39m
[32m[Nest] 17656  - [39m22/09/2026, 21:45:32 [32m    LOG[39m [38;5;3m[RouterExplorer] [39m[32mMapped {/api/v1/employees/departments, GET} route[39m[38;5;3m +0ms[39m
[32m[Nest] 17656  - [39m22/09/2026, 21:45:32 [32m    LOG[39m [38;5;3m[RouterExplorer] [39m[32mMapped {/api/v1/employees/roles, GET} route[39m[38;5;3m +0ms[39m
[32m[Nest] 17656  - [39m22/09/2026, 21:45:32 [32m    LOG[39m [38;5;3m[RouterExplorer] [39m[32mMapped {/api/v1/employees/:id, GET} route[39m[38;5;3m +0ms[39m
[32m[Nest] 17656  - [39m22/09/2026, 21:45:32 [32m    LOG[39m [38;5;3m[RouterExplorer] [39m[32mMapped {/api/v1/employees, POST} route[39m[38;5;3m +0ms[39m
[32m[Nest] 17656  - [39m22/09/2026, 21:45:32 [32m    LOG[39m [38;5;3m[RouterExplorer] [39m[32mMapped {/api/v1/employees/:id, PATCH} route[39m[38;5;3m +0ms[39m
[32m[Nest] 17656  - [39m22/09/2026, 21:45:32 [32m    LOG[39m [38;5;3m[RouterExplorer] [39m[32mMapped {/api/v1/employees/:id, DELETE} route[39m[38;5;3m +0ms[39m
[32m[Nest] 17656  - [39m22/09/2026, 21:45:32 [32m    LOG[39m [38;5;3m[RouterExplorer] [39m[32mMapped {/api/v1/employees/:id/roles, POST} route[39m[38;5;3m +0ms[39m
[32m[Nest] 17656  - [39m22/09/2026, 21:45:32 [32m    LOG[39m [38;5;3m[RouterExplorer] [39m[32mMapped {/api/v1/employees/:id/roles/remove, POST} route[39m[38;5;3m +0ms[39m
[32m[Nest] 17656  - [39m22/09/2026, 21:45:32 [32m    LOG[39m [38;5;3m[RoutesResolver] [39m[32mVendorController {/api/v1/vendors}:[39m[38;5;3m +0ms[39m
[32m[Nest] 17656  - [39m22/09/2026, 21:45:32 [32m    LOG[39m [38;5;3m[RoutesResolver] [39m[32mAppointmentController {/api/v1/appointments}:[39m[38;5;3m +0ms[39m
[32m[Nest] 17656  - [39m22/09/2026, 21:45:32 [32m    LOG[39m [38;5;3m[RoutesResolver] [39m[32mNotificationController {/api/v1/notifications}:[39m[38;5;3m +0ms[39m
[32m[Nest] 17656  - [39m22/09/2026, 21:45:32 [32m    LOG[39m [38;5;3m[RoutesResolver] [39m[32mAiController {/api/v1/ai}:[39m[38;5;3m +0ms[39m
[32m[Nest] 17656  - [39m22/09/2026, 21:45:32 [32m    LOG[39m [38;5;3m[RoutesResolver] [39m[32mDashboardController {/api/v1/dashboard}:[39m[38;5;3m +1ms[39m
[32m[Nest] 17656  - [39m22/09/2026, 21:45:32 [32m    LOG[39m [38;5;3m[RouterExplorer] [39m[32mMapped {/api/v1/dashboard/stats, GET} route[39m[38;5;3m +0ms[39m
[32m[Nest] 17656  - [39m22/09/2026, 21:45:32 [32m    LOG[39m [38;5;3m[RoutesResolver] [39m[32mPosterController {/api/v1/posters}:[39m[38;5;3m +0ms[39m
[32m[Nest] 17656  - [39m22/09/2026, 21:45:32 [32m    LOG[39m [38;5;3m[RouterExplorer] [39m[32mMapped {/api/v1/posters/public, GET} route[39m[38;5;3m +0ms[39m
[32m[Nest] 17656  - [39m22/09/2026, 21:45:32 [32m    LOG[39m [38;5;3m[RouterExplorer] [39m[32mMapped {/api/v1/posters, GET} route[39m[38;5;3m +0ms[39m
[32m[Nest] 17656  - [39m22/09/2026, 21:45:32 [32m    LOG[39m [38;5;3m[RouterExplorer] [39m[32mMapped {/api/v1/posters, POST} route[39m[38;5;3m +0ms[39m
[32m[Nest] 17656  - [39m22/09/2026, 21:45:32 [32m    LOG[39m [38;5;3m[RouterExplorer] [39m[32mMapped {/api/v1/posters/:id, PATCH} route[39m[38;5;3m +0ms[39m
[32m[Nest] 17656  - [39m22/09/2026, 21:45:32 [32m    LOG[39m [38;5;3m[RouterExplorer] [39m[32mMapped {/api/v1/posters/:id/toggle, PATCH} route[39m[38;5;3m +0ms[39m
[32m[Nest] 17656  - [39m22/09/2026, 21:45:32 [32m    LOG[39m [38;5;3m[RouterExplorer] [39m[32mMapped {/api/v1/posters/:id, DELETE} route[39m[38;5;3m +0ms[39m
[32m[Nest] 17656  - [39m22/09/2026, 21:45:33 [32m    LOG[39m [38;5;3m[PrismaService] [39m[32mDatabase connected[39m
[32m[Nest] 17656  - [39m22/09/2026, 21:45:33 [32m    LOG[39m [38;5;3m[NestApplication] [39m[32mNest application successfully started[39m[38;5;3m +2ms[39m
🚀 NHGP API running at http://localhost:4000/api/v1
[2J[3J[H[[90m21:46:15[0m] File change detected. Starting incremental compilation...

[[90m21:46:15[0m] Found 0 errors. Watching for file changes.

[32m[Nest] 18900  - [39m22/09/2026, 21:46:16 [32m    LOG[39m [38;5;3m[NestFactory] [39m[32mStarting Nest application...[39m
[32m[Nest] 18900  - [39m22/09/2026, 21:46:16 [32m    LOG[39m [38;5;3m[InstanceLoader] [39m[32mPrismaModule dependencies initialized[39m[38;5;3m +26ms[39m
[32m[Nest] 18900  - [39m22/09/2026, 21:46:16 [32m    LOG[39m [38;5;3m[InstanceLoader] [39m[32mPassportModule dependencies initialized[39m[38;5;3m +0ms[39m
[32m[Nest] 18900  - [39m22/09/2026, 21:46:16 [32m    LOG[39m [38;5;3m[InstanceLoader] [39m[32mConfigHostModule dependencies initialized[39m[38;5;3m +6ms[39m
[32m[Nest] 18900  - [39m22/09/2026, 21:46:16 [32m    LOG[39m [38;5;3m[InstanceLoader] [39m[32mThrottlerModule dependencies initialized[39m[38;5;3m +0ms[39m
[33m[Nest] 18900  - [39m22/09/2026, 21:46:16 [33m   WARN[39m [38;5;3m[EmailService] [39m[33mSMTP not configured — emails will be logged to console. Set SMTP_HOST, SMTP_USER, SMTP_PASS in .env to enable sending.[39m
[32m[Nest] 18900  - [39m22/09/2026, 21:46:16 [32m    LOG[39m [38;5;3m[InstanceLoader] [39m[32mConfigModule dependencies initialized[39m[38;5;3m +1ms[39m
[32m[Nest] 18900  - [39m22/09/2026, 21:46:16 [32m    LOG[39m [38;5;3m[InstanceLoader] [39m[32mConfigModule dependencies initialized[39m[38;5;3m +0ms[39m
[32m[Nest] 18900  - [39m22/09/2026, 21:46:16 [32m    LOG[39m [38;5;3m[InstanceLoader] [39m[32mNotificationModule dependencies initialized[39m[38;5;3m +1ms[39m
[32m[Nest] 18900  - [39m22/09/2026, 21:46:16 [32m    LOG[39m [38;5;3m[InstanceLoader] [39m[32mAiModule dependencies initialized[39m[38;5;3m +0ms[39m
[32m[Nest] 18900  - [39m22/09/2026, 21:46:16 [32m    LOG[39m [38;5;3m[InstanceLoader] [39m[32mEmailModule dependencies initialized[39m[38;5;3m +0ms[39m
[32m[Nest] 18900  - [39m22/09/2026, 21:46:16 [32m    LOG[39m [38;5;3m[InstanceLoader] [39m[32mStorageModule dependencies initialized[39m[38;5;3m +0ms[39m
[32m[Nest] 18900  - [39m22/09/2026, 21:46:16 [32m    LOG[39m [38;5;3m[InstanceLoader] [39m[32mJwtModule dependencies initialized[39m[38;5;3m +1ms[39m
[32m[Nest] 18900  - [39m22/09/2026, 21:46:16 [32m    LOG[39m [38;5;3m[InstanceLoader] [39m[32mVendorModule dependencies initialized[39m[38;5;3m +0ms[39m
[32m[Nest] 18900  - [39m22/09/2026, 21:46:16 [32m    LOG[39m [38;5;3m[InstanceLoader] [39m[32mAppointmentModule dependencies initialized[39m[38;5;3m +0ms[39m
[32m[Nest] 18900  - [39m22/09/2026, 21:46:16 [32m    LOG[39m [38;5;3m[InstanceLoader] [39m[32mEmployeeModule dependencies initialized[39m[38;5;3m +1ms[39m
[32m[Nest] 18900  - [39m22/09/2026, 21:46:16 [32m    LOG[39m [38;5;3m[InstanceLoader] [39m[32mDashboardModule dependencies initialized[39m[38;5;3m +0ms[39m
[32m[Nest] 18900  - [39m22/09/2026, 21:46:16 [32m    LOG[39m [38;5;3m[InstanceLoader] [39m[32mAuditModule dependencies initialized[39m[38;5;3m +0ms[39m
[32m[Nest] 18900  - [39m22/09/2026, 21:46:16 [32m    LOG[39m [38;5;3m[InstanceLoader] [39m[32mAppModule dependencies initialized[39m[38;5;3m +1ms[39m
[32m[Nest] 18900  - [39m22/09/2026, 21:46:16 [32m    LOG[39m [38;5;3m[InstanceLoader] [39m[32mCustomerModule dependencies initialized[39m[38;5;3m +0ms[39m
[32m[Nest] 18900  - [39m22/09/2026, 21:46:16 [32m    LOG[39m [38;5;3m[InstanceLoader] [39m[32mSaleModule dependencies initialized[39m[38;5;3m +0ms[39m
[32m[Nest] 18900  - [39m22/09/2026, 21:46:16 [32m    LOG[39m [38;5;3m[InstanceLoader] [39m[32mPaymentModule dependencies initialized[39m[38;5;3m +0ms[39m
[32m[Nest] 18900  - [39m22/09/2026, 21:46:16 [32m    LOG[39m [38;5;3m[InstanceLoader] [39m[32mInspectionModule dependencies initialized[39m[38;5;3m +0ms[39m
[32m[Nest] 18900  - [39m22/09/2026, 21:46:16 [32m    LOG[39m [38;5;3m[InstanceLoader] [39m[32mCompanyModule dependencies initialized[39m[38;5;3m +0ms[39m
[32m[Nest] 18900  - [39m22/09/2026, 21:46:16 [32m    LOG[39m [38;5;3m[InstanceLoader] [39m[32mReservationModule dependencies initialized[39m[38;5;3m +0ms[39m
[32m[Nest] 18900  - [39m22/09/2026, 21:46:16 [32m    LOG[39m [38;5;3m[InstanceLoader] [39m[32mDocumentModule dependencies initialized[39m[38;5;3m +0ms[39m
[32m[Nest] 18900  - [39m22/09/2026, 21:46:16 [32m    LOG[39m [38;5;3m[InstanceLoader] [39m[32mEstateModule dependencies initialized[39m[38;5;3m +0ms[39m
[32m[Nest] 18900  - [39m22/09/2026, 21:46:16 [32m    LOG[39m [38;5;3m[InstanceLoader] [39m[32mPropertyModule dependencies initialized[39m[38;5;3m +0ms[39m
[32m[Nest] 18900  - [39m22/09/2026, 21:46:16 [32m    LOG[39m [38;5;3m[InstanceLoader] [39m[32mPosterModule dependencies initialized[39m[38;5;3m +0ms[39m
[32m[Nest] 18900  - [39m22/09/2026, 21:46:16 [32m    LOG[39m [38;5;3m[InstanceLoader] [39m[32mAuthModule dependencies initialized[39m[38;5;3m +0ms[39m
[32m[Nest] 18900  - [39m22/09/2026, 21:46:17 [32m    LOG[39m [38;5;3m[RoutesResolver] [39m[32mHealthController {/api/v1/health}:[39m[38;5;3m +439ms[39m
[32m[Nest] 18900  - [39m22/09/2026, 21:46:17 [32m    LOG[39m [38;5;3m[RouterExplorer] [39m[32mMapped {/api/v1/health, GET} route[39m[38;5;3m +2ms[39m
[32m[Nest] 18900  - [39m22/09/2026, 21:46:17 [32m    LOG[39m [38;5;3m[RoutesResolver] [39m[32mAuditController {/api/v1/audit-logs}:[39m[38;5;3m +0ms[39m
[32m[Nest] 18900  - [39m22/09/2026, 21:46:17 [32m    LOG[39m [38;5;3m[RouterExplorer] [39m[32mMapped {/api/v1/audit-logs, GET} route[39m[38;5;3m +0ms[39m
[32m[Nest] 18900  - [39m22/09/2026, 21:46:17 [32m    LOG[39m [38;5;3m[RoutesResolver] [39m[32mAuthController {/api/v1/auth}:[39m[38;5;3m +2ms[39m
[32m[Nest] 18900  - [39m22/09/2026, 21:46:17 [32m    LOG[39m [38;5;3m[RouterExplorer] [39m[32mMapped {/api/v1/auth/login, POST} route[39m[38;5;3m +0ms[39m
[32m[Nest] 18900  - [39m22/09/2026, 21:46:17 [32m    LOG[39m [38;5;3m[RouterExplorer] [39m[32mMapped {/api/v1/auth/refresh, POST} route[39m[38;5;3m +0ms[39m
[32m[Nest] 18900  - [39m22/09/2026, 21:46:17 [32m    LOG[39m [38;5;3m[RouterExplorer] [39m[32mMapped {/api/v1/auth/logout, POST} route[39m[38;5;3m +1ms[39m
[32m[Nest] 18900  - [39m22/09/2026, 21:46:17 [32m    LOG[39m [38;5;3m[RouterExplorer] [39m[32mMapped {/api/v1/auth/change-password, POST} route[39m[38;5;3m +0ms[39m
[32m[Nest] 18900  - [39m22/09/2026, 21:46:17 [32m    LOG[39m [38;5;3m[RouterExplorer] [39m[32mMapped {/api/v1/auth/me, POST} route[39m[38;5;3m +0ms[39m
[32m[Nest] 18900  - [39m22/09/2026, 21:46:17 [32m    LOG[39m [38;5;3m[RouterExplorer] [39m[32mMapped {/api/v1/auth/super/login, POST} route[39m[38;5;3m +0ms[39m
[32m[Nest] 18900  - [39m22/09/2026, 21:46:17 [32m    LOG[39m [38;5;3m[RouterExplorer] [39m[32mMapped {/api/v1/auth/customer/register, POST} route[39m[38;5;3m +0ms[39m
[32m[Nest] 18900  - [39m22/09/2026, 21:46:17 [32m    LOG[39m [38;5;3m[RouterExplorer] [39m[32mMapped {/api/v1/auth/customer/login, POST} route[39m[38;5;3m +0ms[39m
[32m[Nest] 18900  - [39m22/09/2026, 21:46:17 [32m    LOG[39m [38;5;3m[RouterExplorer] [39m[32mMapped {/api/v1/auth/customer/me, GET} route[39m[38;5;3m +1ms[39m
[32m[Nest] 18900  - [39m22/09/2026, 21:46:17 [32m    LOG[39m [38;5;3m[RouterExplorer] [39m[32mMapped {/api/v1/auth/customer/profile, PATCH} route[39m[38;5;3m +0ms[39m
[32m[Nest] 18900  - [39m22/09/2026, 21:46:17 [32m    LOG[39m [38;5;3m[RoutesResolver] [39m[32mCompanyController {/api/v1/companies}:[39m[38;5;3m +0ms[39m
[32m[Nest] 18900  - [39m22/09/2026, 21:46:17 [32m    LOG[39m [38;5;3m[RouterExplorer] [39m[32mMapped {/api/v1/companies, POST} route[39m[38;5;3m +0ms[39m
[32m[Nest] 18900  - [39m22/09/2026, 21:46:17 [32m    LOG[39m [38;5;3m[RouterExplorer] [39m[32mMapped {/api/v1/companies, GET} route[39m[38;5;3m +0ms[39m
[32m[Nest] 18900  - [39m22/09/2026, 21:46:17 [32m    LOG[39m [38;5;3m[RouterExplorer] [39m[32mMapped {/api/v1/companies/departments, GET} route[39m[38;5;3m +0ms[39m
[32m[Nest] 18900  - [39m22/09/2026, 21:46:17 [32m    LOG[39m [38;5;3m[RouterExplorer] [39m[32mMapped {/api/v1/companies/:id, GET} route[39m[38;5;3m +0ms[39m
[32m[Nest] 18900  - [39m22/09/2026, 21:46:17 [32m    LOG[39m [38;5;3m[RouterExplorer] [39m[32mMapped {/api/v1/companies/:id, PATCH} route[39m[38;5;3m +0ms[39m
[32m[Nest] 18900  - [39m22/09/2026, 21:46:17 [32m    LOG[39m [38;5;3m[RouterExplorer] [39m[32mMapped {/api/v1/companies/:id/branches, POST} route[39m[38;5;3m +1ms[39m
[32m[Nest] 18900  - [39m22/09/2026, 21:46:17 [32m    LOG[39m [38;5;3m[RouterExplorer] [39m[32mMapped {/api/v1/companies/branches/:branchId, PATCH} route[39m[38;5;3m +0ms[39m
[32m[Nest] 18900  - [39m22/09/2026, 21:46:17 [32m    LOG[39m [38;5;3m[RouterExplorer] [39m[32mMapped {/api/v1/companies/branches/:branchId, DELETE} route[39m[38;5;3m +0ms[39m
[32m[Nest] 18900  - [39m22/09/2026, 21:46:17 [32m    LOG[39m [38;5;3m[RouterExplorer] [39m[32mMapped {/api/v1/companies/departments, POST} route[39m[38;5;3m +0ms[39m
[32m[Nest] 18900  - [39m22/09/2026, 21:46:17 [32m    LOG[39m [38;5;3m[RouterExplorer] [39m[32mMapped {/api/v1/companies/departments/:id, PATCH} route[39m[38;5;3m +0ms[39m
[32m[Nest] 18900  - [39m22/09/2026, 21:46:17 [32m    LOG[39m [38;5;3m[RouterExplorer] [39m[32mMapped {/api/v1/companies/departments/:id, DELETE} route[39m[38;5;3m +0ms[39m
[32m[Nest] 18900  - [39m22/09/2026, 21:46:17 [32m    LOG[39m [38;5;3m[RoutesResolver] [39m[32mEstateController {/api/v1/estates}:[39m[38;5;3m +0ms[39m
[32m[Nest] 18900  - [39m22/09/2026, 21:46:17 [32m    LOG[39m [38;5;3m[RouterExplorer] [39m[32mMapped {/api/v1/estates/public, GET} route[39m[38;5;3m +0ms[39m
[32m[Nest] 18900  - [39m22/09/2026, 21:46:17 [32m    LOG[39m [38;5;3m[RouterExplorer] [39m[32mMapped {/api/v1/estates, GET} route[39m[38;5;3m +0ms[39m
[32m[Nest] 18900  - [39m22/09/2026, 21:46:17 [32m    LOG[39m [38;5;3m[RouterExplorer] [39m[32mMapped {/api/v1/estates/:id, GET} route[39m[38;5;3m +0ms[39m
[32m[Nest] 18900  - [39m22/09/2026, 21:46:17 [32m    LOG[39m [38;5;3m[RouterExplorer] [39m[32mMapped {/api/v1/estates, POST} route[39m[38;5;3m +0ms[39m
[32m[Nest] 18900  - [39m22/09/2026, 21:46:17 [32m    LOG[39m [38;5;3m[RouterExplorer] [39m[32mMapped {/api/v1/estates/:id, PATCH} route[39m[38;5;3m +0ms[39m
[32m[Nest] 18900  - [39m22/09/2026, 21:46:17 [32m    LOG[39m [38;5;3m[RouterExplorer] [39m[32mMapped {/api/v1/estates/:id/phases, POST} route[39m[38;5;3m +0ms[39m
[32m[Nest] 18900  - [39m22/09/2026, 21:46:17 [32m    LOG[39m [38;5;3m[RouterExplorer] [39m[32mMapped {/api/v1/estates/:id/blocks, POST} route[39m[38;5;3m +0ms[39m
[32m[Nest] 18900  - [39m22/09/2026, 21:46:17 [32m    LOG[39m [38;5;3m[RouterExplorer] [39m[32mMapped {/api/v1/estates/:id/infrastructure, POST} route[39m[38;5;3m +0ms[39m
[32m[Nest] 18900  - [39m22/09/2026, 21:46:17 [32m    LOG[39m [38;5;3m[RouterExplorer] [39m[32mMapped {/api/v1/estates/:id/site-plan, POST} route[39m[38;5;3m +1ms[39m
[32m[Nest] 18900  - [39m22/09/2026, 21:46:17 [32m    LOG[39m [38;5;3m[RouterExplorer] [39m[32mMapped {/api/v1/estates/:id/building-types, PATCH} route[39m[38;5;3m +0ms[39m
[32m[Nest] 18900  - [39m22/09/2026, 21:46:17 [32m    LOG[39m [38;5;3m[RouterExplorer] [39m[32mMapped {/api/v1/estates/:id/building-type-image/:typeId, POST} route[39m[38;5;3m +0ms[39m
[32m[Nest] 18900  - [39m22/09/2026, 21:46:17 [32m    LOG[39m [38;5;3m[RouterExplorer] [39m[32mMapped {/api/v1/estates/:id/building-type-image/:typeId/:filename, DELETE} route[39m[38;5;3m +0ms[39m
[32m[Nest] 18900  - [39m22/09/2026, 21:46:17 [32m    LOG[39m [38;5;3m[RouterExplorer] [39m[32mMapped {/api/v1/estates/:id/permanent, DELETE} route[39m[38;5;3m +0ms[39m
[32m[Nest] 18900  - [39m22/09/2026, 21:46:17 [32m    LOG[39m [38;5;3m[RoutesResolver] [39m[32mPropertyController {/api/v1/properties}:[39m[38;5;3m +0ms[39m
[32m[Nest] 18900  - [39m22/09/2026, 21:46:17 [32m    LOG[39m [38;5;3m[RouterExplorer] [39m[32mMapped {/api/v1/properties/public, GET} route[39m[38;5;3m +0ms[39m
[32m[Nest] 18900  - [39m22/09/2026, 21:46:17 [32m    LOG[39m [38;5;3m[RouterExplorer] [39m[32mMapped {/api/v1/properties/public/:id, GET} route[39m[38;5;3m +0ms[39m
[32m[Nest] 18900  - [39m22/09/2026, 21:46:17 [32m    LOG[39m [38;5;3m[RouterExplorer] [39m[32mMapped {/api/v1/properties/public/inquiry, POST} route[39m[38;5;3m +0ms[39m
[32m[Nest] 18900  - [39m22/09/2026, 21:46:17 [32m    LOG[39m [38;5;3m[RouterExplorer] [39m[32mMapped {/api/v1/properties, GET} route[39m[38;5;3m +0ms[39m
[32m[Nest] 18900  - [39m22/09/2026, 21:46:17 [32m    LOG[39m [38;5;3m[RouterExplorer] [39m[32mMapped {/api/v1/properties/admin/inquiries, GET} route[39m[38;5;3m +0ms[39m
[32m[Nest] 18900  - [39m22/09/2026, 21:46:17 [32m    LOG[39m [38;5;3m[RouterExplorer] [39m[32mMapped {/api/v1/properties/admin/inquiries/:id/status, PATCH} route[39m[38;5;3m +0ms[39m
[32m[Nest] 18900  - [39m22/09/2026, 21:46:17 [32m    LOG[39m [38;5;3m[RouterExplorer] [39m[32mMapped {/api/v1/properties/admin/inquiries/:id/notes, PATCH} route[39m[38;5;3m +0ms[39m
[32m[Nest] 18900  - [39m22/09/2026, 21:46:17 [32m    LOG[39m [38;5;3m[RouterExplorer] [39m[32mMapped {/api/v1/properties/admin/inquiries/:id/convert, POST} route[39m[38;5;3m +0ms[39m
[32m[Nest] 18900  - [39m22/09/2026, 21:46:17 [32m    LOG[39m [38;5;3m[RouterExplorer] [39m[32mMapped {/api/v1/properties/:id, GET} route[39m[38;5;3m +1ms[39m
[32m[Nest] 18900  - [39m22/09/2026, 21:46:17 [32m    LOG[39m [38;5;3m[RouterExplorer] [39m[32mMapped {/api/v1/properties, POST} route[39m[38;5;3m +0ms[39m
[32m[Nest] 18900  - [39m22/09/2026, 21:46:17 [32m    LOG[39m [38;5;3m[RouterExplorer] [39m[32mMapped {/api/v1/properties/:id, PATCH} route[39m[38;5;3m +0ms[39m
[32m[Nest] 18900  - [39m22/09/2026, 21:46:17 [32m    LOG[39m [38;5;3m[RouterExplorer] [39m[32mMapped {/api/v1/properties/:id/status, POST} route[39m[38;5;3m +0ms[39m
[32m[Nest] 18900  - [39m22/09/2026, 21:46:17 [32m    LOG[39m [38;5;3m[RouterExplorer] [39m[32mMapped {/api/v1/properties/:id, DELETE} route[39m[38;5;3m +0ms[39m
[32m[Nest] 18900  - [39m22/09/2026, 21:46:17 [32m    LOG[39m [38;5;3m[RouterExplorer] [39m[32mMapped {/api/v1/properties/:id/permanent, DELETE} route[39m[38;5;3m +0ms[39m
[32m[Nest] 18900  - [39m22/09/2026, 21:46:17 [32m    LOG[39m [38;5;3m[RouterExplorer] [39m[32mMapped {/api/v1/properties/:id/media, POST} route[39m[38;5;3m +0ms[39m
[32m[Nest] 18900  - [39m22/09/2026, 21:46:17 [32m    LOG[39m [38;5;3m[RouterExplorer] [39m[32mMapped {/api/v1/properties/:id/media/:mediaId, DELETE} route[39m[38;5;3m +0ms[39m
[32m[Nest] 18900  - [39m22/09/2026, 21:46:17 [32m    LOG[39m [38;5;3m[RouterExplorer] [39m[32mMapped {/api/v1/properties/:id/media/:mediaId/cover, PATCH} route[39m[38;5;3m +0ms[39m
[32m[Nest] 18900  - [39m22/09/2026, 21:46:17 [32m    LOG[39m [38;5;3m[RouterExplorer] [39m[32mMapped {/api/v1/properties/:id/favorite, POST} route[39m[38;5;3m +0ms[39m
[32m[Nest] 18900  - [39m22/09/2026, 21:46:17 [32m    LOG[39m [38;5;3m[RouterExplorer] [39m[32mMapped {/api/v1/properties/:id/favorite-status, GET} route[39m[38;5;3m +0ms[39m
[32m[Nest] 18900  - [39m22/09/2026, 21:46:17 [32m    LOG[39m [38;5;3m[RoutesResolver] [39m[32mCustomerController {/api/v1/customers}:[39m[38;5;3m +0ms[39m
[32m[Nest] 18900  - [39m22/09/2026, 21:46:17 [32m    LOG[39m [38;5;3m[RouterExplorer] [39m[32mMapped {/api/v1/customers, GET} route[39m[38;5;3m +0ms[39m
[32m[Nest] 18900  - [39m22/09/2026, 21:46:17 [32m    LOG[39m [38;5;3m[RouterExplorer] [39m[32mMapped {/api/v1/customers/:id, GET} route[39m[38;5;3m +0ms[39m
[32m[Nest] 18900  - [39m22/09/2026, 21:46:17 [32m    LOG[39m [38;5;3m[RouterExplorer] [39m[32mMapped {/api/v1/customers, POST} route[39m[38;5;3m +0ms[39m
[32m[Nest] 18900  - [39m22/09/2026, 21:46:17 [32m    LOG[39m [38;5;3m[RouterExplorer] [39m[32mMapped {/api/v1/customers/:id, PATCH} route[39m[38;5;3m +0ms[39m
[32m[Nest] 18900  - [39m22/09/2026, 21:46:17 [32m    LOG[39m [38;5;3m[RouterExplorer] [39m[32mMapped {/api/v1/customers/:id/deactivate, POST} route[39m[38;5;3m +0ms[39m
[32m[Nest] 18900  - [39m22/09/2026, 21:46:17 [32m    LOG[39m [38;5;3m[RouterExplorer] [39m[32mMapped {/api/v1/customers/:id/activate, POST} route[39m[38;5;3m +1ms[39m
[32m[Nest] 18900  - [39m22/09/2026, 21:46:17 [32m    LOG[39m [38;5;3m[RouterExplorer] [39m[32mMapped {/api/v1/customers/:id, DELETE} route[39m[38;5;3m +0ms[39m
[32m[Nest] 18900  - [39m22/09/2026, 21:46:17 [32m    LOG[39m [38;5;3m[RoutesResolver] [39m[32mReservationController {/api/v1/reservations}:[39m[38;5;3m +0ms[39m
[32m[Nest] 18900  - [39m22/09/2026, 21:46:17 [32m    LOG[39m [38;5;3m[RouterExplorer] [39m[32mMapped {/api/v1/reservations/public, POST} route[39m[38;5;3m +0ms[39m
[32m[Nest] 18900  - [39m22/09/2026, 21:46:17 [32m    LOG[39m [38;5;3m[RouterExplorer] [39m[32mMapped {/api/v1/reservations, GET} route[39m[38;5;3m +0ms[39m
[32m[Nest] 18900  - [39m22/09/2026, 21:46:17 [32m    LOG[39m [38;5;3m[RouterExplorer] [39m[32mMapped {/api/v1/reservations/mine, GET} route[39m[38;5;3m +0ms[39m
[32m[Nest] 18900  - [39m22/09/2026, 21:46:17 [32m    LOG[39m [38;5;3m[RouterExplorer] [39m[32mMapped {/api/v1/reservations/:id, GET} route[39m[38;5;3m +0ms[39m
[32m[Nest] 18900  - [39m22/09/2026, 21:46:17 [32m    LOG[39m [38;5;3m[RouterExplorer] [39m[32mMapped {/api/v1/reservations/:id/timeline, GET} route[39m[38;5;3m +0ms[39m
[32m[Nest] 18900  - [39m22/09/2026, 21:46:17 [32m    LOG[39m [38;5;3m[RouterExplorer] [39m[32mMapped {/api/v1/reservations/:id/status, PATCH} route[39m[38;5;3m +0ms[39m
[32m[Nest] 18900  - [39m22/09/2026, 21:46:17 [32m    LOG[39m [38;5;3m[RoutesResolver] [39m[32mSaleController {/api/v1/sales}:[39m[38;5;3m +0ms[39m
[32m[Nest] 18900  - [39m22/09/2026, 21:46:17 [32m    LOG[39m [38;5;3m[RouterExplorer] [39m[32mMapped {/api/v1/sales, GET} route[39m[38;5;3m +0ms[39m
[32m[Nest] 18900  - [39m22/09/2026, 21:46:17 [32m    LOG[39m [38;5;3m[RouterExplorer] [39m[32mMapped {/api/v1/sales/:id, GET} route[39m[38;5;3m +0ms[39m
[32m[Nest] 18900  - [39m22/09/2026, 21:46:17 [32m    LOG[39m [38;5;3m[RouterExplorer] [39m[32mMapped {/api/v1/sales, POST} route[39m[38;5;3m +0ms[39m
[32m[Nest] 18900  - [39m22/09/2026, 21:46:17 [32m    LOG[39m [38;5;3m[RouterExplorer] [39m[32mMapped {/api/v1/sales/:id/status, PATCH} route[39m[38;5;3m +0ms[39m
[32m[Nest] 18900  - [39m22/09/2026, 21:46:17 [32m    LOG[39m [38;5;3m[RoutesResolver] [39m[32mPaymentController {/api/v1/payments}:[39m[38;5;3m +0ms[39m
[32m[Nest] 18900  - [39m22/09/2026, 21:46:17 [32m    LOG[39m [38;5;3m[RouterExplorer] [39m[32mMapped {/api/v1/payments, POST} route[39m[38;5;3m +0ms[39m
[32m[Nest] 18900  - [39m22/09/2026, 21:46:17 [32m    LOG[39m [38;5;3m[RouterExplorer] [39m[32mMapped {/api/v1/payments, GET} route[39m[38;5;3m +0ms[39m
[32m[Nest] 18900  - [39m22/09/2026, 21:46:17 [32m    LOG[39m [38;5;3m[RouterExplorer] [39m[32mMapped {/api/v1/payments/:id, GET} route[39m[38;5;3m +1ms[39m
[32m[Nest] 18900  - [39m22/09/2026, 21:46:17 [32m    LOG[39m [38;5;3m[RouterExplorer] [39m[32mMapped {/api/v1/payments/:id/verify, PATCH} route[39m[38;5;3m +0ms[39m
[32m[Nest] 18900  - [39m22/09/2026, 21:46:17 [32m    LOG[39m [38;5;3m[RouterExplorer] [39m[32mMapped {/api/v1/payments/:id/reject, PATCH} route[39m[38;5;3m +0ms[39m
[32m[Nest] 18900  - [39m22/09/2026, 21:46:17 [32m    LOG[39m [38;5;3m[RoutesResolver] [39m[32mInspectionController {/api/v1/inspections}:[39m[38;5;3m +0ms[39m
[32m[Nest] 18900  - [39m22/09/2026, 21:46:17 [32m    LOG[39m [38;5;3m[RouterExplorer] [39m[32mMapped {/api/v1/inspections, POST} route[39m[38;5;3m +0ms[39m
[32m[Nest] 18900  - [39m22/09/2026, 21:46:17 [32m    LOG[39m [38;5;3m[RouterExplorer] [39m[32mMapped {/api/v1/inspections, GET} route[39m[38;5;3m +0ms[39m
[32m[Nest] 18900  - [39m22/09/2026, 21:46:17 [32m    LOG[39m [38;5;3m[RouterExplorer] [39m[32mMapped {/api/v1/inspections/:id, GET} route[39m[38;5;3m +0ms[39m
[32m[Nest] 18900  - [39m22/09/2026, 21:46:17 [32m    LOG[39m [38;5;3m[RouterExplorer] [39m[32mMapped {/api/v1/inspections/:id/start, PATCH} route[39m[38;5;3m +0ms[39m
[32m[Nest] 18900  - [39m22/09/2026, 21:46:17 [32m    LOG[39m [38;5;3m[RouterExplorer] [39m[32mMapped {/api/v1/inspections/:id/complete, PATCH} route[39m[38;5;3m +0ms[39m
[32m[Nest] 18900  - [39m22/09/2026, 21:46:17 [32m    LOG[39m [38;5;3m[RouterExplorer] [39m[32mMapped {/api/v1/inspections/:id/cancel, PATCH} route[39m[38;5;3m +0ms[39m
[32m[Nest] 18900  - [39m22/09/2026, 21:46:17 [32m    LOG[39m [38;5;3m[RouterExplorer] [39m[32mMapped {/api/v1/inspections/:id/fail, PATCH} route[39m[38;5;3m +0ms[39m
[32m[Nest] 18900  - [39m22/09/2026, 21:46:17 [32m    LOG[39m [38;5;3m[RoutesResolver] [39m[32mDocumentController {/api/v1/documents}:[39m[38;5;3m +0ms[39m
[32m[Nest] 18900  - [39m22/09/2026, 21:46:17 [32m    LOG[39m [38;5;3m[RouterExplorer] [39m[32mMapped {/api/v1/documents/upload, POST} route[39m[38;5;3m +0ms[39m
[32m[Nest] 18900  - [39m22/09/2026, 21:46:17 [32m    LOG[39m [38;5;3m[RouterExplorer] [39m[32mMapped {/api/v1/documents, GET} route[39m[38;5;3m +0ms[39m
[32m[Nest] 18900  - [39m22/09/2026, 21:46:17 [32m    LOG[39m [38;5;3m[RouterExplorer] [39m[32mMapped {/api/v1/documents/:id, GET} route[39m[38;5;3m +0ms[39m
[32m[Nest] 18900  - [39m22/09/2026, 21:46:17 [32m    LOG[39m [38;5;3m[RouterExplorer] [39m[32mMapped {/api/v1/documents/:id/download, GET} route[39m[38;5;3m +0ms[39m
[32m[Nest] 18900  - [39m22/09/2026, 21:46:17 [32m    LOG[39m [38;5;3m[RouterExplorer] [39m[32mMapped {/api/v1/documents/:id/status, PATCH} route[39m[38;5;3m +0ms[39m
[32m[Nest] 18900  - [39m22/09/2026, 21:46:17 [32m    LOG[39m [38;5;3m[RouterExplorer] [39m[32mMapped {/api/v1/documents/:id, DELETE} route[39m[38;5;3m +0ms[39m
[32m[Nest] 18900  - [39m22/09/2026, 21:46:17 [32m    LOG[39m [38;5;3m[RoutesResolver] [39m[32mEmployeeController {/api/v1/employees}:[39m[38;5;3m +0ms[39m
[32m[Nest] 18900  - [39m22/09/2026, 21:46:17 [32m    LOG[39m [38;5;3m[RouterExplorer] [39m[32mMapped {/api/v1/employees, GET} route[39m[38;5;3m +1ms[39m
[32m[Nest] 18900  - [39m22/09/2026, 21:46:17 [32m    LOG[39m [38;5;3m[RouterExplorer] [39m[32mMapped {/api/v1/employees/departments, GET} route[39m[38;5;3m +0ms[39m
[32m[Nest] 18900  - [39m22/09/2026, 21:46:17 [32m    LOG[39m [38;5;3m[RouterExplorer] [39m[32mMapped {/api/v1/employees/roles, GET} route[39m[38;5;3m +0ms[39m
[32m[Nest] 18900  - [39m22/09/2026, 21:46:17 [32m    LOG[39m [38;5;3m[RouterExplorer] [39m[32mMapped {/api/v1/employees/:id, GET} route[39m[38;5;3m +0ms[39m
[32m[Nest] 18900  - [39m22/09/2026, 21:46:17 [32m    LOG[39m [38;5;3m[RouterExplorer] [39m[32mMapped {/api/v1/employees, POST} route[39m[38;5;3m +0ms[39m
[32m[Nest] 18900  - [39m22/09/2026, 21:46:17 [32m    LOG[39m [38;5;3m[RouterExplorer] [39m[32mMapped {/api/v1/employees/:id, PATCH} route[39m[38;5;3m +0ms[39m
[32m[Nest] 18900  - [39m22/09/2026, 21:46:17 [32m    LOG[39m [38;5;3m[RouterExplorer] [39m[32mMapped {/api/v1/employees/:id, DELETE} route[39m[38;5;3m +0ms[39m
[32m[Nest] 18900  - [39m22/09/2026, 21:46:17 [32m    LOG[39m [38;5;3m[RouterExplorer] [39m[32mMapped {/api/v1/employees/:id/roles, POST} route[39m[38;5;3m +0ms[39m
[32m[Nest] 18900  - [39m22/09/2026, 21:46:17 [32m    LOG[39m [38;5;3m[RouterExplorer] [39m[32mMapped {/api/v1/employees/:id/roles/remove, POST} route[39m[38;5;3m +0ms[39m
[32m[Nest] 18900  - [39m22/09/2026, 21:46:17 [32m    LOG[39m [38;5;3m[RoutesResolver] [39m[32mVendorController {/api/v1/vendors}:[39m[38;5;3m +0ms[39m
[32m[Nest] 18900  - [39m22/09/2026, 21:46:17 [32m    LOG[39m [38;5;3m[RoutesResolver] [39m[32mAppointmentController {/api/v1/appointments}:[39m[38;5;3m +0ms[39m
[32m[Nest] 18900  - [39m22/09/2026, 21:46:17 [32m    LOG[39m [38;5;3m[RoutesResolver] [39m[32mNotificationController {/api/v1/notifications}:[39m[38;5;3m +0ms[39m
[32m[Nest] 18900  - [39m22/09/2026, 21:46:17 [32m    LOG[39m [38;5;3m[RoutesResolver] [39m[32mAiController {/api/v1/ai}:[39m[38;5;3m +0ms[39m
[32m[Nest] 18900  - [39m22/09/2026, 21:46:17 [32m    LOG[39m [38;5;3m[RoutesResolver] [39m[32mDashboardController {/api/v1/dashboard}:[39m[38;5;3m +0ms[39m
[32m[Nest] 18900  - [39m22/09/2026, 21:46:17 [32m    LOG[39m [38;5;3m[RouterExplorer] [39m[32mMapped {/api/v1/dashboard/stats, GET} route[39m[38;5;3m +0ms[39m
[32m[Nest] 18900  - [39m22/09/2026, 21:46:17 [32m    LOG[39m [38;5;3m[RoutesResolver] [39m[32mPosterController {/api/v1/posters}:[39m[38;5;3m +0ms[39m
[32m[Nest] 18900  - [39m22/09/2026, 21:46:17 [32m    LOG[39m [38;5;3m[RouterExplorer] [39m[32mMapped {/api/v1/posters/public, GET} route[39m[38;5;3m +0ms[39m
[32m[Nest] 18900  - [39m22/09/2026, 21:46:17 [32m    LOG[39m [38;5;3m[RouterExplorer] [39m[32mMapped {/api/v1/posters, GET} route[39m[38;5;3m +0ms[39m
[32m[Nest] 18900  - [39m22/09/2026, 21:46:17 [32m    LOG[39m [38;5;3m[RouterExplorer] [39m[32mMapped {/api/v1/posters, POST} route[39m[38;5;3m +0ms[39m
[32m[Nest] 18900  - [39m22/09/2026, 21:46:17 [32m    LOG[39m [38;5;3m[RouterExplorer] [39m[32mMapped {/api/v1/posters/:id, PATCH} route[39m[38;5;3m +0ms[39m
[32m[Nest] 18900  - [39m22/09/2026, 21:46:17 [32m    LOG[39m [38;5;3m[RouterExplorer] [39m[32mMapped {/api/v1/posters/:id/toggle, PATCH} route[39m[38;5;3m +0ms[39m
[32m[Nest] 18900  - [39m22/09/2026, 21:46:17 [32m    LOG[39m [38;5;3m[RouterExplorer] [39m[32mMapped {/api/v1/posters/:id, DELETE} route[39m[38;5;3m +0ms[39m
[32m[Nest] 18900  - [39m22/09/2026, 21:46:18 [32m    LOG[39m [38;5;3m[PrismaService] [39m[32mDatabase connected[39m
[32m[Nest] 18900  - [39m22/09/2026, 21:46:18 [32m    LOG[39m [38;5;3m[NestApplication] [39m[32mNest application successfully started[39m[38;5;3m +2ms[39m
[31m[Nest] 18900  - [39m22/09/2026, 21:46:18 [31m  ERROR[39m [38;5;3m[NestApplication] [39m[31mError: listen EADDRINUSE: address already in use :::4000[39m[38;5;3m +1ms[39m
node:net:1941
    const ex = new UVExceptionWithHostPort(err, 'listen', address, port);
               ^

Error: listen EADDRINUSE: address already in use :::4000
    at Server.setupListenHandle [as _listen2] (node:net:1941:16)
    at listenInCluster (node:net:1998:12)
    at Server.listen (node:net:2103:7)
    at ExpressAdapter.listen (C:\Users\david\Desktop\Projects\Ndukego Homes Gallery Project\node_modules\.pnpm\@nestjs+platform-express@11.1.28_@nestjs+common@11.1.28_class-transformer@0.5.1_class-validat_tmrpyvfpavunwigoq4yf4m43ry\node_modules\@nestjs\platform-express\adapters\express-adapter.js:115:32)
    at C:\Users\david\Desktop\Projects\Ndukego Homes Gallery Project\node_modules\.pnpm\@nestjs+core@11.1.28_@nestjs+common@11.1.28_class-transformer@0.5.1_class-validator@0.14.4_re_jbbxms5qftvp4gp3vkdoquda7y\node_modules\@nestjs\core\nest-application.js:190:30
    at new Promise (<anonymous>)
    at NestApplication.listen (C:\Users\david\Desktop\Projects\Ndukego Homes Gallery Project\node_modules\.pnpm\@nestjs+core@11.1.28_@nestjs+common@11.1.28_class-transformer@0.5.1_class-validator@0.14.4_re_jbbxms5qftvp4gp3vkdoquda7y\node_modules\@nestjs\core\nest-application.js:180:16)
    at async bootstrap (C:\Users\david\Desktop\Projects\Ndukego Homes Gallery Project\apps\api\src\main.ts:85:3) {
  code: 'EADDRINUSE',
  errno: -4091,
  syscall: 'listen',
  address: '::',
  port: 4000
}

Node.js v22.23.1
[2J[3J[H[[90m22:20:39[0m] File change detected. Starting incremental compilation...

[96msrc/auth/auth.service.ts[0m:[93m380[0m:[93m7[0m - [91merror[0m[90m TS2554: [0mExpected 5-7 arguments, but got 8.

[7m380[0m       { issueRefreshToken: false }, // reuse the existing refresh token
[7m   [0m [91m      ~~~~~~~~~~~~~~~~~~~~~~~~~~~~[0m

[[90m22:20:40[0m] Found 1 error. Watching for file changes.

[2J[3J[H[[90m22:20:40[0m] File change detected. Starting incremental compilation...

[96msrc/auth/auth.service.ts[0m:[93m380[0m:[93m7[0m - [91merror[0m[90m TS2554: [0mExpected 5-7 arguments, but got 8.

[7m380[0m       { issueRefreshToken: false }, // reuse the existing refresh token
[7m   [0m [91m      ~~~~~~~~~~~~~~~~~~~~~~~~~~~~[0m

[[90m22:20:41[0m] Found 1 error. Watching for file changes.

[2J[3J[H[[90m22:20:41[0m] File change detected. Starting incremental compilation...

[96msrc/auth/auth.service.ts[0m:[93m380[0m:[93m7[0m - [91merror[0m[90m TS2554: [0mExpected 5-7 arguments, but got 8.

[7m380[0m       { issueRefreshToken: false }, // reuse the existing refresh token
[7m   [0m [91m      ~~~~~~~~~~~~~~~~~~~~~~~~~~~~[0m

[[90m22:20:41[0m] Found 1 error. Watching for file changes.

[2J[3J[H[[90m22:20:51[0m] File change detected. Starting incremental compilation...

[96msrc/auth/auth.service.ts[0m:[93m694[0m:[93m18[0m - [91merror[0m[90m TS2304: [0mCannot find name 'refreshExpiry'.

[7m694[0m       expiresIn: refreshExpiry,
[7m   [0m [91m                 ~~~~~~~~~~~~~[0m

[[90m22:20:51[0m] Found 1 error. Watching for file changes.

[2J[3J[H[[90m22:21:24[0m] File change detected. Starting incremental compilation...

[96msrc/auth/auth.service.ts[0m:[93m695[0m:[93m11[0m - [91merror[0m[90m TS2304: [0mCannot find name 'refreshExpiry'.

[7m695[0m         ? refreshExpiry
[7m   [0m [91m          ~~~~~~~~~~~~~[0m

[96msrc/auth/auth.service.ts[0m:[93m696[0m:[93m13[0m - [91merror[0m[90m TS2304: [0mCannot find name 'refreshExpiry'.

[7m696[0m         : ((refreshExpiry as string | undefined) ?? '7d'),
[7m   [0m [91m            ~~~~~~~~~~~~~[0m

[[90m22:21:25[0m] Found 2 errors. Watching for file changes.

[2J[3J[H[[90m22:21:45[0m] File change detected. Starting incremental compilation...

[[90m22:21:45[0m] Found 0 errors. Watching for file changes.

[2J[3J[H[[90m22:21:46[0m] File change detected. Starting incremental compilation...

[[90m22:21:47[0m] Found 0 errors. Watching for file changes.

[2J[3J[H[[90m22:21:47[0m] File change detected. Starting incremental compilation...

[[90m22:21:48[0m] Found 0 errors. Watching for file changes.

[32m[Nest] 38344  - [39m22/09/2026, 22:21:49 [32m    LOG[39m [38;5;3m[NestFactory] [39m[32mStarting Nest application...[39m
[32m[Nest] 38344  - [39m22/09/2026, 22:21:49 [32m    LOG[39m [38;5;3m[InstanceLoader] [39m[32mPrismaModule dependencies initialized[39m[38;5;3m +26ms[39m
[32m[Nest] 38344  - [39m22/09/2026, 22:21:49 [32m    LOG[39m [38;5;3m[InstanceLoader] [39m[32mPassportModule dependencies initialized[39m[38;5;3m +0ms[39m
[32m[Nest] 38344  - [39m22/09/2026, 22:21:49 [32m    LOG[39m [38;5;3m[InstanceLoader] [39m[32mConfigHostModule dependencies initialized[39m[38;5;3m +6ms[39m
[32m[Nest] 38344  - [39m22/09/2026, 22:21:49 [32m    LOG[39m [38;5;3m[InstanceLoader] [39m[32mThrottlerModule dependencies initialized[39m[38;5;3m +0ms[39m
[33m[Nest] 38344  - [39m22/09/2026, 22:21:49 [33m   WARN[39m [38;5;3m[EmailService] [39m[33mSMTP not configured — emails will be logged to console. Set SMTP_HOST, SMTP_USER, SMTP_PASS in .env to enable sending.[39m
[32m[Nest] 38344  - [39m22/09/2026, 22:21:49 [32m    LOG[39m [38;5;3m[InstanceLoader] [39m[32mConfigModule dependencies initialized[39m[38;5;3m +0ms[39m
[32m[Nest] 38344  - [39m22/09/2026, 22:21:49 [32m    LOG[39m [38;5;3m[InstanceLoader] [39m[32mConfigModule dependencies initialized[39m[38;5;3m +0ms[39m
[32m[Nest] 38344  - [39m22/09/2026, 22:21:49 [32m    LOG[39m [38;5;3m[InstanceLoader] [39m[32mNotificationModule dependencies initialized[39m[38;5;3m +1ms[39m
[32m[Nest] 38344  - [39m22/09/2026, 22:21:49 [32m    LOG[39m [38;5;3m[InstanceLoader] [39m[32mAiModule dependencies initialized[39m[38;5;3m +1ms[39m
[32m[Nest] 38344  - [39m22/09/2026, 22:21:49 [32m    LOG[39m [38;5;3m[InstanceLoader] [39m[32mEmailModule dependencies initialized[39m[38;5;3m +0ms[39m
[32m[Nest] 38344  - [39m22/09/2026, 22:21:49 [32m    LOG[39m [38;5;3m[InstanceLoader] [39m[32mStorageModule dependencies initialized[39m[38;5;3m +0ms[39m
[32m[Nest] 38344  - [39m22/09/2026, 22:21:49 [32m    LOG[39m [38;5;3m[InstanceLoader] [39m[32mJwtModule dependencies initialized[39m[38;5;3m +1ms[39m
[32m[Nest] 38344  - [39m22/09/2026, 22:21:49 [32m    LOG[39m [38;5;3m[InstanceLoader] [39m[32mVendorModule dependencies initialized[39m[38;5;3m +1ms[39m
[32m[Nest] 38344  - [39m22/09/2026, 22:21:49 [32m    LOG[39m [38;5;3m[InstanceLoader] [39m[32mAppointmentModule dependencies initialized[39m[38;5;3m +0ms[39m
[32m[Nest] 38344  - [39m22/09/2026, 22:21:49 [32m    LOG[39m [38;5;3m[InstanceLoader] [39m[32mEmployeeModule dependencies initialized[39m[38;5;3m +1ms[39m
[32m[Nest] 38344  - [39m22/09/2026, 22:21:49 [32m    LOG[39m [38;5;3m[InstanceLoader] [39m[32mDashboardModule dependencies initialized[39m[38;5;3m +0ms[39m
[32m[Nest] 38344  - [39m22/09/2026, 22:21:49 [32m    LOG[39m [38;5;3m[InstanceLoader] [39m[32mAuditModule dependencies initialized[39m[38;5;3m +0ms[39m
[32m[Nest] 38344  - [39m22/09/2026, 22:21:49 [32m    LOG[39m [38;5;3m[InstanceLoader] [39m[32mAppModule dependencies initialized[39m[38;5;3m +0ms[39m
[32m[Nest] 38344  - [39m22/09/2026, 22:21:49 [32m    LOG[39m [38;5;3m[InstanceLoader] [39m[32mCustomerModule dependencies initialized[39m[38;5;3m +0ms[39m
[32m[Nest] 38344  - [39m22/09/2026, 22:21:49 [32m    LOG[39m [38;5;3m[InstanceLoader] [39m[32mSaleModule dependencies initialized[39m[38;5;3m +0ms[39m
[32m[Nest] 38344  - [39m22/09/2026, 22:21:49 [32m    LOG[39m [38;5;3m[InstanceLoader] [39m[32mPaymentModule dependencies initialized[39m[38;5;3m +0ms[39m
[32m[Nest] 38344  - [39m22/09/2026, 22:21:49 [32m    LOG[39m [38;5;3m[InstanceLoader] [39m[32mInspectionModule dependencies initialized[39m[38;5;3m +0ms[39m
[32m[Nest] 38344  - [39m22/09/2026, 22:21:49 [32m    LOG[39m [38;5;3m[InstanceLoader] [39m[32mCompanyModule dependencies initialized[39m[38;5;3m +0ms[39m
[32m[Nest] 38344  - [39m22/09/2026, 22:21:49 [32m    LOG[39m [38;5;3m[InstanceLoader] [39m[32mReservationModule dependencies initialized[39m[38;5;3m +0ms[39m
[32m[Nest] 38344  - [39m22/09/2026, 22:21:49 [32m    LOG[39m [38;5;3m[InstanceLoader] [39m[32mDocumentModule dependencies initialized[39m[38;5;3m +0ms[39m
[32m[Nest] 38344  - [39m22/09/2026, 22:21:49 [32m    LOG[39m [38;5;3m[InstanceLoader] [39m[32mEstateModule dependencies initialized[39m[38;5;3m +0ms[39m
[32m[Nest] 38344  - [39m22/09/2026, 22:21:49 [32m    LOG[39m [38;5;3m[InstanceLoader] [39m[32mPropertyModule dependencies initialized[39m[38;5;3m +0ms[39m
[32m[Nest] 38344  - [39m22/09/2026, 22:21:49 [32m    LOG[39m [38;5;3m[InstanceLoader] [39m[32mPosterModule dependencies initialized[39m[38;5;3m +0ms[39m
[32m[Nest] 38344  - [39m22/09/2026, 22:21:49 [32m    LOG[39m [38;5;3m[InstanceLoader] [39m[32mAuthModule dependencies initialized[39m[38;5;3m +1ms[39m
[2J[3J[H[[90m22:21:49[0m] File change detected. Starting incremental compilation...

[[90m22:21:49[0m] Found 0 errors. Watching for file changes.

[32m[Nest] 29900  - [39m22/09/2026, 22:21:51 [32m    LOG[39m [38;5;3m[NestFactory] [39m[32mStarting Nest application...[39m
[32m[Nest] 29900  - [39m22/09/2026, 22:21:51 [32m    LOG[39m [38;5;3m[InstanceLoader] [39m[32mPrismaModule dependencies initialized[39m[38;5;3m +24ms[39m
[32m[Nest] 29900  - [39m22/09/2026, 22:21:51 [32m    LOG[39m [38;5;3m[InstanceLoader] [39m[32mPassportModule dependencies initialized[39m[38;5;3m +1ms[39m
[32m[Nest] 29900  - [39m22/09/2026, 22:21:51 [32m    LOG[39m [38;5;3m[InstanceLoader] [39m[32mConfigHostModule dependencies initialized[39m[38;5;3m +6ms[39m
[32m[Nest] 29900  - [39m22/09/2026, 22:21:51 [32m    LOG[39m [38;5;3m[InstanceLoader] [39m[32mThrottlerModule dependencies initialized[39m[38;5;3m +0ms[39m
[33m[Nest] 29900  - [39m22/09/2026, 22:21:51 [33m   WARN[39m [38;5;3m[EmailService] [39m[33mSMTP not configured — emails will be logged to console. Set SMTP_HOST, SMTP_USER, SMTP_PASS in .env to enable sending.[39m
[32m[Nest] 29900  - [39m22/09/2026, 22:21:51 [32m    LOG[39m [38;5;3m[InstanceLoader] [39m[32mConfigModule dependencies initialized[39m[38;5;3m +0ms[39m
[32m[Nest] 29900  - [39m22/09/2026, 22:21:51 [32m    LOG[39m [38;5;3m[InstanceLoader] [39m[32mConfigModule dependencies initialized[39m[38;5;3m +0ms[39m
[32m[Nest] 29900  - [39m22/09/2026, 22:21:51 [32m    LOG[39m [38;5;3m[InstanceLoader] [39m[32mNotificationModule dependencies initialized[39m[38;5;3m +1ms[39m
[32m[Nest] 29900  - [39m22/09/2026, 22:21:51 [32m    LOG[39m [38;5;3m[InstanceLoader] [39m[32mAiModule dependencies initialized[39m[38;5;3m +0ms[39m
[32m[Nest] 29900  - [39m22/09/2026, 22:21:51 [32m    LOG[39m [38;5;3m[InstanceLoader] [39m[32mEmailModule dependencies initialized[39m[38;5;3m +0ms[39m
[32m[Nest] 29900  - [39m22/09/2026, 22:21:51 [32m    LOG[39m [38;5;3m[InstanceLoader] [39m[32mStorageModule dependencies initialized[39m[38;5;3m +0ms[39m
[32m[Nest] 29900  - [39m22/09/2026, 22:21:51 [32m    LOG[39m [38;5;3m[InstanceLoader] [39m[32mJwtModule dependencies initialized[39m[38;5;3m +1ms[39m
[32m[Nest] 29900  - [39m22/09/2026, 22:21:51 [32m    LOG[39m [38;5;3m[InstanceLoader] [39m[32mVendorModule dependencies initialized[39m[38;5;3m +1ms[39m
[32m[Nest] 29900  - [39m22/09/2026, 22:21:51 [32m    LOG[39m [38;5;3m[InstanceLoader] [39m[32mAppointmentModule dependencies initialized[39m[38;5;3m +0ms[39m
[32m[Nest] 29900  - [39m22/09/2026, 22:21:51 [32m    LOG[39m [38;5;3m[InstanceLoader] [39m[32mEmployeeModule dependencies initialized[39m[38;5;3m +1ms[39m
[32m[Nest] 29900  - [39m22/09/2026, 22:21:51 [32m    LOG[39m [38;5;3m[InstanceLoader] [39m[32mDashboardModule dependencies initialized[39m[38;5;3m +0ms[39m
[32m[Nest] 29900  - [39m22/09/2026, 22:21:51 [32m    LOG[39m [38;5;3m[InstanceLoader] [39m[32mAuditModule dependencies initialized[39m[38;5;3m +0ms[39m
[32m[Nest] 29900  - [39m22/09/2026, 22:21:51 [32m    LOG[39m [38;5;3m[InstanceLoader] [39m[32mAppModule dependencies initialized[39m[38;5;3m +0ms[39m
[32m[Nest] 29900  - [39m22/09/2026, 22:21:51 [32m    LOG[39m [38;5;3m[InstanceLoader] [39m[32mCustomerModule dependencies initialized[39m[38;5;3m +0ms[39m
[32m[Nest] 29900  - [39m22/09/2026, 22:21:51 [32m    LOG[39m [38;5;3m[InstanceLoader] [39m[32mSaleModule dependencies initialized[39m[38;5;3m +0ms[39m
[32m[Nest] 29900  - [39m22/09/2026, 22:21:51 [32m    LOG[39m [38;5;3m[InstanceLoader] [39m[32mPaymentModule dependencies initialized[39m[38;5;3m +0ms[39m
[32m[Nest] 29900  - [39m22/09/2026, 22:21:51 [32m    LOG[39m [38;5;3m[InstanceLoader] [39m[32mInspectionModule dependencies initialized[39m[38;5;3m +0ms[39m
[32m[Nest] 29900  - [39m22/09/2026, 22:21:51 [32m    LOG[39m [38;5;3m[InstanceLoader] [39m[32mCompanyModule dependencies initialized[39m[38;5;3m +0ms[39m
[32m[Nest] 29900  - [39m22/09/2026, 22:21:51 [32m    LOG[39m [38;5;3m[InstanceLoader] [39m[32mReservationModule dependencies initialized[39m[38;5;3m +0ms[39m
[32m[Nest] 29900  - [39m22/09/2026, 22:21:51 [32m    LOG[39m [38;5;3m[InstanceLoader] [39m[32mDocumentModule dependencies initialized[39m[38;5;3m +0ms[39m
[32m[Nest] 29900  - [39m22/09/2026, 22:21:51 [32m    LOG[39m [38;5;3m[InstanceLoader] [39m[32mEstateModule dependencies initialized[39m[38;5;3m +0ms[39m
[32m[Nest] 29900  - [39m22/09/2026, 22:21:51 [32m    LOG[39m [38;5;3m[InstanceLoader] [39m[32mPropertyModule dependencies initialized[39m[38;5;3m +0ms[39m
[32m[Nest] 29900  - [39m22/09/2026, 22:21:51 [32m    LOG[39m [38;5;3m[InstanceLoader] [39m[32mPosterModule dependencies initialized[39m[38;5;3m +0ms[39m
[32m[Nest] 29900  - [39m22/09/2026, 22:21:51 [32m    LOG[39m [38;5;3m[InstanceLoader] [39m[32mAuthModule dependencies initialized[39m[38;5;3m +0ms[39m
[32m[Nest] 29900  - [39m22/09/2026, 22:21:51 [32m    LOG[39m [38;5;3m[RoutesResolver] [39m[32mHealthController {/api/v1/health}:[39m[38;5;3m +452ms[39m
[32m[Nest] 29900  - [39m22/09/2026, 22:21:51 [32m    LOG[39m [38;5;3m[RouterExplorer] [39m[32mMapped {/api/v1/health, GET} route[39m[38;5;3m +2ms[39m
[32m[Nest] 29900  - [39m22/09/2026, 22:21:51 [32m    LOG[39m [38;5;3m[RoutesResolver] [39m[32mAuditController {/api/v1/audit-logs}:[39m[38;5;3m +0ms[39m
[32m[Nest] 29900  - [39m22/09/2026, 22:21:51 [32m    LOG[39m [38;5;3m[RouterExplorer] [39m[32mMapped {/api/v1/audit-logs, GET} route[39m[38;5;3m +0ms[39m
[32m[Nest] 29900  - [39m22/09/2026, 22:21:51 [32m    LOG[39m [38;5;3m[RoutesResolver] [39m[32mAuthController {/api/v1/auth}:[39m[38;5;3m +0ms[39m
[32m[Nest] 29900  - [39m22/09/2026, 22:21:51 [32m    LOG[39m [38;5;3m[RouterExplorer] [39m[32mMapped {/api/v1/auth/login, POST} route[39m[38;5;3m +1ms[39m
[32m[Nest] 29900  - [39m22/09/2026, 22:21:51 [32m    LOG[39m [38;5;3m[RouterExplorer] [39m[32mMapped {/api/v1/auth/refresh, POST} route[39m[38;5;3m +0ms[39m
[32m[Nest] 29900  - [39m22/09/2026, 22:21:51 [32m    LOG[39m [38;5;3m[RouterExplorer] [39m[32mMapped {/api/v1/auth/logout, POST} route[39m[38;5;3m +0ms[39m
[32m[Nest] 29900  - [39m22/09/2026, 22:21:51 [32m    LOG[39m [38;5;3m[RouterExplorer] [39m[32mMapped {/api/v1/auth/change-password, POST} route[39m[38;5;3m +0ms[39m
[32m[Nest] 29900  - [39m22/09/2026, 22:21:51 [32m    LOG[39m [38;5;3m[RouterExplorer] [39m[32mMapped {/api/v1/auth/me, POST} route[39m[38;5;3m +0ms[39m
[32m[Nest] 29900  - [39m22/09/2026, 22:21:51 [32m    LOG[39m [38;5;3m[RouterExplorer] [39m[32mMapped {/api/v1/auth/super/login, POST} route[39m[38;5;3m +1ms[39m
[32m[Nest] 29900  - [39m22/09/2026, 22:21:51 [32m    LOG[39m [38;5;3m[RouterExplorer] [39m[32mMapped {/api/v1/auth/customer/register, POST} route[39m[38;5;3m +0ms[39m
[32m[Nest] 29900  - [39m22/09/2026, 22:21:51 [32m    LOG[39m [38;5;3m[RouterExplorer] [39m[32mMapped {/api/v1/auth/customer/login, POST} route[39m[38;5;3m +0ms[39m
[32m[Nest] 29900  - [39m22/09/2026, 22:21:51 [32m    LOG[39m [38;5;3m[RouterExplorer] [39m[32mMapped {/api/v1/auth/customer/me, GET} route[39m[38;5;3m +0ms[39m
[32m[Nest] 29900  - [39m22/09/2026, 22:21:51 [32m    LOG[39m [38;5;3m[RouterExplorer] [39m[32mMapped {/api/v1/auth/customer/profile, PATCH} route[39m[38;5;3m +0ms[39m
[32m[Nest] 29900  - [39m22/09/2026, 22:21:51 [32m    LOG[39m [38;5;3m[RoutesResolver] [39m[32mCompanyController {/api/v1/companies}:[39m[38;5;3m +0ms[39m
[32m[Nest] 29900  - [39m22/09/2026, 22:21:51 [32m    LOG[39m [38;5;3m[RouterExplorer] [39m[32mMapped {/api/v1/companies, POST} route[39m[38;5;3m +0ms[39m
[32m[Nest] 29900  - [39m22/09/2026, 22:21:51 [32m    LOG[39m [38;5;3m[RouterExplorer] [39m[32mMapped {/api/v1/companies, GET} route[39m[38;5;3m +1ms[39m
[32m[Nest] 29900  - [39m22/09/2026, 22:21:51 [32m    LOG[39m [38;5;3m[RouterExplorer] [39m[32mMapped {/api/v1/companies/departments, GET} route[39m[38;5;3m +0ms[39m
[32m[Nest] 29900  - [39m22/09/2026, 22:21:51 [32m    LOG[39m [38;5;3m[RouterExplorer] [39m[32mMapped {/api/v1/companies/:id, GET} route[39m[38;5;3m +0ms[39m
[32m[Nest] 29900  - [39m22/09/2026, 22:21:51 [32m    LOG[39m [38;5;3m[RouterExplorer] [39m[32mMapped {/api/v1/companies/:id, PATCH} route[39m[38;5;3m +0ms[39m
[32m[Nest] 29900  - [39m22/09/2026, 22:21:51 [32m    LOG[39m [38;5;3m[RouterExplorer] [39m[32mMapped {/api/v1/companies/:id/branches, POST} route[39m[38;5;3m +0ms[39m
[32m[Nest] 29900  - [39m22/09/2026, 22:21:51 [32m    LOG[39m [38;5;3m[RouterExplorer] [39m[32mMapped {/api/v1/companies/branches/:branchId, PATCH} route[39m[38;5;3m +0ms[39m
[32m[Nest] 29900  - [39m22/09/2026, 22:21:51 [32m    LOG[39m [38;5;3m[RouterExplorer] [39m[32mMapped {/api/v1/companies/branches/:branchId, DELETE} route[39m[38;5;3m +0ms[39m
[32m[Nest] 29900  - [39m22/09/2026, 22:21:51 [32m    LOG[39m [38;5;3m[RouterExplorer] [39m[32mMapped {/api/v1/companies/departments, POST} route[39m[38;5;3m +0ms[39m
[32m[Nest] 29900  - [39m22/09/2026, 22:21:51 [32m    LOG[39m [38;5;3m[RouterExplorer] [39m[32mMapped {/api/v1/companies/departments/:id, PATCH} route[39m[38;5;3m +1ms[39m
[32m[Nest] 29900  - [39m22/09/2026, 22:21:51 [32m    LOG[39m [38;5;3m[RouterExplorer] [39m[32mMapped {/api/v1/companies/departments/:id, DELETE} route[39m[38;5;3m +0ms[39m
[32m[Nest] 29900  - [39m22/09/2026, 22:21:51 [32m    LOG[39m [38;5;3m[RoutesResolver] [39m[32mEstateController {/api/v1/estates}:[39m[38;5;3m +0ms[39m
[32m[Nest] 29900  - [39m22/09/2026, 22:21:51 [32m    LOG[39m [38;5;3m[RouterExplorer] [39m[32mMapped {/api/v1/estates/public, GET} route[39m[38;5;3m +0ms[39m
[32m[Nest] 29900  - [39m22/09/2026, 22:21:51 [32m    LOG[39m [38;5;3m[RouterExplorer] [39m[32mMapped {/api/v1/estates, GET} route[39m[38;5;3m +0ms[39m
[32m[Nest] 29900  - [39m22/09/2026, 22:21:51 [32m    LOG[39m [38;5;3m[RouterExplorer] [39m[32mMapped {/api/v1/estates/:id, GET} route[39m[38;5;3m +0ms[39m
[32m[Nest] 29900  - [39m22/09/2026, 22:21:51 [32m    LOG[39m [38;5;3m[RouterExplorer] [39m[32mMapped {/api/v1/estates, POST} route[39m[38;5;3m +0ms[39m
[32m[Nest] 29900  - [39m22/09/2026, 22:21:51 [32m    LOG[39m [38;5;3m[RouterExplorer] [39m[32mMapped {/api/v1/estates/:id, PATCH} route[39m[38;5;3m +0ms[39m
[32m[Nest] 29900  - [39m22/09/2026, 22:21:51 [32m    LOG[39m [38;5;3m[RouterExplorer] [39m[32mMapped {/api/v1/estates/:id/phases, POST} route[39m[38;5;3m +0ms[39m
[32m[Nest] 29900  - [39m22/09/2026, 22:21:51 [32m    LOG[39m [38;5;3m[RouterExplorer] [39m[32mMapped {/api/v1/estates/:id/blocks, POST} route[39m[38;5;3m +0ms[39m
[32m[Nest] 29900  - [39m22/09/2026, 22:21:51 [32m    LOG[39m [38;5;3m[RouterExplorer] [39m[32mMapped {/api/v1/estates/:id/infrastructure, POST} route[39m[38;5;3m +0ms[39m
[32m[Nest] 29900  - [39m22/09/2026, 22:21:51 [32m    LOG[39m [38;5;3m[RouterExplorer] [39m[32mMapped {/api/v1/estates/:id/site-plan, POST} route[39m[38;5;3m +0ms[39m
[32m[Nest] 29900  - [39m22/09/2026, 22:21:51 [32m    LOG[39m [38;5;3m[RouterExplorer] [39m[32mMapped {/api/v1/estates/:id/building-types, PATCH} route[39m[38;5;3m +0ms[39m
[32m[Nest] 29900  - [39m22/09/2026, 22:21:51 [32m    LOG[39m [38;5;3m[RouterExplorer] [39m[32mMapped {/api/v1/estates/:id/building-type-image/:typeId, POST} route[39m[38;5;3m +1ms[39m
[32m[Nest] 29900  - [39m22/09/2026, 22:21:51 [32m    LOG[39m [38;5;3m[RouterExplorer] [39m[32mMapped {/api/v1/estates/:id/building-type-image/:typeId/:filename, DELETE} route[39m[38;5;3m +0ms[39m
[32m[Nest] 29900  - [39m22/09/2026, 22:21:51 [32m    LOG[39m [38;5;3m[RouterExplorer] [39m[32mMapped {/api/v1/estates/:id/permanent, DELETE} route[39m[38;5;3m +0ms[39m
[32m[Nest] 29900  - [39m22/09/2026, 22:21:51 [32m    LOG[39m [38;5;3m[RoutesResolver] [39m[32mPropertyController {/api/v1/properties}:[39m[38;5;3m +0ms[39m
[32m[Nest] 29900  - [39m22/09/2026, 22:21:51 [32m    LOG[39m [38;5;3m[RouterExplorer] [39m[32mMapped {/api/v1/properties/public, GET} route[39m[38;5;3m +0ms[39m
[32m[Nest] 29900  - [39m22/09/2026, 22:21:51 [32m    LOG[39m [38;5;3m[RouterExplorer] [39m[32mMapped {/api/v1/properties/public/:id, GET} route[39m[38;5;3m +0ms[39m
[32m[Nest] 29900  - [39m22/09/2026, 22:21:51 [32m    LOG[39m [38;5;3m[RouterExplorer] [39m[32mMapped {/api/v1/properties/public/inquiry, POST} route[39m[38;5;3m +2ms[39m
[32m[Nest] 29900  - [39m22/09/2026, 22:21:51 [32m    LOG[39m [38;5;3m[RouterExplorer] [39m[32mMapped {/api/v1/properties, GET} route[39m[38;5;3m +0ms[39m
[32m[Nest] 29900  - [39m22/09/2026, 22:21:51 [32m    LOG[39m [38;5;3m[RouterExplorer] [39m[32mMapped {/api/v1/properties/admin/inquiries, GET} route[39m[38;5;3m +0ms[39m
[32m[Nest] 29900  - [39m22/09/2026, 22:21:51 [32m    LOG[39m [38;5;3m[RouterExplorer] [39m[32mMapped {/api/v1/properties/admin/inquiries/:id/status, PATCH} route[39m[38;5;3m +0ms[39m
[32m[Nest] 29900  - [39m22/09/2026, 22:21:51 [32m    LOG[39m [38;5;3m[RouterExplorer] [39m[32mMapped {/api/v1/properties/admin/inquiries/:id/notes, PATCH} route[39m[38;5;3m +0ms[39m
[32m[Nest] 29900  - [39m22/09/2026, 22:21:51 [32m    LOG[39m [38;5;3m[RouterExplorer] [39m[32mMapped {/api/v1/properties/admin/inquiries/:id/convert, POST} route[39m[38;5;3m +0ms[39m
[32m[Nest] 29900  - [39m22/09/2026, 22:21:51 [32m    LOG[39m [38;5;3m[RouterExplorer] [39m[32mMapped {/api/v1/properties/:id, GET} route[39m[38;5;3m +0ms[39m
[32m[Nest] 29900  - [39m22/09/2026, 22:21:51 [32m    LOG[39m [38;5;3m[RouterExplorer] [39m[32mMapped {/api/v1/properties, POST} route[39m[38;5;3m +1ms[39m
[32m[Nest] 29900  - [39m22/09/2026, 22:21:51 [32m    LOG[39m [38;5;3m[RouterExplorer] [39m[32mMapped {/api/v1/properties/:id, PATCH} route[39m[38;5;3m +0ms[39m
[32m[Nest] 29900  - [39m22/09/2026, 22:21:51 [32m    LOG[39m [38;5;3m[RouterExplorer] [39m[32mMapped {/api/v1/properties/:id/status, POST} route[39m[38;5;3m +0ms[39m
[32m[Nest] 29900  - [39m22/09/2026, 22:21:51 [32m    LOG[39m [38;5;3m[RouterExplorer] [39m[32mMapped {/api/v1/properties/:id, DELETE} route[39m[38;5;3m +0ms[39m
[32m[Nest] 29900  - [39m22/09/2026, 22:21:51 [32m    LOG[39m [38;5;3m[RouterExplorer] [39m[32mMapped {/api/v1/properties/:id/permanent, DELETE} route[39m[38;5;3m +0ms[39m
[32m[Nest] 29900  - [39m22/09/2026, 22:21:51 [32m    LOG[39m [38;5;3m[RouterExplorer] [39m[32mMapped {/api/v1/properties/:id/media, POST} route[39m[38;5;3m +0ms[39m
[32m[Nest] 29900  - [39m22/09/2026, 22:21:51 [32m    LOG[39m [38;5;3m[RouterExplorer] [39m[32mMapped {/api/v1/properties/:id/media/:mediaId, DELETE} route[39m[38;5;3m +0ms[39m
[32m[Nest] 29900  - [39m22/09/2026, 22:21:51 [32m    LOG[39m [38;5;3m[RouterExplorer] [39m[32mMapped {/api/v1/properties/:id/media/:mediaId/cover, PATCH} route[39m[38;5;3m +0ms[39m
[32m[Nest] 29900  - [39m22/09/2026, 22:21:51 [32m    LOG[39m [38;5;3m[RouterExplorer] [39m[32mMapped {/api/v1/properties/:id/favorite, POST} route[39m[38;5;3m +0ms[39m
[32m[Nest] 29900  - [39m22/09/2026, 22:21:51 [32m    LOG[39m [38;5;3m[RouterExplorer] [39m[32mMapped {/api/v1/properties/:id/favorite-status, GET} route[39m[38;5;3m +0ms[39m
[32m[Nest] 29900  - [39m22/09/2026, 22:21:51 [32m    LOG[39m [38;5;3m[RoutesResolver] [39m[32mCustomerController {/api/v1/customers}:[39m[38;5;3m +0ms[39m
[32m[Nest] 29900  - [39m22/09/2026, 22:21:51 [32m    LOG[39m [38;5;3m[RouterExplorer] [39m[32mMapped {/api/v1/customers, GET} route[39m[38;5;3m +0ms[39m
[32m[Nest] 29900  - [39m22/09/2026, 22:21:51 [32m    LOG[39m [38;5;3m[RouterExplorer] [39m[32mMapped {/api/v1/customers/:id, GET} route[39m[38;5;3m +0ms[39m
[32m[Nest] 29900  - [39m22/09/2026, 22:21:51 [32m    LOG[39m [38;5;3m[RouterExplorer] [39m[32mMapped {/api/v1/customers, POST} route[39m[38;5;3m +0ms[39m
[32m[Nest] 29900  - [39m22/09/2026, 22:21:51 [32m    LOG[39m [38;5;3m[RouterExplorer] [39m[32mMapped {/api/v1/customers/:id, PATCH} route[39m[38;5;3m +0ms[39m
[32m[Nest] 29900  - [39m22/09/2026, 22:21:51 [32m    LOG[39m [38;5;3m[RouterExplorer] [39m[32mMapped {/api/v1/customers/:id/deactivate, POST} route[39m[38;5;3m +1ms[39m
[32m[Nest] 29900  - [39m22/09/2026, 22:21:51 [32m    LOG[39m [38;5;3m[RouterExplorer] [39m[32mMapped {/api/v1/customers/:id/activate, POST} route[39m[38;5;3m +0ms[39m
[32m[Nest] 29900  - [39m22/09/2026, 22:21:51 [32m    LOG[39m [38;5;3m[RouterExplorer] [39m[32mMapped {/api/v1/customers/:id, DELETE} route[39m[38;5;3m +0ms[39m
[32m[Nest] 29900  - [39m22/09/2026, 22:21:51 [32m    LOG[39m [38;5;3m[RoutesResolver] [39m[32mReservationController {/api/v1/reservations}:[39m[38;5;3m +0ms[39m
[32m[Nest] 29900  - [39m22/09/2026, 22:21:51 [32m    LOG[39m [38;5;3m[RouterExplorer] [39m[32mMapped {/api/v1/reservations/public, POST} route[39m[38;5;3m +0ms[39m
[32m[Nest] 29900  - [39m22/09/2026, 22:21:51 [32m    LOG[39m [38;5;3m[RouterExplorer] [39m[32mMapped {/api/v1/reservations, GET} route[39m[38;5;3m +0ms[39m
[32m[Nest] 29900  - [39m22/09/2026, 22:21:51 [32m    LOG[39m [38;5;3m[RouterExplorer] [39m[32mMapped {/api/v1/reservations/mine, GET} route[39m[38;5;3m +0ms[39m
[32m[Nest] 29900  - [39m22/09/2026, 22:21:51 [32m    LOG[39m [38;5;3m[RouterExplorer] [39m[32mMapped {/api/v1/reservations/:id, GET} route[39m[38;5;3m +0ms[39m
[32m[Nest] 29900  - [39m22/09/2026, 22:21:51 [32m    LOG[39m [38;5;3m[RouterExplorer] [39m[32mMapped {/api/v1/reservations/:id/timeline, GET} route[39m[38;5;3m +0ms[39m
[32m[Nest] 29900  - [39m22/09/2026, 22:21:51 [32m    LOG[39m [38;5;3m[RouterExplorer] [39m[32mMapped {/api/v1/reservations/:id/status, PATCH} route[39m[38;5;3m +0ms[39m
[32m[Nest] 29900  - [39m22/09/2026, 22:21:51 [32m    LOG[39m [38;5;3m[RoutesResolver] [39m[32mSaleController {/api/v1/sales}:[39m[38;5;3m +0ms[39m
[32m[Nest] 29900  - [39m22/09/2026, 22:21:51 [32m    LOG[39m [38;5;3m[RouterExplorer] [39m[32mMapped {/api/v1/sales, GET} route[39m[38;5;3m +0ms[39m
[32m[Nest] 29900  - [39m22/09/2026, 22:21:51 [32m    LOG[39m [38;5;3m[RouterExplorer] [39m[32mMapped {/api/v1/sales/:id, GET} route[39m[38;5;3m +0ms[39m
[32m[Nest] 29900  - [39m22/09/2026, 22:21:51 [32m    LOG[39m [38;5;3m[RouterExplorer] [39m[32mMapped {/api/v1/sales, POST} route[39m[38;5;3m +0ms[39m
[32m[Nest] 29900  - [39m22/09/2026, 22:21:51 [32m    LOG[39m [38;5;3m[RouterExplorer] [39m[32mMapped {/api/v1/sales/:id/status, PATCH} route[39m[38;5;3m +0ms[39m
[32m[Nest] 29900  - [39m22/09/2026, 22:21:51 [32m    LOG[39m [38;5;3m[RoutesResolver] [39m[32mPaymentController {/api/v1/payments}:[39m[38;5;3m +0ms[39m
[32m[Nest] 29900  - [39m22/09/2026, 22:21:51 [32m    LOG[39m [38;5;3m[RouterExplorer] [39m[32mMapped {/api/v1/payments, POST} route[39m[38;5;3m +1ms[39m
[32m[Nest] 29900  - [39m22/09/2026, 22:21:51 [32m    LOG[39m [38;5;3m[RouterExplorer] [39m[32mMapped {/api/v1/payments, GET} route[39m[38;5;3m +0ms[39m
[32m[Nest] 29900  - [39m22/09/2026, 22:21:51 [32m    LOG[39m [38;5;3m[RouterExplorer] [39m[32mMapped {/api/v1/payments/:id, GET} route[39m[38;5;3m +0ms[39m
[32m[Nest] 29900  - [39m22/09/2026, 22:21:51 [32m    LOG[39m [38;5;3m[RouterExplorer] [39m[32mMapped {/api/v1/payments/:id/verify, PATCH} route[39m[38;5;3m +0ms[39m
[32m[Nest] 29900  - [39m22/09/2026, 22:21:51 [32m    LOG[39m [38;5;3m[RouterExplorer] [39m[32mMapped {/api/v1/payments/:id/reject, PATCH} route[39m[38;5;3m +0ms[39m
[32m[Nest] 29900  - [39m22/09/2026, 22:21:51 [32m    LOG[39m [38;5;3m[RoutesResolver] [39m[32mInspectionController {/api/v1/inspections}:[39m[38;5;3m +0ms[39m
[32m[Nest] 29900  - [39m22/09/2026, 22:21:51 [32m    LOG[39m [38;5;3m[RouterExplorer] [39m[32mMapped {/api/v1/inspections, POST} route[39m[38;5;3m +0ms[39m
[32m[Nest] 29900  - [39m22/09/2026, 22:21:51 [32m    LOG[39m [38;5;3m[RouterExplorer] [39m[32mMapped {/api/v1/inspections, GET} route[39m[38;5;3m +0ms[39m
[32m[Nest] 29900  - [39m22/09/2026, 22:21:51 [32m    LOG[39m [38;5;3m[RouterExplorer] [39m[32mMapped {/api/v1/inspections/:id, GET} route[39m[38;5;3m +0ms[39m
[32m[Nest] 29900  - [39m22/09/2026, 22:21:51 [32m    LOG[39m [38;5;3m[RouterExplorer] [39m[32mMapped {/api/v1/inspections/:id/start, PATCH} route[39m[38;5;3m +0ms[39m
[32m[Nest] 29900  - [39m22/09/2026, 22:21:51 [32m    LOG[39m [38;5;3m[RouterExplorer] [39m[32mMapped {/api/v1/inspections/:id/complete, PATCH} route[39m[38;5;3m +0ms[39m
[32m[Nest] 29900  - [39m22/09/2026, 22:21:51 [32m    LOG[39m [38;5;3m[RouterExplorer] [39m[32mMapped {/api/v1/inspections/:id/cancel, PATCH} route[39m[38;5;3m +0ms[39m
[32m[Nest] 29900  - [39m22/09/2026, 22:21:51 [32m    LOG[39m [38;5;3m[RouterExplorer] [39m[32mMapped {/api/v1/inspections/:id/fail, PATCH} route[39m[38;5;3m +0ms[39m
[32m[Nest] 29900  - [39m22/09/2026, 22:21:51 [32m    LOG[39m [38;5;3m[RoutesResolver] [39m[32mDocumentController {/api/v1/documents}:[39m[38;5;3m +0ms[39m
[32m[Nest] 29900  - [39m22/09/2026, 22:21:51 [32m    LOG[39m [38;5;3m[RouterExplorer] [39m[32mMapped {/api/v1/documents/upload, POST} route[39m[38;5;3m +0ms[39m
[32m[Nest] 29900  - [39m22/09/2026, 22:21:51 [32m    LOG[39m [38;5;3m[RouterExplorer] [39m[32mMapped {/api/v1/documents, GET} route[39m[38;5;3m +0ms[39m
[32m[Nest] 29900  - [39m22/09/2026, 22:21:51 [32m    LOG[39m [38;5;3m[RouterExplorer] [39m[32mMapped {/api/v1/documents/:id, GET} route[39m[38;5;3m +1ms[39m
[32m[Nest] 29900  - [39m22/09/2026, 22:21:51 [32m    LOG[39m [38;5;3m[RouterExplorer] [39m[32mMapped {/api/v1/documents/:id/download, GET} route[39m[38;5;3m +0ms[39m
[32m[Nest] 29900  - [39m22/09/2026, 22:21:51 [32m    LOG[39m [38;5;3m[RouterExplorer] [39m[32mMapped {/api/v1/documents/:id/status, PATCH} route[39m[38;5;3m +0ms[39m
[32m[Nest] 29900  - [39m22/09/2026, 22:21:51 [32m    LOG[39m [38;5;3m[RouterExplorer] [39m[32mMapped {/api/v1/documents/:id, DELETE} route[39m[38;5;3m +0ms[39m
[32m[Nest] 29900  - [39m22/09/2026, 22:21:51 [32m    LOG[39m [38;5;3m[RoutesResolver] [39m[32mEmployeeController {/api/v1/employees}:[39m[38;5;3m +0ms[39m
[32m[Nest] 29900  - [39m22/09/2026, 22:21:51 [32m    LOG[39m [38;5;3m[RouterExplorer] [39m[32mMapped {/api/v1/employees, GET} route[39m[38;5;3m +0ms[39m
[32m[Nest] 29900  - [39m22/09/2026, 22:21:51 [32m    LOG[39m [38;5;3m[RouterExplorer] [39m[32mMapped {/api/v1/employees/departments, GET} route[39m[38;5;3m +0ms[39m
[32m[Nest] 29900  - [39m22/09/2026, 22:21:51 [32m    LOG[39m [38;5;3m[RouterExplorer] [39m[32mMapped {/api/v1/employees/roles, GET} route[39m[38;5;3m +0ms[39m
[32m[Nest] 29900  - [39m22/09/2026, 22:21:51 [32m    LOG[39m [38;5;3m[RouterExplorer] [39m[32mMapped {/api/v1/employees/:id, GET} route[39m[38;5;3m +0ms[39m
[32m[Nest] 29900  - [39m22/09/2026, 22:21:51 [32m    LOG[39m [38;5;3m[RouterExplorer] [39m[32mMapped {/api/v1/employees, POST} route[39m[38;5;3m +0ms[39m
[32m[Nest] 29900  - [39m22/09/2026, 22:21:51 [32m    LOG[39m [38;5;3m[RouterExplorer] [39m[32mMapped {/api/v1/employees/:id, PATCH} route[39m[38;5;3m +0ms[39m
[32m[Nest] 29900  - [39m22/09/2026, 22:21:51 [32m    LOG[39m [38;5;3m[RouterExplorer] [39m[32mMapped {/api/v1/employees/:id, DELETE} route[39m[38;5;3m +0ms[39m
[32m[Nest] 29900  - [39m22/09/2026, 22:21:51 [32m    LOG[39m [38;5;3m[RouterExplorer] [39m[32mMapped {/api/v1/employees/:id/roles, POST} route[39m[38;5;3m +0ms[39m
[32m[Nest] 29900  - [39m22/09/2026, 22:21:51 [32m    LOG[39m [38;5;3m[RouterExplorer] [39m[32mMapped {/api/v1/employees/:id/roles/remove, POST} route[39m[38;5;3m +0ms[39m
[32m[Nest] 29900  - [39m22/09/2026, 22:21:51 [32m    LOG[39m [38;5;3m[RoutesResolver] [39m[32mVendorController {/api/v1/vendors}:[39m[38;5;3m +0ms[39m
[32m[Nest] 29900  - [39m22/09/2026, 22:21:51 [32m    LOG[39m [38;5;3m[RoutesResolver] [39m[32mAppointmentController {/api/v1/appointments}:[39m[38;5;3m +0ms[39m
[32m[Nest] 29900  - [39m22/09/2026, 22:21:51 [32m    LOG[39m [38;5;3m[RoutesResolver] [39m[32mNotificationController {/api/v1/notifications}:[39m[38;5;3m +0ms[39m
[32m[Nest] 29900  - [39m22/09/2026, 22:21:51 [32m    LOG[39m [38;5;3m[RoutesResolver] [39m[32mAiController {/api/v1/ai}:[39m[38;5;3m +0ms[39m
[32m[Nest] 29900  - [39m22/09/2026, 22:21:51 [32m    LOG[39m [38;5;3m[RoutesResolver] [39m[32mDashboardController {/api/v1/dashboard}:[39m[38;5;3m +0ms[39m
[32m[Nest] 29900  - [39m22/09/2026, 22:21:51 [32m    LOG[39m [38;5;3m[RouterExplorer] [39m[32mMapped {/api/v1/dashboard/stats, GET} route[39m[38;5;3m +0ms[39m
[32m[Nest] 29900  - [39m22/09/2026, 22:21:51 [32m    LOG[39m [38;5;3m[RoutesResolver] [39m[32mPosterController {/api/v1/posters}:[39m[38;5;3m +0ms[39m
[32m[Nest] 29900  - [39m22/09/2026, 22:21:51 [32m    LOG[39m [38;5;3m[RouterExplorer] [39m[32mMapped {/api/v1/posters/public, GET} route[39m[38;5;3m +0ms[39m
[32m[Nest] 29900  - [39m22/09/2026, 22:21:51 [32m    LOG[39m [38;5;3m[RouterExplorer] [39m[32mMapped {/api/v1/posters, GET} route[39m[38;5;3m +0ms[39m
[32m[Nest] 29900  - [39m22/09/2026, 22:21:51 [32m    LOG[39m [38;5;3m[RouterExplorer] [39m[32mMapped {/api/v1/posters, POST} route[39m[38;5;3m +1ms[39m
[32m[Nest] 29900  - [39m22/09/2026, 22:21:51 [32m    LOG[39m [38;5;3m[RouterExplorer] [39m[32mMapped {/api/v1/posters/:id, PATCH} route[39m[38;5;3m +0ms[39m
[32m[Nest] 29900  - [39m22/09/2026, 22:21:51 [32m    LOG[39m [38;5;3m[RouterExplorer] [39m[32mMapped {/api/v1/posters/:id/toggle, PATCH} route[39m[38;5;3m +0ms[39m
[32m[Nest] 29900  - [39m22/09/2026, 22:21:51 [32m    LOG[39m [38;5;3m[RouterExplorer] [39m[32mMapped {/api/v1/posters/:id, DELETE} route[39m[38;5;3m +0ms[39m
[2J[3J[H[[90m22:21:53[0m] File change detected. Starting incremental compilation...

[[90m22:21:53[0m] Found 0 errors. Watching for file changes.

[2J[3J[H[[90m22:21:54[0m] File change detected. Starting incremental compilation...

[[90m22:21:54[0m] Found 0 errors. Watching for file changes.

[2J[3J[H[[90m22:21:55[0m] File change detected. Starting incremental compilation...

[[90m22:21:55[0m] Found 0 errors. Watching for file changes.

[32m[Nest] 38984  - [39m22/09/2026, 22:21:57 [32m    LOG[39m [38;5;3m[NestFactory] [39m[32mStarting Nest application...[39m
[32m[Nest] 38984  - [39m22/09/2026, 22:21:57 [32m    LOG[39m [38;5;3m[InstanceLoader] [39m[32mPrismaModule dependencies initialized[39m[38;5;3m +27ms[39m
[32m[Nest] 38984  - [39m22/09/2026, 22:21:57 [32m    LOG[39m [38;5;3m[InstanceLoader] [39m[32mPassportModule dependencies initialized[39m[38;5;3m +0ms[39m
[32m[Nest] 38984  - [39m22/09/2026, 22:21:57 [32m    LOG[39m [38;5;3m[InstanceLoader] [39m[32mConfigHostModule dependencies initialized[39m[38;5;3m +6ms[39m
[32m[Nest] 38984  - [39m22/09/2026, 22:21:57 [32m    LOG[39m [38;5;3m[InstanceLoader] [39m[32mThrottlerModule dependencies initialized[39m[38;5;3m +0ms[39m
[33m[Nest] 38984  - [39m22/09/2026, 22:21:57 [33m   WARN[39m [38;5;3m[EmailService] [39m[33mSMTP not configured — emails will be logged to console. Set SMTP_HOST, SMTP_USER, SMTP_PASS in .env to enable sending.[39m
[32m[Nest] 38984  - [39m22/09/2026, 22:21:57 [32m    LOG[39m [38;5;3m[InstanceLoader] [39m[32mConfigModule dependencies initialized[39m[38;5;3m +0ms[39m
[32m[Nest] 38984  - [39m22/09/2026, 22:21:57 [32m    LOG[39m [38;5;3m[InstanceLoader] [39m[32mConfigModule dependencies initialized[39m[38;5;3m +0ms[39m
[32m[Nest] 38984  - [39m22/09/2026, 22:21:57 [32m    LOG[39m [38;5;3m[InstanceLoader] [39m[32mNotificationModule dependencies initialized[39m[38;5;3m +1ms[39m
[32m[Nest] 38984  - [39m22/09/2026, 22:21:57 [32m    LOG[39m [38;5;3m[InstanceLoader] [39m[32mAiModule dependencies initialized[39m[38;5;3m +1ms[39m
[32m[Nest] 38984  - [39m22/09/2026, 22:21:57 [32m    LOG[39m [38;5;3m[InstanceLoader] [39m[32mEmailModule dependencies initialized[39m[38;5;3m +0ms[39m
[32m[Nest] 38984  - [39m22/09/2026, 22:21:57 [32m    LOG[39m [38;5;3m[InstanceLoader] [39m[32mStorageModule dependencies initialized[39m[38;5;3m +0ms[39m
[32m[Nest] 38984  - [39m22/09/2026, 22:21:57 [32m    LOG[39m [38;5;3m[InstanceLoader] [39m[32mJwtModule dependencies initialized[39m[38;5;3m +1ms[39m
[32m[Nest] 38984  - [39m22/09/2026, 22:21:57 [32m    LOG[39m [38;5;3m[InstanceLoader] [39m[32mVendorModule dependencies initialized[39m[38;5;3m +0ms[39m
[32m[Nest] 38984  - [39m22/09/2026, 22:21:57 [32m    LOG[39m [38;5;3m[InstanceLoader] [39m[32mAppointmentModule dependencies initialized[39m[38;5;3m +0ms[39m
[32m[Nest] 38984  - [39m22/09/2026, 22:21:57 [32m    LOG[39m [38;5;3m[InstanceLoader] [39m[32mEmployeeModule dependencies initialized[39m[38;5;3m +1ms[39m
[32m[Nest] 38984  - [39m22/09/2026, 22:21:57 [32m    LOG[39m [38;5;3m[InstanceLoader] [39m[32mDashboardModule dependencies initialized[39m[38;5;3m +0ms[39m
[32m[Nest] 38984  - [39m22/09/2026, 22:21:57 [32m    LOG[39m [38;5;3m[InstanceLoader] [39m[32mAuditModule dependencies initialized[39m[38;5;3m +0ms[39m
[32m[Nest] 38984  - [39m22/09/2026, 22:21:57 [32m    LOG[39m [38;5;3m[InstanceLoader] [39m[32mAppModule dependencies initialized[39m[38;5;3m +1ms[39m
[32m[Nest] 38984  - [39m22/09/2026, 22:21:57 [32m    LOG[39m [38;5;3m[InstanceLoader] [39m[32mCustomerModule dependencies initialized[39m[38;5;3m +0ms[39m
[32m[Nest] 38984  - [39m22/09/2026, 22:21:57 [32m    LOG[39m [38;5;3m[InstanceLoader] [39m[32mSaleModule dependencies initialized[39m[38;5;3m +0ms[39m
[32m[Nest] 38984  - [39m22/09/2026, 22:21:57 [32m    LOG[39m [38;5;3m[InstanceLoader] [39m[32mPaymentModule dependencies initialized[39m[38;5;3m +0ms[39m
[32m[Nest] 38984  - [39m22/09/2026, 22:21:57 [32m    LOG[39m [38;5;3m[InstanceLoader] [39m[32mInspectionModule dependencies initialized[39m[38;5;3m +0ms[39m
[32m[Nest] 38984  - [39m22/09/2026, 22:21:57 [32m    LOG[39m [38;5;3m[InstanceLoader] [39m[32mCompanyModule dependencies initialized[39m[38;5;3m +0ms[39m
[32m[Nest] 38984  - [39m22/09/2026, 22:21:57 [32m    LOG[39m [38;5;3m[InstanceLoader] [39m[32mReservationModule dependencies initialized[39m[38;5;3m +0ms[39m
[32m[Nest] 38984  - [39m22/09/2026, 22:21:57 [32m    LOG[39m [38;5;3m[InstanceLoader] [39m[32mDocumentModule dependencies initialized[39m[38;5;3m +0ms[39m
[32m[Nest] 38984  - [39m22/09/2026, 22:21:57 [32m    LOG[39m [38;5;3m[InstanceLoader] [39m[32mEstateModule dependencies initialized[39m[38;5;3m +0ms[39m
[32m[Nest] 38984  - [39m22/09/2026, 22:21:57 [32m    LOG[39m [38;5;3m[InstanceLoader] [39m[32mPropertyModule dependencies initialized[39m[38;5;3m +0ms[39m
[32m[Nest] 38984  - [39m22/09/2026, 22:21:57 [32m    LOG[39m [38;5;3m[InstanceLoader] [39m[32mPosterModule dependencies initialized[39m[38;5;3m +0ms[39m
[32m[Nest] 38984  - [39m22/09/2026, 22:21:57 [32m    LOG[39m [38;5;3m[InstanceLoader] [39m[32mAuthModule dependencies initialized[39m[38;5;3m +0ms[39m
[32m[Nest] 38984  - [39m22/09/2026, 22:21:57 [32m    LOG[39m [38;5;3m[RoutesResolver] [39m[32mHealthController {/api/v1/health}:[39m[38;5;3m +437ms[39m
[32m[Nest] 38984  - [39m22/09/2026, 22:21:57 [32m    LOG[39m [38;5;3m[RouterExplorer] [39m[32mMapped {/api/v1/health, GET} route[39m[38;5;3m +3ms[39m
[32m[Nest] 38984  - [39m22/09/2026, 22:21:57 [32m    LOG[39m [38;5;3m[RoutesResolver] [39m[32mAuditController {/api/v1/audit-logs}:[39m[38;5;3m +0ms[39m
[32m[Nest] 38984  - [39m22/09/2026, 22:21:57 [32m    LOG[39m [38;5;3m[RouterExplorer] [39m[32mMapped {/api/v1/audit-logs, GET} route[39m[38;5;3m +0ms[39m
[32m[Nest] 38984  - [39m22/09/2026, 22:21:57 [32m    LOG[39m [38;5;3m[RoutesResolver] [39m[32mAuthController {/api/v1/auth}:[39m[38;5;3m +0ms[39m
[32m[Nest] 38984  - [39m22/09/2026, 22:21:57 [32m    LOG[39m [38;5;3m[RouterExplorer] [39m[32mMapped {/api/v1/auth/login, POST} route[39m[38;5;3m +2ms[39m
[32m[Nest] 38984  - [39m22/09/2026, 22:21:57 [32m    LOG[39m [38;5;3m[RouterExplorer] [39m[32mMapped {/api/v1/auth/refresh, POST} route[39m[38;5;3m +0ms[39m
[32m[Nest] 38984  - [39m22/09/2026, 22:21:57 [32m    LOG[39m [38;5;3m[RouterExplorer] [39m[32mMapped {/api/v1/auth/logout, POST} route[39m[38;5;3m +0ms[39m
[32m[Nest] 38984  - [39m22/09/2026, 22:21:57 [32m    LOG[39m [38;5;3m[RouterExplorer] [39m[32mMapped {/api/v1/auth/change-password, POST} route[39m[38;5;3m +1ms[39m
[32m[Nest] 38984  - [39m22/09/2026, 22:21:57 [32m    LOG[39m [38;5;3m[RouterExplorer] [39m[32mMapped {/api/v1/auth/me, POST} route[39m[38;5;3m +0ms[39m
[32m[Nest] 38984  - [39m22/09/2026, 22:21:57 [32m    LOG[39m [38;5;3m[RouterExplorer] [39m[32mMapped {/api/v1/auth/super/login, POST} route[39m[38;5;3m +0ms[39m
[32m[Nest] 38984  - [39m22/09/2026, 22:21:57 [32m    LOG[39m [38;5;3m[RouterExplorer] [39m[32mMapped {/api/v1/auth/customer/register, POST} route[39m[38;5;3m +0ms[39m
[32m[Nest] 38984  - [39m22/09/2026, 22:21:57 [32m    LOG[39m [38;5;3m[RouterExplorer] [39m[32mMapped {/api/v1/auth/customer/login, POST} route[39m[38;5;3m +0ms[39m
[32m[Nest] 38984  - [39m22/09/2026, 22:21:57 [32m    LOG[39m [38;5;3m[RouterExplorer] [39m[32mMapped {/api/v1/auth/customer/me, GET} route[39m[38;5;3m +0ms[39m
[32m[Nest] 38984  - [39m22/09/2026, 22:21:57 [32m    LOG[39m [38;5;3m[RouterExplorer] [39m[32mMapped {/api/v1/auth/customer/profile, PATCH} route[39m[38;5;3m +0ms[39m
[32m[Nest] 38984  - [39m22/09/2026, 22:21:57 [32m    LOG[39m [38;5;3m[RoutesResolver] [39m[32mCompanyController {/api/v1/companies}:[39m[38;5;3m +0ms[39m
[32m[Nest] 38984  - [39m22/09/2026, 22:21:57 [32m    LOG[39m [38;5;3m[RouterExplorer] [39m[32mMapped {/api/v1/companies, POST} route[39m[38;5;3m +1ms[39m
[32m[Nest] 38984  - [39m22/09/2026, 22:21:57 [32m    LOG[39m [38;5;3m[RouterExplorer] [39m[32mMapped {/api/v1/companies, GET} route[39m[38;5;3m +0ms[39m
[32m[Nest] 38984  - [39m22/09/2026, 22:21:57 [32m    LOG[39m [38;5;3m[RouterExplorer] [39m[32mMapped {/api/v1/companies/departments, GET} route[39m[38;5;3m +0ms[39m
[32m[Nest] 38984  - [39m22/09/2026, 22:21:57 [32m    LOG[39m [38;5;3m[RouterExplorer] [39m[32mMapped {/api/v1/companies/:id, GET} route[39m[38;5;3m +0ms[39m
[32m[Nest] 38984  - [39m22/09/2026, 22:21:57 [32m    LOG[39m [38;5;3m[RouterExplorer] [39m[32mMapped {/api/v1/companies/:id, PATCH} route[39m[38;5;3m +0ms[39m
[32m[Nest] 38984  - [39m22/09/2026, 22:21:57 [32m    LOG[39m [38;5;3m[RouterExplorer] [39m[32mMapped {/api/v1/companies/:id/branches, POST} route[39m[38;5;3m +0ms[39m
[32m[Nest] 38984  - [39m22/09/2026, 22:21:57 [32m    LOG[39m [38;5;3m[RouterExplorer] [39m[32mMapped {/api/v1/companies/branches/:branchId, PATCH} route[39m[38;5;3m +0ms[39m
[32m[Nest] 38984  - [39m22/09/2026, 22:21:57 [32m    LOG[39m [38;5;3m[RouterExplorer] [39m[32mMapped {/api/v1/companies/branches/:branchId, DELETE} route[39m[38;5;3m +1ms[39m
[32m[Nest] 38984  - [39m22/09/2026, 22:21:57 [32m    LOG[39m [38;5;3m[RouterExplorer] [39m[32mMapped {/api/v1/companies/departments, POST} route[39m[38;5;3m +0ms[39m
[32m[Nest] 38984  - [39m22/09/2026, 22:21:57 [32m    LOG[39m [38;5;3m[RouterExplorer] [39m[32mMapped {/api/v1/companies/departments/:id, PATCH} route[39m[38;5;3m +0ms[39m
[32m[Nest] 38984  - [39m22/09/2026, 22:21:57 [32m    LOG[39m [38;5;3m[RouterExplorer] [39m[32mMapped {/api/v1/companies/departments/:id, DELETE} route[39m[38;5;3m +0ms[39m
[32m[Nest] 38984  - [39m22/09/2026, 22:21:57 [32m    LOG[39m [38;5;3m[RoutesResolver] [39m[32mEstateController {/api/v1/estates}:[39m[38;5;3m +0ms[39m
[32m[Nest] 38984  - [39m22/09/2026, 22:21:57 [32m    LOG[39m [38;5;3m[RouterExplorer] [39m[32mMapped {/api/v1/estates/public, GET} route[39m[38;5;3m +0ms[39m
[32m[Nest] 38984  - [39m22/09/2026, 22:21:57 [32m    LOG[39m [38;5;3m[RouterExplorer] [39m[32mMapped {/api/v1/estates, GET} route[39m[38;5;3m +0ms[39m
[32m[Nest] 38984  - [39m22/09/2026, 22:21:57 [32m    LOG[39m [38;5;3m[RouterExplorer] [39m[32mMapped {/api/v1/estates/:id, GET} route[39m[38;5;3m +0ms[39m
[32m[Nest] 38984  - [39m22/09/2026, 22:21:57 [32m    LOG[39m [38;5;3m[RouterExplorer] [39m[32mMapped {/api/v1/estates, POST} route[39m[38;5;3m +0ms[39m
[32m[Nest] 38984  - [39m22/09/2026, 22:21:57 [32m    LOG[39m [38;5;3m[RouterExplorer] [39m[32mMapped {/api/v1/estates/:id, PATCH} route[39m[38;5;3m +0ms[39m
[32m[Nest] 38984  - [39m22/09/2026, 22:21:57 [32m    LOG[39m [38;5;3m[RouterExplorer] [39m[32mMapped {/api/v1/estates/:id/phases, POST} route[39m[38;5;3m +0ms[39m
[32m[Nest] 38984  - [39m22/09/2026, 22:21:57 [32m    LOG[39m [38;5;3m[RouterExplorer] [39m[32mMapped {/api/v1/estates/:id/blocks, POST} route[39m[38;5;3m +0ms[39m
[32m[Nest] 38984  - [39m22/09/2026, 22:21:57 [32m    LOG[39m [38;5;3m[RouterExplorer] [39m[32mMapped {/api/v1/estates/:id/infrastructure, POST} route[39m[38;5;3m +0ms[39m
[32m[Nest] 38984  - [39m22/09/2026, 22:21:57 [32m    LOG[39m [38;5;3m[RouterExplorer] [39m[32mMapped {/api/v1/estates/:id/site-plan, POST} route[39m[38;5;3m +1ms[39m
[32m[Nest] 38984  - [39m22/09/2026, 22:21:57 [32m    LOG[39m [38;5;3m[RouterExplorer] [39m[32mMapped {/api/v1/estates/:id/building-types, PATCH} route[39m[38;5;3m +0ms[39m
[32m[Nest] 38984  - [39m22/09/2026, 22:21:57 [32m    LOG[39m [38;5;3m[RouterExplorer] [39m[32mMapped {/api/v1/estates/:id/building-type-image/:typeId, POST} route[39m[38;5;3m +0ms[39m
[32m[Nest] 38984  - [39m22/09/2026, 22:21:57 [32m    LOG[39m [38;5;3m[RouterExplorer] [39m[32mMapped {/api/v1/estates/:id/building-type-image/:typeId/:filename, DELETE} route[39m[38;5;3m +0ms[39m
[32m[Nest] 38984  - [39m22/09/2026, 22:21:57 [32m    LOG[39m [38;5;3m[RouterExplorer] [39m[32mMapped {/api/v1/estates/:id/permanent, DELETE} route[39m[38;5;3m +0ms[39m
[32m[Nest] 38984  - [39m22/09/2026, 22:21:57 [32m    LOG[39m [38;5;3m[RoutesResolver] [39m[32mPropertyController {/api/v1/properties}:[39m[38;5;3m +0ms[39m
[32m[Nest] 38984  - [39m22/09/2026, 22:21:57 [32m    LOG[39m [38;5;3m[RouterExplorer] [39m[32mMapped {/api/v1/properties/public, GET} route[39m[38;5;3m +0ms[39m
[32m[Nest] 38984  - [39m22/09/2026, 22:21:57 [32m    LOG[39m [38;5;3m[RouterExplorer] [39m[32mMapped {/api/v1/properties/public/:id, GET} route[39m[38;5;3m +0ms[39m
[32m[Nest] 38984  - [39m22/09/2026, 22:21:57 [32m    LOG[39m [38;5;3m[RouterExplorer] [39m[32mMapped {/api/v1/properties/public/inquiry, POST} route[39m[38;5;3m +0ms[39m
[32m[Nest] 38984  - [39m22/09/2026, 22:21:57 [32m    LOG[39m [38;5;3m[RouterExplorer] [39m[32mMapped {/api/v1/properties, GET} route[39m[38;5;3m +0ms[39m
[32m[Nest] 38984  - [39m22/09/2026, 22:21:57 [32m    LOG[39m [38;5;3m[RouterExplorer] [39m[32mMapped {/api/v1/properties/admin/inquiries, GET} route[39m[38;5;3m +0ms[39m
[32m[Nest] 38984  - [39m22/09/2026, 22:21:57 [32m    LOG[39m [38;5;3m[RouterExplorer] [39m[32mMapped {/api/v1/properties/admin/inquiries/:id/status, PATCH} route[39m[38;5;3m +0ms[39m
[32m[Nest] 38984  - [39m22/09/2026, 22:21:57 [32m    LOG[39m [38;5;3m[RouterExplorer] [39m[32mMapped {/api/v1/properties/admin/inquiries/:id/notes, PATCH} route[39m[38;5;3m +1ms[39m
[32m[Nest] 38984  - [39m22/09/2026, 22:21:57 [32m    LOG[39m [38;5;3m[RouterExplorer] [39m[32mMapped {/api/v1/properties/admin/inquiries/:id/convert, POST} route[39m[38;5;3m +0ms[39m
[32m[Nest] 38984  - [39m22/09/2026, 22:21:57 [32m    LOG[39m [38;5;3m[RouterExplorer] [39m[32mMapped {/api/v1/properties/:id, GET} route[39m[38;5;3m +0ms[39m
[32m[Nest] 38984  - [39m22/09/2026, 22:21:57 [32m    LOG[39m [38;5;3m[RouterExplorer] [39m[32mMapped {/api/v1/properties, POST} route[39m[38;5;3m +0ms[39m
[32m[Nest] 38984  - [39m22/09/2026, 22:21:57 [32m    LOG[39m [38;5;3m[RouterExplorer] [39m[32mMapped {/api/v1/properties/:id, PATCH} route[39m[38;5;3m +0ms[39m
[32m[Nest] 38984  - [39m22/09/2026, 22:21:57 [32m    LOG[39m [38;5;3m[RouterExplorer] [39m[32mMapped {/api/v1/properties/:id/status, POST} route[39m[38;5;3m +0ms[39m
[32m[Nest] 38984  - [39m22/09/2026, 22:21:57 [32m    LOG[39m [38;5;3m[RouterExplorer] [39m[32mMapped {/api/v1/properties/:id, DELETE} route[39m[38;5;3m +0ms[39m
[32m[Nest] 38984  - [39m22/09/2026, 22:21:57 [32m    LOG[39m [38;5;3m[RouterExplorer] [39m[32mMapped {/api/v1/properties/:id/permanent, DELETE} route[39m[38;5;3m +0ms[39m
[32m[Nest] 38984  - [39m22/09/2026, 22:21:57 [32m    LOG[39m [38;5;3m[RouterExplorer] [39m[32mMapped {/api/v1/properties/:id/media, POST} route[39m[38;5;3m +0ms[39m
[32m[Nest] 38984  - [39m22/09/2026, 22:21:57 [32m    LOG[39m [38;5;3m[RouterExplorer] [39m[32mMapped {/api/v1/properties/:id/media/:mediaId, DELETE} route[39m[38;5;3m +0ms[39m
[32m[Nest] 38984  - [39m22/09/2026, 22:21:57 [32m    LOG[39m [38;5;3m[RouterExplorer] [39m[32mMapped {/api/v1/properties/:id/media/:mediaId/cover, PATCH} route[39m[38;5;3m +0ms[39m
[32m[Nest] 38984  - [39m22/09/2026, 22:21:57 [32m    LOG[39m [38;5;3m[RouterExplorer] [39m[32mMapped {/api/v1/properties/:id/favorite, POST} route[39m[38;5;3m +0ms[39m
[32m[Nest] 38984  - [39m22/09/2026, 22:21:57 [32m    LOG[39m [38;5;3m[RouterExplorer] [39m[32mMapped {/api/v1/properties/:id/favorite-status, GET} route[39m[38;5;3m +0ms[39m
[32m[Nest] 38984  - [39m22/09/2026, 22:21:57 [32m    LOG[39m [38;5;3m[RoutesResolver] [39m[32mCustomerController {/api/v1/customers}:[39m[38;5;3m +0ms[39m
[32m[Nest] 38984  - [39m22/09/2026, 22:21:57 [32m    LOG[39m [38;5;3m[RouterExplorer] [39m[32mMapped {/api/v1/customers, GET} route[39m[38;5;3m +1ms[39m
[32m[Nest] 38984  - [39m22/09/2026, 22:21:57 [32m    LOG[39m [38;5;3m[RouterExplorer] [39m[32mMapped {/api/v1/customers/:id, GET} route[39m[38;5;3m +0ms[39m
[32m[Nest] 38984  - [39m22/09/2026, 22:21:57 [32m    LOG[39m [38;5;3m[RouterExplorer] [39m[32mMapped {/api/v1/customers, POST} route[39m[38;5;3m +0ms[39m
[32m[Nest] 38984  - [39m22/09/2026, 22:21:57 [32m    LOG[39m [38;5;3m[RouterExplorer] [39m[32mMapped {/api/v1/customers/:id, PATCH} route[39m[38;5;3m +0ms[39m
[32m[Nest] 38984  - [39m22/09/2026, 22:21:57 [32m    LOG[39m [38;5;3m[RouterExplorer] [39m[32mMapped {/api/v1/customers/:id/deactivate, POST} route[39m[38;5;3m +0ms[39m
[32m[Nest] 38984  - [39m22/09/2026, 22:21:57 [32m    LOG[39m [38;5;3m[RouterExplorer] [39m[32mMapped {/api/v1/customers/:id/activate, POST} route[39m[38;5;3m +0ms[39m
[32m[Nest] 38984  - [39m22/09/2026, 22:21:57 [32m    LOG[39m [38;5;3m[RouterExplorer] [39m[32mMapped {/api/v1/customers/:id, DELETE} route[39m[38;5;3m +0ms[39m
[32m[Nest] 38984  - [39m22/09/2026, 22:21:57 [32m    LOG[39m [38;5;3m[RoutesResolver] [39m[32mReservationController {/api/v1/reservations}:[39m[38;5;3m +0ms[39m
[32m[Nest] 38984  - [39m22/09/2026, 22:21:57 [32m    LOG[39m [38;5;3m[RouterExplorer] [39m[32mMapped {/api/v1/reservations/public, POST} route[39m[38;5;3m +0ms[39m
[32m[Nest] 38984  - [39m22/09/2026, 22:21:57 [32m    LOG[39m [38;5;3m[RouterExplorer] [39m[32mMapped {/api/v1/reservations, GET} route[39m[38;5;3m +0ms[39m
[32m[Nest] 38984  - [39m22/09/2026, 22:21:57 [32m    LOG[39m [38;5;3m[RouterExplorer] [39m[32mMapped {/api/v1/reservations/mine, GET} route[39m[38;5;3m +0ms[39m
[32m[Nest] 38984  - [39m22/09/2026, 22:21:57 [32m    LOG[39m [38;5;3m[RouterExplorer] [39m[32mMapped {/api/v1/reservations/:id, GET} route[39m[38;5;3m +0ms[39m
[32m[Nest] 38984  - [39m22/09/2026, 22:21:57 [32m    LOG[39m [38;5;3m[RouterExplorer] [39m[32mMapped {/api/v1/reservations/:id/timeline, GET} route[39m[38;5;3m +0ms[39m
[32m[Nest] 38984  - [39m22/09/2026, 22:21:57 [32m    LOG[39m [38;5;3m[RouterExplorer] [39m[32mMapped {/api/v1/reservations/:id/status, PATCH} route[39m[38;5;3m +0ms[39m
[32m[Nest] 38984  - [39m22/09/2026, 22:21:57 [32m    LOG[39m [38;5;3m[RoutesResolver] [39m[32mSaleController {/api/v1/sales}:[39m[38;5;3m +0ms[39m
[32m[Nest] 38984  - [39m22/09/2026, 22:21:57 [32m    LOG[39m [38;5;3m[RouterExplorer] [39m[32mMapped {/api/v1/sales, GET} route[39m[38;5;3m +0ms[39m
[32m[Nest] 38984  - [39m22/09/2026, 22:21:57 [32m    LOG[39m [38;5;3m[RouterExplorer] [39m[32mMapped {/api/v1/sales/:id, GET} route[39m[38;5;3m +1ms[39m
[32m[Nest] 38984  - [39m22/09/2026, 22:21:57 [32m    LOG[39m [38;5;3m[RouterExplorer] [39m[32mMapped {/api/v1/sales, POST} route[39m[38;5;3m +0ms[39m
[32m[Nest] 38984  - [39m22/09/2026, 22:21:57 [32m    LOG[39m [38;5;3m[RouterExplorer] [39m[32mMapped {/api/v1/sales/:id/status, PATCH} route[39m[38;5;3m +0ms[39m
[32m[Nest] 38984  - [39m22/09/2026, 22:21:57 [32m    LOG[39m [38;5;3m[RoutesResolver] [39m[32mPaymentController {/api/v1/payments}:[39m[38;5;3m +0ms[39m
[32m[Nest] 38984  - [39m22/09/2026, 22:21:57 [32m    LOG[39m [38;5;3m[RouterExplorer] [39m[32mMapped {/api/v1/payments, POST} route[39m[38;5;3m +0ms[39m
[32m[Nest] 38984  - [39m22/09/2026, 22:21:57 [32m    LOG[39m [38;5;3m[RouterExplorer] [39m[32mMapped {/api/v1/payments, GET} route[39m[38;5;3m +0ms[39m
[32m[Nest] 38984  - [39m22/09/2026, 22:21:57 [32m    LOG[39m [38;5;3m[RouterExplorer] [39m[32mMapped {/api/v1/payments/:id, GET} route[39m[38;5;3m +0ms[39m
[32m[Nest] 38984  - [39m22/09/2026, 22:21:57 [32m    LOG[39m [38;5;3m[RouterExplorer] [39m[32mMapped {/api/v1/payments/:id/verify, PATCH} route[39m[38;5;3m +0ms[39m
[32m[Nest] 38984  - [39m22/09/2026, 22:21:57 [32m    LOG[39m [38;5;3m[RouterExplorer] [39m[32mMapped {/api/v1/payments/:id/reject, PATCH} route[39m[38;5;3m +0ms[39m
[32m[Nest] 38984  - [39m22/09/2026, 22:21:57 [32m    LOG[39m [38;5;3m[RoutesResolver] [39m[32mInspectionController {/api/v1/inspections}:[39m[38;5;3m +0ms[39m
[32m[Nest] 38984  - [39m22/09/2026, 22:21:57 [32m    LOG[39m [38;5;3m[RouterExplorer] [39m[32mMapped {/api/v1/inspections, POST} route[39m[38;5;3m +0ms[39m
[32m[Nest] 38984  - [39m22/09/2026, 22:21:57 [32m    LOG[39m [38;5;3m[RouterExplorer] [39m[32mMapped {/api/v1/inspections, GET} route[39m[38;5;3m +0ms[39m
[32m[Nest] 38984  - [39m22/09/2026, 22:21:57 [32m    LOG[39m [38;5;3m[RouterExplorer] [39m[32mMapped {/api/v1/inspections/:id, GET} route[39m[38;5;3m +0ms[39m
[32m[Nest] 38984  - [39m22/09/2026, 22:21:57 [32m    LOG[39m [38;5;3m[RouterExplorer] [39m[32mMapped {/api/v1/inspections/:id/start, PATCH} route[39m[38;5;3m +0ms[39m
[32m[Nest] 38984  - [39m22/09/2026, 22:21:57 [32m    LOG[39m [38;5;3m[RouterExplorer] [39m[32mMapped {/api/v1/inspections/:id/complete, PATCH} route[39m[38;5;3m +0ms[39m
[32m[Nest] 38984  - [39m22/09/2026, 22:21:57 [32m    LOG[39m [38;5;3m[RouterExplorer] [39m[32mMapped {/api/v1/inspections/:id/cancel, PATCH} route[39m[38;5;3m +0ms[39m
[32m[Nest] 38984  - [39m22/09/2026, 22:21:57 [32m    LOG[39m [38;5;3m[RouterExplorer] [39m[32mMapped {/api/v1/inspections/:id/fail, PATCH} route[39m[38;5;3m +1ms[39m
[32m[Nest] 38984  - [39m22/09/2026, 22:21:57 [32m    LOG[39m [38;5;3m[RoutesResolver] [39m[32mDocumentController {/api/v1/documents}:[39m[38;5;3m +0ms[39m
[32m[Nest] 38984  - [39m22/09/2026, 22:21:57 [32m    LOG[39m [38;5;3m[RouterExplorer] [39m[32mMapped {/api/v1/documents/upload, POST} route[39m[38;5;3m +0ms[39m
[32m[Nest] 38984  - [39m22/09/2026, 22:21:57 [32m    LOG[39m [38;5;3m[RouterExplorer] [39m[32mMapped {/api/v1/documents, GET} route[39m[38;5;3m +0ms[39m
[32m[Nest] 38984  - [39m22/09/2026, 22:21:57 [32m    LOG[39m [38;5;3m[RouterExplorer] [39m[32mMapped {/api/v1/documents/:id, GET} route[39m[38;5;3m +0ms[39m
[32m[Nest] 38984  - [39m22/09/2026, 22:21:57 [32m    LOG[39m [38;5;3m[RouterExplorer] [39m[32mMapped {/api/v1/documents/:id/download, GET} route[39m[38;5;3m +0ms[39m
[32m[Nest] 38984  - [39m22/09/2026, 22:21:57 [32m    LOG[39m [38;5;3m[RouterExplorer] [39m[32mMapped {/api/v1/documents/:id/status, PATCH} route[39m[38;5;3m +0ms[39m
[32m[Nest] 38984  - [39m22/09/2026, 22:21:57 [32m    LOG[39m [38;5;3m[RouterExplorer] [39m[32mMapped {/api/v1/documents/:id, DELETE} route[39m[38;5;3m +0ms[39m
[32m[Nest] 38984  - [39m22/09/2026, 22:21:57 [32m    LOG[39m [38;5;3m[RoutesResolver] [39m[32mEmployeeController {/api/v1/employees}:[39m[38;5;3m +0ms[39m
[32m[Nest] 38984  - [39m22/09/2026, 22:21:57 [32m    LOG[39m [38;5;3m[RouterExplorer] [39m[32mMapped {/api/v1/employees, GET} route[39m[38;5;3m +0ms[39m
[32m[Nest] 38984  - [39m22/09/2026, 22:21:57 [32m    LOG[39m [38;5;3m[RouterExplorer] [39m[32mMapped {/api/v1/employees/departments, GET} route[39m[38;5;3m +0ms[39m
[32m[Nest] 38984  - [39m22/09/2026, 22:21:57 [32m    LOG[39m [38;5;3m[RouterExplorer] [39m[32mMapped {/api/v1/employees/roles, GET} route[39m[38;5;3m +0ms[39m
[32m[Nest] 38984  - [39m22/09/2026, 22:21:57 [32m    LOG[39m [38;5;3m[RouterExplorer] [39m[32mMapped {/api/v1/employees/:id, GET} route[39m[38;5;3m +0ms[39m
[32m[Nest] 38984  - [39m22/09/2026, 22:21:57 [32m    LOG[39m [38;5;3m[RouterExplorer] [39m[32mMapped {/api/v1/employees, POST} route[39m[38;5;3m +0ms[39m
[32m[Nest] 38984  - [39m22/09/2026, 22:21:57 [32m    LOG[39m [38;5;3m[RouterExplorer] [39m[32mMapped {/api/v1/employees/:id, PATCH} route[39m[38;5;3m +0ms[39m
[32m[Nest] 38984  - [39m22/09/2026, 22:21:57 [32m    LOG[39m [38;5;3m[RouterExplorer] [39m[32mMapped {/api/v1/employees/:id, DELETE} route[39m[38;5;3m +0ms[39m
[32m[Nest] 38984  - [39m22/09/2026, 22:21:57 [32m    LOG[39m [38;5;3m[RouterExplorer] [39m[32mMapped {/api/v1/employees/:id/roles, POST} route[39m[38;5;3m +0ms[39m
[32m[Nest] 38984  - [39m22/09/2026, 22:21:57 [32m    LOG[39m [38;5;3m[RouterExplorer] [39m[32mMapped {/api/v1/employees/:id/roles/remove, POST} route[39m[38;5;3m +0ms[39m
[32m[Nest] 38984  - [39m22/09/2026, 22:21:57 [32m    LOG[39m [38;5;3m[RoutesResolver] [39m[32mVendorController {/api/v1/vendors}:[39m[38;5;3m +0ms[39m
[32m[Nest] 38984  - [39m22/09/2026, 22:21:57 [32m    LOG[39m [38;5;3m[RoutesResolver] [39m[32mAppointmentController {/api/v1/appointments}:[39m[38;5;3m +0ms[39m
[32m[Nest] 38984  - [39m22/09/2026, 22:21:57 [32m    LOG[39m [38;5;3m[RoutesResolver] [39m[32mNotificationController {/api/v1/notifications}:[39m[38;5;3m +0ms[39m
[32m[Nest] 38984  - [39m22/09/2026, 22:21:57 [32m    LOG[39m [38;5;3m[RoutesResolver] [39m[32mAiController {/api/v1/ai}:[39m[38;5;3m +1ms[39m
[32m[Nest] 38984  - [39m22/09/2026, 22:21:57 [32m    LOG[39m [38;5;3m[RoutesResolver] [39m[32mDashboardController {/api/v1/dashboard}:[39m[38;5;3m +0ms[39m
[32m[Nest] 38984  - [39m22/09/2026, 22:21:57 [32m    LOG[39m [38;5;3m[RouterExplorer] [39m[32mMapped {/api/v1/dashboard/stats, GET} route[39m[38;5;3m +0ms[39m
[32m[Nest] 38984  - [39m22/09/2026, 22:21:57 [32m    LOG[39m [38;5;3m[RoutesResolver] [39m[32mPosterController {/api/v1/posters}:[39m[38;5;3m +0ms[39m
[32m[Nest] 38984  - [39m22/09/2026, 22:21:57 [32m    LOG[39m [38;5;3m[RouterExplorer] [39m[32mMapped {/api/v1/posters/public, GET} route[39m[38;5;3m +0ms[39m
[32m[Nest] 38984  - [39m22/09/2026, 22:21:57 [32m    LOG[39m [38;5;3m[RouterExplorer] [39m[32mMapped {/api/v1/posters, GET} route[39m[38;5;3m +0ms[39m
[32m[Nest] 38984  - [39m22/09/2026, 22:21:57 [32m    LOG[39m [38;5;3m[RouterExplorer] [39m[32mMapped {/api/v1/posters, POST} route[39m[38;5;3m +0ms[39m
[32m[Nest] 38984  - [39m22/09/2026, 22:21:57 [32m    LOG[39m [38;5;3m[RouterExplorer] [39m[32mMapped {/api/v1/posters/:id, PATCH} route[39m[38;5;3m +0ms[39m
[32m[Nest] 38984  - [39m22/09/2026, 22:21:57 [32m    LOG[39m [38;5;3m[RouterExplorer] [39m[32mMapped {/api/v1/posters/:id/toggle, PATCH} route[39m[38;5;3m +0ms[39m
[32m[Nest] 38984  - [39m22/09/2026, 22:21:57 [32m    LOG[39m [38;5;3m[RouterExplorer] [39m[32mMapped {/api/v1/posters/:id, DELETE} route[39m[38;5;3m +0ms[39m
[32m[Nest] 38984  - [39m22/09/2026, 22:21:59 [32m    LOG[39m [38;5;3m[PrismaService] [39m[32mDatabase connected[39m
[32m[Nest] 38984  - [39m22/09/2026, 22:21:59 [32m    LOG[39m [38;5;3m[NestApplication] [39m[32mNest application successfully started[39m[38;5;3m +1ms[39m
🚀 NHGP API running at http://localhost:4000/api/v1
[2J[3J[H[[90m22:26:15[0m] File change detected. Starting incremental compilation...

[2J[3J[H[[90m22:27:54[0m] File change detected. Starting incremental compilation...

[[90m22:27:54[0m] Found 0 errors. Watching for file changes.

[32m[Nest] 25576  - [39m22/09/2026, 22:27:56 [32m    LOG[39m [38;5;3m[NestFactory] [39m[32mStarting Nest application...[39m
[32m[Nest] 25576  - [39m22/09/2026, 22:27:56 [32m    LOG[39m [38;5;3m[InstanceLoader] [39m[32mPrismaModule dependencies initialized[39m[38;5;3m +26ms[39m
[32m[Nest] 25576  - [39m22/09/2026, 22:27:56 [32m    LOG[39m [38;5;3m[InstanceLoader] [39m[32mPassportModule dependencies initialized[39m[38;5;3m +0ms[39m
[32m[Nest] 25576  - [39m22/09/2026, 22:27:56 [32m    LOG[39m [38;5;3m[InstanceLoader] [39m[32mConfigHostModule dependencies initialized[39m[38;5;3m +6ms[39m
[32m[Nest] 25576  - [39m22/09/2026, 22:27:56 [32m    LOG[39m [38;5;3m[InstanceLoader] [39m[32mThrottlerModule dependencies initialized[39m[38;5;3m +0ms[39m
[33m[Nest] 25576  - [39m22/09/2026, 22:27:56 [33m   WARN[39m [38;5;3m[EmailService] [39m[33mSMTP not configured — emails will be logged to console. Set SMTP_HOST, SMTP_USER, SMTP_PASS in .env to enable sending.[39m
[32m[Nest] 25576  - [39m22/09/2026, 22:27:56 [32m    LOG[39m [38;5;3m[InstanceLoader] [39m[32mConfigModule dependencies initialized[39m[38;5;3m +0ms[39m
[32m[Nest] 25576  - [39m22/09/2026, 22:27:56 [32m    LOG[39m [38;5;3m[InstanceLoader] [39m[32mConfigModule dependencies initialized[39m[38;5;3m +0ms[39m
[32m[Nest] 25576  - [39m22/09/2026, 22:27:56 [32m    LOG[39m [38;5;3m[InstanceLoader] [39m[32mNotificationModule dependencies initialized[39m[38;5;3m +1ms[39m
[32m[Nest] 25576  - [39m22/09/2026, 22:27:56 [32m    LOG[39m [38;5;3m[InstanceLoader] [39m[32mAiModule dependencies initialized[39m[38;5;3m +0ms[39m
[32m[Nest] 25576  - [39m22/09/2026, 22:27:56 [32m    LOG[39m [38;5;3m[InstanceLoader] [39m[32mEmailModule dependencies initialized[39m[38;5;3m +1ms[39m
[32m[Nest] 25576  - [39m22/09/2026, 22:27:56 [32m    LOG[39m [38;5;3m[InstanceLoader] [39m[32mStorageModule dependencies initialized[39m[38;5;3m +0ms[39m
[32m[Nest] 25576  - [39m22/09/2026, 22:27:56 [32m    LOG[39m [38;5;3m[InstanceLoader] [39m[32mJwtModule dependencies initialized[39m[38;5;3m +0ms[39m
[32m[Nest] 25576  - [39m22/09/2026, 22:27:56 [32m    LOG[39m [38;5;3m[InstanceLoader] [39m[32mVendorModule dependencies initialized[39m[38;5;3m +1ms[39m
[32m[Nest] 25576  - [39m22/09/2026, 22:27:56 [32m    LOG[39m [38;5;3m[InstanceLoader] [39m[32mAppointmentModule dependencies initialized[39m[38;5;3m +0ms[39m
[32m[Nest] 25576  - [39m22/09/2026, 22:27:56 [32m    LOG[39m [38;5;3m[InstanceLoader] [39m[32mEmployeeModule dependencies initialized[39m[38;5;3m +1ms[39m
[32m[Nest] 25576  - [39m22/09/2026, 22:27:56 [32m    LOG[39m [38;5;3m[InstanceLoader] [39m[32mDashboardModule dependencies initialized[39m[38;5;3m +0ms[39m
[32m[Nest] 25576  - [39m22/09/2026, 22:27:56 [32m    LOG[39m [38;5;3m[InstanceLoader] [39m[32mAuditModule dependencies initialized[39m[38;5;3m +0ms[39m
[32m[Nest] 25576  - [39m22/09/2026, 22:27:56 [32m    LOG[39m [38;5;3m[InstanceLoader] [39m[32mAppModule dependencies initialized[39m[38;5;3m +0ms[39m
[32m[Nest] 25576  - [39m22/09/2026, 22:27:56 [32m    LOG[39m [38;5;3m[InstanceLoader] [39m[32mCustomerModule dependencies initialized[39m[38;5;3m +0ms[39m
[32m[Nest] 25576  - [39m22/09/2026, 22:27:56 [32m    LOG[39m [38;5;3m[InstanceLoader] [39m[32mSaleModule dependencies initialized[39m[38;5;3m +0ms[39m
[32m[Nest] 25576  - [39m22/09/2026, 22:27:56 [32m    LOG[39m [38;5;3m[InstanceLoader] [39m[32mPaymentModule dependencies initialized[39m[38;5;3m +0ms[39m
[32m[Nest] 25576  - [39m22/09/2026, 22:27:56 [32m    LOG[39m [38;5;3m[InstanceLoader] [39m[32mInspectionModule dependencies initialized[39m[38;5;3m +0ms[39m
[32m[Nest] 25576  - [39m22/09/2026, 22:27:56 [32m    LOG[39m [38;5;3m[InstanceLoader] [39m[32mCompanyModule dependencies initialized[39m[38;5;3m +0ms[39m
[32m[Nest] 25576  - [39m22/09/2026, 22:27:56 [32m    LOG[39m [38;5;3m[InstanceLoader] [39m[32mReservationModule dependencies initialized[39m[38;5;3m +0ms[39m
[32m[Nest] 25576  - [39m22/09/2026, 22:27:56 [32m    LOG[39m [38;5;3m[InstanceLoader] [39m[32mDocumentModule dependencies initialized[39m[38;5;3m +0ms[39m
[32m[Nest] 25576  - [39m22/09/2026, 22:27:56 [32m    LOG[39m [38;5;3m[InstanceLoader] [39m[32mEstateModule dependencies initialized[39m[38;5;3m +0ms[39m
[32m[Nest] 25576  - [39m22/09/2026, 22:27:56 [32m    LOG[39m [38;5;3m[InstanceLoader] [39m[32mPropertyModule dependencies initialized[39m[38;5;3m +0ms[39m
[32m[Nest] 25576  - [39m22/09/2026, 22:27:56 [32m    LOG[39m [38;5;3m[InstanceLoader] [39m[32mPosterModule dependencies initialized[39m[38;5;3m +1ms[39m
[32m[Nest] 25576  - [39m22/09/2026, 22:27:56 [32m    LOG[39m [38;5;3m[InstanceLoader] [39m[32mAuthModule dependencies initialized[39m[38;5;3m +0ms[39m
[32m[Nest] 25576  - [39m22/09/2026, 22:27:56 [32m    LOG[39m [38;5;3m[RoutesResolver] [39m[32mHealthController {/api/v1/health}:[39m[38;5;3m +411ms[39m
[32m[Nest] 25576  - [39m22/09/2026, 22:27:56 [32m    LOG[39m [38;5;3m[RouterExplorer] [39m[32mMapped {/api/v1/health, GET} route[39m[38;5;3m +2ms[39m
[32m[Nest] 25576  - [39m22/09/2026, 22:27:56 [32m    LOG[39m [38;5;3m[RoutesResolver] [39m[32mAuditController {/api/v1/audit-logs}:[39m[38;5;3m +0ms[39m
[32m[Nest] 25576  - [39m22/09/2026, 22:27:56 [32m    LOG[39m [38;5;3m[RouterExplorer] [39m[32mMapped {/api/v1/audit-logs, GET} route[39m[38;5;3m +3ms[39m
[32m[Nest] 25576  - [39m22/09/2026, 22:27:56 [32m    LOG[39m [38;5;3m[RoutesResolver] [39m[32mAuthController {/api/v1/auth}:[39m[38;5;3m +0ms[39m
[32m[Nest] 25576  - [39m22/09/2026, 22:27:56 [32m    LOG[39m [38;5;3m[RouterExplorer] [39m[32mMapped {/api/v1/auth/login, POST} route[39m[38;5;3m +0ms[39m
[32m[Nest] 25576  - [39m22/09/2026, 22:27:56 [32m    LOG[39m [38;5;3m[RouterExplorer] [39m[32mMapped {/api/v1/auth/refresh, POST} route[39m[38;5;3m +0ms[39m
[32m[Nest] 25576  - [39m22/09/2026, 22:27:56 [32m    LOG[39m [38;5;3m[RouterExplorer] [39m[32mMapped {/api/v1/auth/logout, POST} route[39m[38;5;3m +0ms[39m
[32m[Nest] 25576  - [39m22/09/2026, 22:27:56 [32m    LOG[39m [38;5;3m[RouterExplorer] [39m[32mMapped {/api/v1/auth/change-password, POST} route[39m[38;5;3m +1ms[39m
[32m[Nest] 25576  - [39m22/09/2026, 22:27:56 [32m    LOG[39m [38;5;3m[RouterExplorer] [39m[32mMapped {/api/v1/auth/me, POST} route[39m[38;5;3m +0ms[39m
[32m[Nest] 25576  - [39m22/09/2026, 22:27:56 [32m    LOG[39m [38;5;3m[RouterExplorer] [39m[32mMapped {/api/v1/auth/super/login, POST} route[39m[38;5;3m +0ms[39m
[32m[Nest] 25576  - [39m22/09/2026, 22:27:56 [32m    LOG[39m [38;5;3m[RouterExplorer] [39m[32mMapped {/api/v1/auth/customer/register, POST} route[39m[38;5;3m +0ms[39m
[32m[Nest] 25576  - [39m22/09/2026, 22:27:56 [32m    LOG[39m [38;5;3m[RouterExplorer] [39m[32mMapped {/api/v1/auth/customer/login, POST} route[39m[38;5;3m +1ms[39m
[32m[Nest] 25576  - [39m22/09/2026, 22:27:56 [32m    LOG[39m [38;5;3m[RouterExplorer] [39m[32mMapped {/api/v1/auth/customer/me, GET} route[39m[38;5;3m +0ms[39m
[32m[Nest] 25576  - [39m22/09/2026, 22:27:56 [32m    LOG[39m [38;5;3m[RouterExplorer] [39m[32mMapped {/api/v1/auth/customer/profile, PATCH} route[39m[38;5;3m +0ms[39m
[32m[Nest] 25576  - [39m22/09/2026, 22:27:56 [32m    LOG[39m [38;5;3m[RoutesResolver] [39m[32mCompanyController {/api/v1/companies}:[39m[38;5;3m +0ms[39m
[32m[Nest] 25576  - [39m22/09/2026, 22:27:56 [32m    LOG[39m [38;5;3m[RouterExplorer] [39m[32mMapped {/api/v1/companies, POST} route[39m[38;5;3m +0ms[39m
[32m[Nest] 25576  - [39m22/09/2026, 22:27:56 [32m    LOG[39m [38;5;3m[RouterExplorer] [39m[32mMapped {/api/v1/companies, GET} route[39m[38;5;3m +0ms[39m
[32m[Nest] 25576  - [39m22/09/2026, 22:27:56 [32m    LOG[39m [38;5;3m[RouterExplorer] [39m[32mMapped {/api/v1/companies/departments, GET} route[39m[38;5;3m +0ms[39m
[32m[Nest] 25576  - [39m22/09/2026, 22:27:56 [32m    LOG[39m [38;5;3m[RouterExplorer] [39m[32mMapped {/api/v1/companies/:id, GET} route[39m[38;5;3m +0ms[39m
[32m[Nest] 25576  - [39m22/09/2026, 22:27:56 [32m    LOG[39m [38;5;3m[RouterExplorer] [39m[32mMapped {/api/v1/companies/:id, PATCH} route[39m[38;5;3m +1ms[39m
[32m[Nest] 25576  - [39m22/09/2026, 22:27:56 [32m    LOG[39m [38;5;3m[RouterExplorer] [39m[32mMapped {/api/v1/companies/:id/branches, POST} route[39m[38;5;3m +0ms[39m
[32m[Nest] 25576  - [39m22/09/2026, 22:27:56 [32m    LOG[39m [38;5;3m[RouterExplorer] [39m[32mMapped {/api/v1/companies/branches/:branchId, PATCH} route[39m[38;5;3m +0ms[39m
[32m[Nest] 25576  - [39m22/09/2026, 22:27:56 [32m    LOG[39m [38;5;3m[RouterExplorer] [39m[32mMapped {/api/v1/companies/branches/:branchId, DELETE} route[39m[38;5;3m +0ms[39m
[32m[Nest] 25576  - [39m22/09/2026, 22:27:56 [32m    LOG[39m [38;5;3m[RouterExplorer] [39m[32mMapped {/api/v1/companies/departments, POST} route[39m[38;5;3m +0ms[39m
[32m[Nest] 25576  - [39m22/09/2026, 22:27:56 [32m    LOG[39m [38;5;3m[RouterExplorer] [39m[32mMapped {/api/v1/companies/departments/:id, PATCH} route[39m[38;5;3m +0ms[39m
[32m[Nest] 25576  - [39m22/09/2026, 22:27:56 [32m    LOG[39m [38;5;3m[RouterExplorer] [39m[32mMapped {/api/v1/companies/departments/:id, DELETE} route[39m[38;5;3m +0ms[39m
[32m[Nest] 25576  - [39m22/09/2026, 22:27:56 [32m    LOG[39m [38;5;3m[RoutesResolver] [39m[32mEstateController {/api/v1/estates}:[39m[38;5;3m +0ms[39m
[32m[Nest] 25576  - [39m22/09/2026, 22:27:56 [32m    LOG[39m [38;5;3m[RouterExplorer] [39m[32mMapped {/api/v1/estates/public, GET} route[39m[38;5;3m +1ms[39m
[32m[Nest] 25576  - [39m22/09/2026, 22:27:56 [32m    LOG[39m [38;5;3m[RouterExplorer] [39m[32mMapped {/api/v1/estates, GET} route[39m[38;5;3m +0ms[39m
[32m[Nest] 25576  - [39m22/09/2026, 22:27:56 [32m    LOG[39m [38;5;3m[RouterExplorer] [39m[32mMapped {/api/v1/estates/:id, GET} route[39m[38;5;3m +0ms[39m
[32m[Nest] 25576  - [39m22/09/2026, 22:27:56 [32m    LOG[39m [38;5;3m[RouterExplorer] [39m[32mMapped {/api/v1/estates, POST} route[39m[38;5;3m +0ms[39m
[32m[Nest] 25576  - [39m22/09/2026, 22:27:56 [32m    LOG[39m [38;5;3m[RouterExplorer] [39m[32mMapped {/api/v1/estates/:id, PATCH} route[39m[38;5;3m +0ms[39m
[32m[Nest] 25576  - [39m22/09/2026, 22:27:56 [32m    LOG[39m [38;5;3m[RouterExplorer] [39m[32mMapped {/api/v1/estates/:id/phases, POST} route[39m[38;5;3m +0ms[39m
[32m[Nest] 25576  - [39m22/09/2026, 22:27:56 [32m    LOG[39m [38;5;3m[RouterExplorer] [39m[32mMapped {/api/v1/estates/:id/blocks, POST} route[39m[38;5;3m +0ms[39m
[32m[Nest] 25576  - [39m22/09/2026, 22:27:56 [32m    LOG[39m [38;5;3m[RouterExplorer] [39m[32mMapped {/api/v1/estates/:id/infrastructure, POST} route[39m[38;5;3m +0ms[39m
[32m[Nest] 25576  - [39m22/09/2026, 22:27:56 [32m    LOG[39m [38;5;3m[RouterExplorer] [39m[32mMapped {/api/v1/estates/:id/site-plan, POST} route[39m[38;5;3m +0ms[39m
[32m[Nest] 25576  - [39m22/09/2026, 22:27:56 [32m    LOG[39m [38;5;3m[RouterExplorer] [39m[32mMapped {/api/v1/estates/:id/building-types, PATCH} route[39m[38;5;3m +0ms[39m
[32m[Nest] 25576  - [39m22/09/2026, 22:27:56 [32m    LOG[39m [38;5;3m[RouterExplorer] [39m[32mMapped {/api/v1/estates/:id/building-type-image/:typeId, POST} route[39m[38;5;3m +0ms[39m
[32m[Nest] 25576  - [39m22/09/2026, 22:27:56 [32m    LOG[39m [38;5;3m[RouterExplorer] [39m[32mMapped {/api/v1/estates/:id/building-type-image/:typeId/:filename, DELETE} route[39m[38;5;3m +0ms[39m
[32m[Nest] 25576  - [39m22/09/2026, 22:27:56 [32m    LOG[39m [38;5;3m[RouterExplorer] [39m[32mMapped {/api/v1/estates/:id/permanent, DELETE} route[39m[38;5;3m +1ms[39m
[32m[Nest] 25576  - [39m22/09/2026, 22:27:56 [32m    LOG[39m [38;5;3m[RoutesResolver] [39m[32mPropertyController {/api/v1/properties}:[39m[38;5;3m +0ms[39m
[32m[Nest] 25576  - [39m22/09/2026, 22:27:56 [32m    LOG[39m [38;5;3m[RouterExplorer] [39m[32mMapped {/api/v1/properties/public, GET} route[39m[38;5;3m +0ms[39m
[32m[Nest] 25576  - [39m22/09/2026, 22:27:56 [32m    LOG[39m [38;5;3m[RouterExplorer] [39m[32mMapped {/api/v1/properties/public/:id, GET} route[39m[38;5;3m +0ms[39m
[32m[Nest] 25576  - [39m22/09/2026, 22:27:56 [32m    LOG[39m [38;5;3m[RouterExplorer] [39m[32mMapped {/api/v1/properties/public/inquiry, POST} route[39m[38;5;3m +0ms[39m
[32m[Nest] 25576  - [39m22/09/2026, 22:27:56 [32m    LOG[39m [38;5;3m[RouterExplorer] [39m[32mMapped {/api/v1/properties, GET} route[39m[38;5;3m +0ms[39m
[32m[Nest] 25576  - [39m22/09/2026, 22:27:56 [32m    LOG[39m [38;5;3m[RouterExplorer] [39m[32mMapped {/api/v1/properties/admin/inquiries, GET} route[39m[38;5;3m +0ms[39m
[32m[Nest] 25576  - [39m22/09/2026, 22:27:56 [32m    LOG[39m [38;5;3m[RouterExplorer] [39m[32mMapped {/api/v1/properties/admin/inquiries/:id/status, PATCH} route[39m[38;5;3m +0ms[39m
[32m[Nest] 25576  - [39m22/09/2026, 22:27:56 [32m    LOG[39m [38;5;3m[RouterExplorer] [39m[32mMapped {/api/v1/properties/admin/inquiries/:id/notes, PATCH} route[39m[38;5;3m +0ms[39m
[32m[Nest] 25576  - [39m22/09/2026, 22:27:56 [32m    LOG[39m [38;5;3m[RouterExplorer] [39m[32mMapped {/api/v1/properties/admin/inquiries/:id/convert, POST} route[39m[38;5;3m +0ms[39m
[32m[Nest] 25576  - [39m22/09/2026, 22:27:56 [32m    LOG[39m [38;5;3m[RouterExplorer] [39m[32mMapped {/api/v1/properties/:id, GET} route[39m[38;5;3m +0ms[39m
[32m[Nest] 25576  - [39m22/09/2026, 22:27:56 [32m    LOG[39m [38;5;3m[RouterExplorer] [39m[32mMapped {/api/v1/properties, POST} route[39m[38;5;3m +0ms[39m
[32m[Nest] 25576  - [39m22/09/2026, 22:27:56 [32m    LOG[39m [38;5;3m[RouterExplorer] [39m[32mMapped {/api/v1/properties/:id, PATCH} route[39m[38;5;3m +0ms[39m
[32m[Nest] 25576  - [39m22/09/2026, 22:27:56 [32m    LOG[39m [38;5;3m[RouterExplorer] [39m[32mMapped {/api/v1/properties/:id/status, POST} route[39m[38;5;3m +0ms[39m
[32m[Nest] 25576  - [39m22/09/2026, 22:27:56 [32m    LOG[39m [38;5;3m[RouterExplorer] [39m[32mMapped {/api/v1/properties/:id, DELETE} route[39m[38;5;3m +0ms[39m
[32m[Nest] 25576  - [39m22/09/2026, 22:27:56 [32m    LOG[39m [38;5;3m[RouterExplorer] [39m[32mMapped {/api/v1/properties/:id/permanent, DELETE} route[39m[38;5;3m +1ms[39m
[32m[Nest] 25576  - [39m22/09/2026, 22:27:56 [32m    LOG[39m [38;5;3m[RouterExplorer] [39m[32mMapped {/api/v1/properties/:id/media, POST} route[39m[38;5;3m +0ms[39m
[32m[Nest] 25576  - [39m22/09/2026, 22:27:56 [32m    LOG[39m [38;5;3m[RouterExplorer] [39m[32mMapped {/api/v1/properties/:id/media/:mediaId, DELETE} route[39m[38;5;3m +0ms[39m
[32m[Nest] 25576  - [39m22/09/2026, 22:27:56 [32m    LOG[39m [38;5;3m[RouterExplorer] [39m[32mMapped {/api/v1/properties/:id/media/:mediaId/cover, PATCH} route[39m[38;5;3m +0ms[39m
[32m[Nest] 25576  - [39m22/09/2026, 22:27:56 [32m    LOG[39m [38;5;3m[RouterExplorer] [39m[32mMapped {/api/v1/properties/:id/favorite, POST} route[39m[38;5;3m +0ms[39m
[32m[Nest] 25576  - [39m22/09/2026, 22:27:56 [32m    LOG[39m [38;5;3m[RouterExplorer] [39m[32mMapped {/api/v1/properties/:id/favorite-status, GET} route[39m[38;5;3m +0ms[39m
[32m[Nest] 25576  - [39m22/09/2026, 22:27:56 [32m    LOG[39m [38;5;3m[RoutesResolver] [39m[32mCustomerController {/api/v1/customers}:[39m[38;5;3m +0ms[39m
[32m[Nest] 25576  - [39m22/09/2026, 22:27:56 [32m    LOG[39m [38;5;3m[RouterExplorer] [39m[32mMapped {/api/v1/customers, GET} route[39m[38;5;3m +0ms[39m
[32m[Nest] 25576  - [39m22/09/2026, 22:27:56 [32m    LOG[39m [38;5;3m[RouterExplorer] [39m[32mMapped {/api/v1/customers/:id, GET} route[39m[38;5;3m +0ms[39m
[32m[Nest] 25576  - [39m22/09/2026, 22:27:56 [32m    LOG[39m [38;5;3m[RouterExplorer] [39m[32mMapped {/api/v1/customers, POST} route[39m[38;5;3m +0ms[39m
[32m[Nest] 25576  - [39m22/09/2026, 22:27:56 [32m    LOG[39m [38;5;3m[RouterExplorer] [39m[32mMapped {/api/v1/customers/:id, PATCH} route[39m[38;5;3m +0ms[39m
[32m[Nest] 25576  - [39m22/09/2026, 22:27:56 [32m    LOG[39m [38;5;3m[RouterExplorer] [39m[32mMapped {/api/v1/customers/:id/deactivate, POST} route[39m[38;5;3m +0ms[39m
[32m[Nest] 25576  - [39m22/09/2026, 22:27:56 [32m    LOG[39m [38;5;3m[RouterExplorer] [39m[32mMapped {/api/v1/customers/:id/activate, POST} route[39m[38;5;3m +0ms[39m
[32m[Nest] 25576  - [39m22/09/2026, 22:27:56 [32m    LOG[39m [38;5;3m[RouterExplorer] [39m[32mMapped {/api/v1/customers/:id, DELETE} route[39m[38;5;3m +0ms[39m
[32m[Nest] 25576  - [39m22/09/2026, 22:27:56 [32m    LOG[39m [38;5;3m[RoutesResolver] [39m[32mReservationController {/api/v1/reservations}:[39m[38;5;3m +1ms[39m
[32m[Nest] 25576  - [39m22/09/2026, 22:27:56 [32m    LOG[39m [38;5;3m[RouterExplorer] [39m[32mMapped {/api/v1/reservations/public, POST} route[39m[38;5;3m +0ms[39m
[32m[Nest] 25576  - [39m22/09/2026, 22:27:56 [32m    LOG[39m [38;5;3m[RouterExplorer] [39m[32mMapped {/api/v1/reservations, GET} route[39m[38;5;3m +0ms[39m
[32m[Nest] 25576  - [39m22/09/2026, 22:27:56 [32m    LOG[39m [38;5;3m[RouterExplorer] [39m[32mMapped {/api/v1/reservations/mine, GET} route[39m[38;5;3m +0ms[39m
[32m[Nest] 25576  - [39m22/09/2026, 22:27:56 [32m    LOG[39m [38;5;3m[RouterExplorer] [39m[32mMapped {/api/v1/reservations/:id, GET} route[39m[38;5;3m +0ms[39m
[32m[Nest] 25576  - [39m22/09/2026, 22:27:56 [32m    LOG[39m [38;5;3m[RouterExplorer] [39m[32mMapped {/api/v1/reservations/:id/timeline, GET} route[39m[38;5;3m +0ms[39m
[32m[Nest] 25576  - [39m22/09/2026, 22:27:56 [32m    LOG[39m [38;5;3m[RouterExplorer] [39m[32mMapped {/api/v1/reservations/:id/status, PATCH} route[39m[38;5;3m +0ms[39m
[32m[Nest] 25576  - [39m22/09/2026, 22:27:56 [32m    LOG[39m [38;5;3m[RoutesResolver] [39m[32mSaleController {/api/v1/sales}:[39m[38;5;3m +0ms[39m
[32m[Nest] 25576  - [39m22/09/2026, 22:27:56 [32m    LOG[39m [38;5;3m[RouterExplorer] [39m[32mMapped {/api/v1/sales, GET} route[39m[38;5;3m +0ms[39m
[32m[Nest] 25576  - [39m22/09/2026, 22:27:56 [32m    LOG[39m [38;5;3m[RouterExplorer] [39m[32mMapped {/api/v1/sales/:id, GET} route[39m[38;5;3m +0ms[39m
[32m[Nest] 25576  - [39m22/09/2026, 22:27:56 [32m    LOG[39m [38;5;3m[RouterExplorer] [39m[32mMapped {/api/v1/sales, POST} route[39m[38;5;3m +0ms[39m
[32m[Nest] 25576  - [39m22/09/2026, 22:27:56 [32m    LOG[39m [38;5;3m[RouterExplorer] [39m[32mMapped {/api/v1/sales/:id/status, PATCH} route[39m[38;5;3m +0ms[39m
[32m[Nest] 25576  - [39m22/09/2026, 22:27:56 [32m    LOG[39m [38;5;3m[RoutesResolver] [39m[32mPaymentController {/api/v1/payments}:[39m[38;5;3m +0ms[39m
[32m[Nest] 25576  - [39m22/09/2026, 22:27:56 [32m    LOG[39m [38;5;3m[RouterExplorer] [39m[32mMapped {/api/v1/payments, POST} route[39m[38;5;3m +0ms[39m
[32m[Nest] 25576  - [39m22/09/2026, 22:27:56 [32m    LOG[39m [38;5;3m[RouterExplorer] [39m[32mMapped {/api/v1/payments, GET} route[39m[38;5;3m +0ms[39m
[32m[Nest] 25576  - [39m22/09/2026, 22:27:56 [32m    LOG[39m [38;5;3m[RouterExplorer] [39m[32mMapped {/api/v1/payments/:id, GET} route[39m[38;5;3m +0ms[39m
[32m[Nest] 25576  - [39m22/09/2026, 22:27:56 [32m    LOG[39m [38;5;3m[RouterExplorer] [39m[32mMapped {/api/v1/payments/:id/verify, PATCH} route[39m[38;5;3m +1ms[39m
[32m[Nest] 25576  - [39m22/09/2026, 22:27:56 [32m    LOG[39m [38;5;3m[RouterExplorer] [39m[32mMapped {/api/v1/payments/:id/reject, PATCH} route[39m[38;5;3m +0ms[39m
[32m[Nest] 25576  - [39m22/09/2026, 22:27:56 [32m    LOG[39m [38;5;3m[RoutesResolver] [39m[32mInspectionController {/api/v1/inspections}:[39m[38;5;3m +0ms[39m
[32m[Nest] 25576  - [39m22/09/2026, 22:27:56 [32m    LOG[39m [38;5;3m[RouterExplorer] [39m[32mMapped {/api/v1/inspections, POST} route[39m[38;5;3m +0ms[39m
[32m[Nest] 25576  - [39m22/09/2026, 22:27:56 [32m    LOG[39m [38;5;3m[RouterExplorer] [39m[32mMapped {/api/v1/inspections, GET} route[39m[38;5;3m +0ms[39m
[32m[Nest] 25576  - [39m22/09/2026, 22:27:56 [32m    LOG[39m [38;5;3m[RouterExplorer] [39m[32mMapped {/api/v1/inspections/:id, GET} route[39m[38;5;3m +0ms[39m
[32m[Nest] 25576  - [39m22/09/2026, 22:27:56 [32m    LOG[39m [38;5;3m[RouterExplorer] [39m[32mMapped {/api/v1/inspections/:id/start, PATCH} route[39m[38;5;3m +0ms[39m
[32m[Nest] 25576  - [39m22/09/2026, 22:27:56 [32m    LOG[39m [38;5;3m[RouterExplorer] [39m[32mMapped {/api/v1/inspections/:id/complete, PATCH} route[39m[38;5;3m +0ms[39m
[32m[Nest] 25576  - [39m22/09/2026, 22:27:56 [32m    LOG[39m [38;5;3m[RouterExplorer] [39m[32mMapped {/api/v1/inspections/:id/cancel, PATCH} route[39m[38;5;3m +0ms[39m
[32m[Nest] 25576  - [39m22/09/2026, 22:27:56 [32m    LOG[39m [38;5;3m[RouterExplorer] [39m[32mMapped {/api/v1/inspections/:id/fail, PATCH} route[39m[38;5;3m +0ms[39m
[32m[Nest] 25576  - [39m22/09/2026, 22:27:56 [32m    LOG[39m [38;5;3m[RoutesResolver] [39m[32mDocumentController {/api/v1/documents}:[39m[38;5;3m +0ms[39m
[32m[Nest] 25576  - [39m22/09/2026, 22:27:56 [32m    LOG[39m [38;5;3m[RouterExplorer] [39m[32mMapped {/api/v1/documents/upload, POST} route[39m[38;5;3m +0ms[39m
[32m[Nest] 25576  - [39m22/09/2026, 22:27:56 [32m    LOG[39m [38;5;3m[RouterExplorer] [39m[32mMapped {/api/v1/documents, GET} route[39m[38;5;3m +0ms[39m
[32m[Nest] 25576  - [39m22/09/2026, 22:27:56 [32m    LOG[39m [38;5;3m[RouterExplorer] [39m[32mMapped {/api/v1/documents/:id, GET} route[39m[38;5;3m +0ms[39m
[32m[Nest] 25576  - [39m22/09/2026, 22:27:56 [32m    LOG[39m [38;5;3m[RouterExplorer] [39m[32mMapped {/api/v1/documents/:id/download, GET} route[39m[38;5;3m +0ms[39m
[32m[Nest] 25576  - [39m22/09/2026, 22:27:56 [32m    LOG[39m [38;5;3m[RouterExplorer] [39m[32mMapped {/api/v1/documents/:id/status, PATCH} route[39m[38;5;3m +0ms[39m
[32m[Nest] 25576  - [39m22/09/2026, 22:27:56 [32m    LOG[39m [38;5;3m[RouterExplorer] [39m[32mMapped {/api/v1/documents/:id, DELETE} route[39m[38;5;3m +1ms[39m
[32m[Nest] 25576  - [39m22/09/2026, 22:27:56 [32m    LOG[39m [38;5;3m[RoutesResolver] [39m[32mEmployeeController {/api/v1/employees}:[39m[38;5;3m +0ms[39m
[32m[Nest] 25576  - [39m22/09/2026, 22:27:56 [32m    LOG[39m [38;5;3m[RouterExplorer] [39m[32mMapped {/api/v1/employees, GET} route[39m[38;5;3m +0ms[39m
[32m[Nest] 25576  - [39m22/09/2026, 22:27:56 [32m    LOG[39m [38;5;3m[RouterExplorer] [39m[32mMapped {/api/v1/employees/departments, GET} route[39m[38;5;3m +0ms[39m
[32m[Nest] 25576  - [39m22/09/2026, 22:27:56 [32m    LOG[39m [38;5;3m[RouterExplorer] [39m[32mMapped {/api/v1/employees/roles, GET} route[39m[38;5;3m +0ms[39m
[32m[Nest] 25576  - [39m22/09/2026, 22:27:56 [32m    LOG[39m [38;5;3m[RouterExplorer] [39m[32mMapped {/api/v1/employees/:id, GET} route[39m[38;5;3m +0ms[39m
[32m[Nest] 25576  - [39m22/09/2026, 22:27:56 [32m    LOG[39m [38;5;3m[RouterExplorer] [39m[32mMapped {/api/v1/employees, POST} route[39m[38;5;3m +0ms[39m
[32m[Nest] 25576  - [39m22/09/2026, 22:27:56 [32m    LOG[39m [38;5;3m[RouterExplorer] [39m[32mMapped {/api/v1/employees/:id, PATCH} route[39m[38;5;3m +0ms[39m
[32m[Nest] 25576  - [39m22/09/2026, 22:27:56 [32m    LOG[39m [38;5;3m[RouterExplorer] [39m[32mMapped {/api/v1/employees/:id, DELETE} route[39m[38;5;3m +0ms[39m
[32m[Nest] 25576  - [39m22/09/2026, 22:27:56 [32m    LOG[39m [38;5;3m[RouterExplorer] [39m[32mMapped {/api/v1/employees/:id/roles, POST} route[39m[38;5;3m +0ms[39m
[32m[Nest] 25576  - [39m22/09/2026, 22:27:56 [32m    LOG[39m [38;5;3m[RouterExplorer] [39m[32mMapped {/api/v1/employees/:id/roles/remove, POST} route[39m[38;5;3m +0ms[39m
[32m[Nest] 25576  - [39m22/09/2026, 22:27:56 [32m    LOG[39m [38;5;3m[RoutesResolver] [39m[32mVendorController {/api/v1/vendors}:[39m[38;5;3m +0ms[39m
[32m[Nest] 25576  - [39m22/09/2026, 22:27:56 [32m    LOG[39m [38;5;3m[RoutesResolver] [39m[32mAppointmentController {/api/v1/appointments}:[39m[38;5;3m +0ms[39m
[32m[Nest] 25576  - [39m22/09/2026, 22:27:56 [32m    LOG[39m [38;5;3m[RoutesResolver] [39m[32mNotificationController {/api/v1/notifications}:[39m[38;5;3m +0ms[39m
[32m[Nest] 25576  - [39m22/09/2026, 22:27:56 [32m    LOG[39m [38;5;3m[RoutesResolver] [39m[32mAiController {/api/v1/ai}:[39m[38;5;3m +0ms[39m
[32m[Nest] 25576  - [39m22/09/2026, 22:27:56 [32m    LOG[39m [38;5;3m[RoutesResolver] [39m[32mDashboardController {/api/v1/dashboard}:[39m[38;5;3m +0ms[39m
[32m[Nest] 25576  - [39m22/09/2026, 22:27:56 [32m    LOG[39m [38;5;3m[RouterExplorer] [39m[32mMapped {/api/v1/dashboard/stats, GET} route[39m[38;5;3m +0ms[39m
[32m[Nest] 25576  - [39m22/09/2026, 22:27:56 [32m    LOG[39m [38;5;3m[RoutesResolver] [39m[32mPosterController {/api/v1/posters}:[39m[38;5;3m +0ms[39m
[32m[Nest] 25576  - [39m22/09/2026, 22:27:56 [32m    LOG[39m [38;5;3m[RouterExplorer] [39m[32mMapped {/api/v1/posters/public, GET} route[39m[38;5;3m +0ms[39m
[32m[Nest] 25576  - [39m22/09/2026, 22:27:56 [32m    LOG[39m [38;5;3m[RouterExplorer] [39m[32mMapped {/api/v1/posters, GET} route[39m[38;5;3m +0ms[39m
[32m[Nest] 25576  - [39m22/09/2026, 22:27:56 [32m    LOG[39m [38;5;3m[RouterExplorer] [39m[32mMapped {/api/v1/posters, POST} route[39m[38;5;3m +0ms[39m
[32m[Nest] 25576  - [39m22/09/2026, 22:27:56 [32m    LOG[39m [38;5;3m[RouterExplorer] [39m[32mMapped {/api/v1/posters/:id, PATCH} route[39m[38;5;3m +1ms[39m
[32m[Nest] 25576  - [39m22/09/2026, 22:27:56 [32m    LOG[39m [38;5;3m[RouterExplorer] [39m[32mMapped {/api/v1/posters/:id/toggle, PATCH} route[39m[38;5;3m +0ms[39m
[32m[Nest] 25576  - [39m22/09/2026, 22:27:56 [32m    LOG[39m [38;5;3m[RouterExplorer] [39m[32mMapped {/api/v1/posters/:id, DELETE} route[39m[38;5;3m +0ms[39m
[32m[Nest] 25576  - [39m22/09/2026, 22:27:58 [32m    LOG[39m [38;5;3m[PrismaService] [39m[32mDatabase connected[39m
[32m[Nest] 25576  - [39m22/09/2026, 22:27:58 [32m    LOG[39m [38;5;3m[NestApplication] [39m[32mNest application successfully started[39m[38;5;3m +4ms[39m
[31m[Nest] 25576  - [39m22/09/2026, 22:27:58 [31m  ERROR[39m [38;5;3m[NestApplication] [39m[31mError: listen EADDRINUSE: address already in use :::4000[39m[38;5;3m +2ms[39m
node:net:1941
    const ex = new UVExceptionWithHostPort(err, 'listen', address, port);
               ^

Error: listen EADDRINUSE: address already in use :::4000
    at Server.setupListenHandle [as _listen2] (node:net:1941:16)
    at listenInCluster (node:net:1998:12)
    at Server.listen (node:net:2103:7)
    at ExpressAdapter.listen (C:\Users\david\Desktop\Projects\Ndukego Homes Gallery Project\node_modules\.pnpm\@nestjs+platform-express@11.1.28_@nestjs+common@11.1.28_class-transformer@0.5.1_class-validat_tmrpyvfpavunwigoq4yf4m43ry\node_modules\@nestjs\platform-express\adapters\express-adapter.js:115:32)
    at C:\Users\david\Desktop\Projects\Ndukego Homes Gallery Project\node_modules\.pnpm\@nestjs+core@11.1.28_@nestjs+common@11.1.28_class-transformer@0.5.1_class-validator@0.14.4_re_jbbxms5qftvp4gp3vkdoquda7y\node_modules\@nestjs\core\nest-application.js:190:30
    at new Promise (<anonymous>)
    at NestApplication.listen (C:\Users\david\Desktop\Projects\Ndukego Homes Gallery Project\node_modules\.pnpm\@nestjs+core@11.1.28_@nestjs+common@11.1.28_class-transformer@0.5.1_class-validator@0.14.4_re_jbbxms5qftvp4gp3vkdoquda7y\node_modules\@nestjs\core\nest-application.js:180:16)
    at async bootstrap (C:\Users\david\Desktop\Projects\Ndukego Homes Gallery Project\apps\api\src\main.ts:85:3) {
  code: 'EADDRINUSE',
  errno: -4091,
  syscall: 'listen',
  address: '::',
  port: 4000
}

Node.js v22.23.1
[2J[3J[H[[90m22:31:12[0m] File change detected. Starting incremental compilation...

[[90m22:31:15[0m] Found 0 errors. Watching for file changes.

[32m[Nest] 7260  - [39m22/09/2026, 22:31:16 [32m    LOG[39m [38;5;3m[NestFactory] [39m[32mStarting Nest application...[39m
[32m[Nest] 7260  - [39m22/09/2026, 22:31:17 [32m    LOG[39m [38;5;3m[InstanceLoader] [39m[32mPrismaModule dependencies initialized[39m[38;5;3m +33ms[39m
[32m[Nest] 7260  - [39m22/09/2026, 22:31:17 [32m    LOG[39m [38;5;3m[InstanceLoader] [39m[32mPassportModule dependencies initialized[39m[38;5;3m +0ms[39m
[32m[Nest] 7260  - [39m22/09/2026, 22:31:17 [32m    LOG[39m [38;5;3m[InstanceLoader] [39m[32mConfigHostModule dependencies initialized[39m[38;5;3m +8ms[39m
[32m[Nest] 7260  - [39m22/09/2026, 22:31:17 [32m    LOG[39m [38;5;3m[InstanceLoader] [39m[32mThrottlerModule dependencies initialized[39m[38;5;3m +0ms[39m
[33m[Nest] 7260  - [39m22/09/2026, 22:31:17 [33m   WARN[39m [38;5;3m[EmailService] [39m[33mSMTP not configured — emails will be logged to console. Set SMTP_HOST, SMTP_USER, SMTP_PASS in .env to enable sending.[39m
[32m[Nest] 7260  - [39m22/09/2026, 22:31:17 [32m    LOG[39m [38;5;3m[InstanceLoader] [39m[32mConfigModule dependencies initialized[39m[38;5;3m +1ms[39m
[32m[Nest] 7260  - [39m22/09/2026, 22:31:17 [32m    LOG[39m [38;5;3m[InstanceLoader] [39m[32mConfigModule dependencies initialized[39m[38;5;3m +0ms[39m
[32m[Nest] 7260  - [39m22/09/2026, 22:31:17 [32m    LOG[39m [38;5;3m[InstanceLoader] [39m[32mNotificationModule dependencies initialized[39m[38;5;3m +1ms[39m
[32m[Nest] 7260  - [39m22/09/2026, 22:31:17 [32m    LOG[39m [38;5;3m[InstanceLoader] [39m[32mAiModule dependencies initialized[39m[38;5;3m +0ms[39m
[32m[Nest] 7260  - [39m22/09/2026, 22:31:17 [32m    LOG[39m [38;5;3m[InstanceLoader] [39m[32mEmailModule dependencies initialized[39m[38;5;3m +0ms[39m
[32m[Nest] 7260  - [39m22/09/2026, 22:31:17 [32m    LOG[39m [38;5;3m[InstanceLoader] [39m[32mStorageModule dependencies initialized[39m[38;5;3m +0ms[39m
[32m[Nest] 7260  - [39m22/09/2026, 22:31:17 [32m    LOG[39m [38;5;3m[InstanceLoader] [39m[32mJwtModule dependencies initialized[39m[38;5;3m +1ms[39m
[32m[Nest] 7260  - [39m22/09/2026, 22:31:17 [32m    LOG[39m [38;5;3m[InstanceLoader] [39m[32mVendorModule dependencies initialized[39m[38;5;3m +1ms[39m
[32m[Nest] 7260  - [39m22/09/2026, 22:31:17 [32m    LOG[39m [38;5;3m[InstanceLoader] [39m[32mAppointmentModule dependencies initialized[39m[38;5;3m +0ms[39m
[32m[Nest] 7260  - [39m22/09/2026, 22:31:17 [32m    LOG[39m [38;5;3m[InstanceLoader] [39m[32mEmployeeModule dependencies initialized[39m[38;5;3m +1ms[39m
[32m[Nest] 7260  - [39m22/09/2026, 22:31:17 [32m    LOG[39m [38;5;3m[InstanceLoader] [39m[32mDashboardModule dependencies initialized[39m[38;5;3m +0ms[39m
[32m[Nest] 7260  - [39m22/09/2026, 22:31:17 [32m    LOG[39m [38;5;3m[InstanceLoader] [39m[32mAuditModule dependencies initialized[39m[38;5;3m +0ms[39m
[32m[Nest] 7260  - [39m22/09/2026, 22:31:17 [32m    LOG[39m [38;5;3m[InstanceLoader] [39m[32mAppModule dependencies initialized[39m[38;5;3m +0ms[39m
[32m[Nest] 7260  - [39m22/09/2026, 22:31:17 [32m    LOG[39m [38;5;3m[InstanceLoader] [39m[32mCustomerModule dependencies initialized[39m[38;5;3m +0ms[39m
[32m[Nest] 7260  - [39m22/09/2026, 22:31:17 [32m    LOG[39m [38;5;3m[InstanceLoader] [39m[32mSaleModule dependencies initialized[39m[38;5;3m +0ms[39m
[32m[Nest] 7260  - [39m22/09/2026, 22:31:17 [32m    LOG[39m [38;5;3m[InstanceLoader] [39m[32mPaymentModule dependencies initialized[39m[38;5;3m +0ms[39m
[32m[Nest] 7260  - [39m22/09/2026, 22:31:17 [32m    LOG[39m [38;5;3m[InstanceLoader] [39m[32mInspectionModule dependencies initialized[39m[38;5;3m +0ms[39m
[32m[Nest] 7260  - [39m22/09/2026, 22:31:17 [32m    LOG[39m [38;5;3m[InstanceLoader] [39m[32mCompanyModule dependencies initialized[39m[38;5;3m +0ms[39m
[32m[Nest] 7260  - [39m22/09/2026, 22:31:17 [32m    LOG[39m [38;5;3m[InstanceLoader] [39m[32mReservationModule dependencies initialized[39m[38;5;3m +0ms[39m
[32m[Nest] 7260  - [39m22/09/2026, 22:31:17 [32m    LOG[39m [38;5;3m[InstanceLoader] [39m[32mDocumentModule dependencies initialized[39m[38;5;3m +0ms[39m
[32m[Nest] 7260  - [39m22/09/2026, 22:31:17 [32m    LOG[39m [38;5;3m[InstanceLoader] [39m[32mEstateModule dependencies initialized[39m[38;5;3m +0ms[39m
[32m[Nest] 7260  - [39m22/09/2026, 22:31:17 [32m    LOG[39m [38;5;3m[InstanceLoader] [39m[32mPropertyModule dependencies initialized[39m[38;5;3m +0ms[39m
[32m[Nest] 7260  - [39m22/09/2026, 22:31:17 [32m    LOG[39m [38;5;3m[InstanceLoader] [39m[32mPosterModule dependencies initialized[39m[38;5;3m +0ms[39m
[32m[Nest] 7260  - [39m22/09/2026, 22:31:17 [32m    LOG[39m [38;5;3m[InstanceLoader] [39m[32mAuthModule dependencies initialized[39m[38;5;3m +1ms[39m
[32m[Nest] 7260  - [39m22/09/2026, 22:31:17 [32m    LOG[39m [38;5;3m[RoutesResolver] [39m[32mHealthController {/api/v1/health}:[39m[38;5;3m +495ms[39m
[32m[Nest] 7260  - [39m22/09/2026, 22:31:17 [32m    LOG[39m [38;5;3m[RouterExplorer] [39m[32mMapped {/api/v1/health, GET} route[39m[38;5;3m +2ms[39m
[32m[Nest] 7260  - [39m22/09/2026, 22:31:17 [32m    LOG[39m [38;5;3m[RoutesResolver] [39m[32mAuditController {/api/v1/audit-logs}:[39m[38;5;3m +0ms[39m
[32m[Nest] 7260  - [39m22/09/2026, 22:31:17 [32m    LOG[39m [38;5;3m[RouterExplorer] [39m[32mMapped {/api/v1/audit-logs, GET} route[39m[38;5;3m +0ms[39m
[32m[Nest] 7260  - [39m22/09/2026, 22:31:17 [32m    LOG[39m [38;5;3m[RoutesResolver] [39m[32mAuthController {/api/v1/auth}:[39m[38;5;3m +0ms[39m
[32m[Nest] 7260  - [39m22/09/2026, 22:31:17 [32m    LOG[39m [38;5;3m[RouterExplorer] [39m[32mMapped {/api/v1/auth/login, POST} route[39m[38;5;3m +1ms[39m
[32m[Nest] 7260  - [39m22/09/2026, 22:31:17 [32m    LOG[39m [38;5;3m[RouterExplorer] [39m[32mMapped {/api/v1/auth/refresh, POST} route[39m[38;5;3m +0ms[39m
[32m[Nest] 7260  - [39m22/09/2026, 22:31:17 [32m    LOG[39m [38;5;3m[RouterExplorer] [39m[32mMapped {/api/v1/auth/logout, POST} route[39m[38;5;3m +0ms[39m
[32m[Nest] 7260  - [39m22/09/2026, 22:31:17 [32m    LOG[39m [38;5;3m[RouterExplorer] [39m[32mMapped {/api/v1/auth/change-password, POST} route[39m[38;5;3m +0ms[39m
[32m[Nest] 7260  - [39m22/09/2026, 22:31:17 [32m    LOG[39m [38;5;3m[RouterExplorer] [39m[32mMapped {/api/v1/auth/me, POST} route[39m[38;5;3m +1ms[39m
[32m[Nest] 7260  - [39m22/09/2026, 22:31:17 [32m    LOG[39m [38;5;3m[RouterExplorer] [39m[32mMapped {/api/v1/auth/super/login, POST} route[39m[38;5;3m +0ms[39m
[32m[Nest] 7260  - [39m22/09/2026, 22:31:17 [32m    LOG[39m [38;5;3m[RouterExplorer] [39m[32mMapped {/api/v1/auth/customer/register, POST} route[39m[38;5;3m +0ms[39m
[32m[Nest] 7260  - [39m22/09/2026, 22:31:17 [32m    LOG[39m [38;5;3m[RouterExplorer] [39m[32mMapped {/api/v1/auth/customer/login, POST} route[39m[38;5;3m +0ms[39m
[32m[Nest] 7260  - [39m22/09/2026, 22:31:17 [32m    LOG[39m [38;5;3m[RouterExplorer] [39m[32mMapped {/api/v1/auth/customer/me, GET} route[39m[38;5;3m +0ms[39m
[32m[Nest] 7260  - [39m22/09/2026, 22:31:17 [32m    LOG[39m [38;5;3m[RouterExplorer] [39m[32mMapped {/api/v1/auth/customer/profile, PATCH} route[39m[38;5;3m +1ms[39m
[32m[Nest] 7260  - [39m22/09/2026, 22:31:17 [32m    LOG[39m [38;5;3m[RoutesResolver] [39m[32mCompanyController {/api/v1/companies}:[39m[38;5;3m +0ms[39m
[32m[Nest] 7260  - [39m22/09/2026, 22:31:17 [32m    LOG[39m [38;5;3m[RouterExplorer] [39m[32mMapped {/api/v1/companies, POST} route[39m[38;5;3m +0ms[39m
[32m[Nest] 7260  - [39m22/09/2026, 22:31:17 [32m    LOG[39m [38;5;3m[RouterExplorer] [39m[32mMapped {/api/v1/companies, GET} route[39m[38;5;3m +0ms[39m
[32m[Nest] 7260  - [39m22/09/2026, 22:31:17 [32m    LOG[39m [38;5;3m[RouterExplorer] [39m[32mMapped {/api/v1/companies/departments, GET} route[39m[38;5;3m +0ms[39m
[32m[Nest] 7260  - [39m22/09/2026, 22:31:17 [32m    LOG[39m [38;5;3m[RouterExplorer] [39m[32mMapped {/api/v1/companies/:id, GET} route[39m[38;5;3m +0ms[39m
[32m[Nest] 7260  - [39m22/09/2026, 22:31:17 [32m    LOG[39m [38;5;3m[RouterExplorer] [39m[32mMapped {/api/v1/companies/:id, PATCH} route[39m[38;5;3m +0ms[39m
[32m[Nest] 7260  - [39m22/09/2026, 22:31:17 [32m    LOG[39m [38;5;3m[RouterExplorer] [39m[32mMapped {/api/v1/companies/:id/branches, POST} route[39m[38;5;3m +1ms[39m
[32m[Nest] 7260  - [39m22/09/2026, 22:31:17 [32m    LOG[39m [38;5;3m[RouterExplorer] [39m[32mMapped {/api/v1/companies/branches/:branchId, PATCH} route[39m[38;5;3m +1ms[39m
[32m[Nest] 7260  - [39m22/09/2026, 22:31:17 [32m    LOG[39m [38;5;3m[RouterExplorer] [39m[32mMapped {/api/v1/companies/branches/:branchId, DELETE} route[39m[38;5;3m +1ms[39m
[32m[Nest] 7260  - [39m22/09/2026, 22:31:17 [32m    LOG[39m [38;5;3m[RouterExplorer] [39m[32mMapped {/api/v1/companies/departments, POST} route[39m[38;5;3m +0ms[39m
[32m[Nest] 7260  - [39m22/09/2026, 22:31:17 [32m    LOG[39m [38;5;3m[RouterExplorer] [39m[32mMapped {/api/v1/companies/departments/:id, PATCH} route[39m[38;5;3m +0ms[39m
[32m[Nest] 7260  - [39m22/09/2026, 22:31:17 [32m    LOG[39m [38;5;3m[RouterExplorer] [39m[32mMapped {/api/v1/companies/departments/:id, DELETE} route[39m[38;5;3m +0ms[39m
[32m[Nest] 7260  - [39m22/09/2026, 22:31:17 [32m    LOG[39m [38;5;3m[RoutesResolver] [39m[32mEstateController {/api/v1/estates}:[39m[38;5;3m +0ms[39m
[32m[Nest] 7260  - [39m22/09/2026, 22:31:17 [32m    LOG[39m [38;5;3m[RouterExplorer] [39m[32mMapped {/api/v1/estates/public, GET} route[39m[38;5;3m +0ms[39m
[32m[Nest] 7260  - [39m22/09/2026, 22:31:17 [32m    LOG[39m [38;5;3m[RouterExplorer] [39m[32mMapped {/api/v1/estates, GET} route[39m[38;5;3m +0ms[39m
[32m[Nest] 7260  - [39m22/09/2026, 22:31:17 [32m    LOG[39m [38;5;3m[RouterExplorer] [39m[32mMapped {/api/v1/estates/:id, GET} route[39m[38;5;3m +0ms[39m
[32m[Nest] 7260  - [39m22/09/2026, 22:31:17 [32m    LOG[39m [38;5;3m[RouterExplorer] [39m[32mMapped {/api/v1/estates, POST} route[39m[38;5;3m +0ms[39m
[32m[Nest] 7260  - [39m22/09/2026, 22:31:17 [32m    LOG[39m [38;5;3m[RouterExplorer] [39m[32mMapped {/api/v1/estates/:id, PATCH} route[39m[38;5;3m +0ms[39m
[32m[Nest] 7260  - [39m22/09/2026, 22:31:17 [32m    LOG[39m [38;5;3m[RouterExplorer] [39m[32mMapped {/api/v1/estates/:id/phases, POST} route[39m[38;5;3m +0ms[39m
[32m[Nest] 7260  - [39m22/09/2026, 22:31:17 [32m    LOG[39m [38;5;3m[RouterExplorer] [39m[32mMapped {/api/v1/estates/:id/blocks, POST} route[39m[38;5;3m +0ms[39m
[32m[Nest] 7260  - [39m22/09/2026, 22:31:17 [32m    LOG[39m [38;5;3m[RouterExplorer] [39m[32mMapped {/api/v1/estates/:id/infrastructure, POST} route[39m[38;5;3m +1ms[39m
[32m[Nest] 7260  - [39m22/09/2026, 22:31:17 [32m    LOG[39m [38;5;3m[RouterExplorer] [39m[32mMapped {/api/v1/estates/:id/site-plan, POST} route[39m[38;5;3m +0ms[39m
[32m[Nest] 7260  - [39m22/09/2026, 22:31:17 [32m    LOG[39m [38;5;3m[RouterExplorer] [39m[32mMapped {/api/v1/estates/:id/building-types, PATCH} route[39m[38;5;3m +0ms[39m
[32m[Nest] 7260  - [39m22/09/2026, 22:31:17 [32m    LOG[39m [38;5;3m[RouterExplorer] [39m[32mMapped {/api/v1/estates/:id/building-type-image/:typeId, POST} route[39m[38;5;3m +0ms[39m
[32m[Nest] 7260  - [39m22/09/2026, 22:31:17 [32m    LOG[39m [38;5;3m[RouterExplorer] [39m[32mMapped {/api/v1/estates/:id/building-type-image/:typeId/:filename, DELETE} route[39m[38;5;3m +0ms[39m
[32m[Nest] 7260  - [39m22/09/2026, 22:31:17 [32m    LOG[39m [38;5;3m[RouterExplorer] [39m[32mMapped {/api/v1/estates/:id/permanent, DELETE} route[39m[38;5;3m +0ms[39m
[32m[Nest] 7260  - [39m22/09/2026, 22:31:17 [32m    LOG[39m [38;5;3m[RoutesResolver] [39m[32mPropertyController {/api/v1/properties}:[39m[38;5;3m +0ms[39m
[32m[Nest] 7260  - [39m22/09/2026, 22:31:17 [32m    LOG[39m [38;5;3m[RouterExplorer] [39m[32mMapped {/api/v1/properties/public, GET} route[39m[38;5;3m +0ms[39m
[32m[Nest] 7260  - [39m22/09/2026, 22:31:17 [32m    LOG[39m [38;5;3m[RouterExplorer] [39m[32mMapped {/api/v1/properties/public/:id, GET} route[39m[38;5;3m +0ms[39m
[32m[Nest] 7260  - [39m22/09/2026, 22:31:17 [32m    LOG[39m [38;5;3m[RouterExplorer] [39m[32mMapped {/api/v1/properties/public/inquiry, POST} route[39m[38;5;3m +0ms[39m
[32m[Nest] 7260  - [39m22/09/2026, 22:31:17 [32m    LOG[39m [38;5;3m[RouterExplorer] [39m[32mMapped {/api/v1/properties, GET} route[39m[38;5;3m +0ms[39m
[32m[Nest] 7260  - [39m22/09/2026, 22:31:17 [32m    LOG[39m [38;5;3m[RouterExplorer] [39m[32mMapped {/api/v1/properties/admin/inquiries, GET} route[39m[38;5;3m +0ms[39m
[32m[Nest] 7260  - [39m22/09/2026, 22:31:17 [32m    LOG[39m [38;5;3m[RouterExplorer] [39m[32mMapped {/api/v1/properties/admin/inquiries/:id/status, PATCH} route[39m[38;5;3m +1ms[39m
[32m[Nest] 7260  - [39m22/09/2026, 22:31:17 [32m    LOG[39m [38;5;3m[RouterExplorer] [39m[32mMapped {/api/v1/properties/admin/inquiries/:id/notes, PATCH} route[39m[38;5;3m +0ms[39m
[32m[Nest] 7260  - [39m22/09/2026, 22:31:17 [32m    LOG[39m [38;5;3m[RouterExplorer] [39m[32mMapped {/api/v1/properties/admin/inquiries/:id/convert, POST} route[39m[38;5;3m +0ms[39m
[32m[Nest] 7260  - [39m22/09/2026, 22:31:17 [32m    LOG[39m [38;5;3m[RouterExplorer] [39m[32mMapped {/api/v1/properties/:id, GET} route[39m[38;5;3m +0ms[39m
[32m[Nest] 7260  - [39m22/09/2026, 22:31:17 [32m    LOG[39m [38;5;3m[RouterExplorer] [39m[32mMapped {/api/v1/properties, POST} route[39m[38;5;3m +0ms[39m
[32m[Nest] 7260  - [39m22/09/2026, 22:31:17 [32m    LOG[39m [38;5;3m[RouterExplorer] [39m[32mMapped {/api/v1/properties/:id, PATCH} route[39m[38;5;3m +0ms[39m
[32m[Nest] 7260  - [39m22/09/2026, 22:31:17 [32m    LOG[39m [38;5;3m[RouterExplorer] [39m[32mMapped {/api/v1/properties/:id/status, POST} route[39m[38;5;3m +0ms[39m
[32m[Nest] 7260  - [39m22/09/2026, 22:31:17 [32m    LOG[39m [38;5;3m[RouterExplorer] [39m[32mMapped {/api/v1/properties/:id, DELETE} route[39m[38;5;3m +0ms[39m
[32m[Nest] 7260  - [39m22/09/2026, 22:31:17 [32m    LOG[39m [38;5;3m[RouterExplorer] [39m[32mMapped {/api/v1/properties/:id/permanent, DELETE} route[39m[38;5;3m +0ms[39m
[32m[Nest] 7260  - [39m22/09/2026, 22:31:17 [32m    LOG[39m [38;5;3m[RouterExplorer] [39m[32mMapped {/api/v1/properties/:id/media, POST} route[39m[38;5;3m +0ms[39m
[32m[Nest] 7260  - [39m22/09/2026, 22:31:17 [32m    LOG[39m [38;5;3m[RouterExplorer] [39m[32mMapped {/api/v1/properties/:id/media/:mediaId, DELETE} route[39m[38;5;3m +0ms[39m
[32m[Nest] 7260  - [39m22/09/2026, 22:31:17 [32m    LOG[39m [38;5;3m[RouterExplorer] [39m[32mMapped {/api/v1/properties/:id/media/:mediaId/cover, PATCH} route[39m[38;5;3m +0ms[39m
[32m[Nest] 7260  - [39m22/09/2026, 22:31:17 [32m    LOG[39m [38;5;3m[RouterExplorer] [39m[32mMapped {/api/v1/properties/:id/favorite, POST} route[39m[38;5;3m +0ms[39m
[32m[Nest] 7260  - [39m22/09/2026, 22:31:17 [32m    LOG[39m [38;5;3m[RouterExplorer] [39m[32mMapped {/api/v1/properties/:id/favorite-status, GET} route[39m[38;5;3m +0ms[39m
[32m[Nest] 7260  - [39m22/09/2026, 22:31:17 [32m    LOG[39m [38;5;3m[RoutesResolver] [39m[32mCustomerController {/api/v1/customers}:[39m[38;5;3m +0ms[39m
[32m[Nest] 7260  - [39m22/09/2026, 22:31:17 [32m    LOG[39m [38;5;3m[RouterExplorer] [39m[32mMapped {/api/v1/customers, GET} route[39m[38;5;3m +1ms[39m
[32m[Nest] 7260  - [39m22/09/2026, 22:31:17 [32m    LOG[39m [38;5;3m[RouterExplorer] [39m[32mMapped {/api/v1/customers/:id, GET} route[39m[38;5;3m +0ms[39m
[32m[Nest] 7260  - [39m22/09/2026, 22:31:17 [32m    LOG[39m [38;5;3m[RouterExplorer] [39m[32mMapped {/api/v1/customers, POST} route[39m[38;5;3m +0ms[39m
[32m[Nest] 7260  - [39m22/09/2026, 22:31:17 [32m    LOG[39m [38;5;3m[RouterExplorer] [39m[32mMapped {/api/v1/customers/:id, PATCH} route[39m[38;5;3m +0ms[39m
[32m[Nest] 7260  - [39m22/09/2026, 22:31:17 [32m    LOG[39m [38;5;3m[RouterExplorer] [39m[32mMapped {/api/v1/customers/:id/deactivate, POST} route[39m[38;5;3m +0ms[39m
[32m[Nest] 7260  - [39m22/09/2026, 22:31:17 [32m    LOG[39m [38;5;3m[RouterExplorer] [39m[32mMapped {/api/v1/customers/:id/activate, POST} route[39m[38;5;3m +0ms[39m
[32m[Nest] 7260  - [39m22/09/2026, 22:31:17 [32m    LOG[39m [38;5;3m[RouterExplorer] [39m[32mMapped {/api/v1/customers/:id, DELETE} route[39m[38;5;3m +0ms[39m
[32m[Nest] 7260  - [39m22/09/2026, 22:31:17 [32m    LOG[39m [38;5;3m[RoutesResolver] [39m[32mReservationController {/api/v1/reservations}:[39m[38;5;3m +0ms[39m
[32m[Nest] 7260  - [39m22/09/2026, 22:31:17 [32m    LOG[39m [38;5;3m[RouterExplorer] [39m[32mMapped {/api/v1/reservations/public, POST} route[39m[38;5;3m +0ms[39m
[32m[Nest] 7260  - [39m22/09/2026, 22:31:17 [32m    LOG[39m [38;5;3m[RouterExplorer] [39m[32mMapped {/api/v1/reservations, GET} route[39m[38;5;3m +0ms[39m
[32m[Nest] 7260  - [39m22/09/2026, 22:31:17 [32m    LOG[39m [38;5;3m[RouterExplorer] [39m[32mMapped {/api/v1/reservations/mine, GET} route[39m[38;5;3m +1ms[39m
[32m[Nest] 7260  - [39m22/09/2026, 22:31:17 [32m    LOG[39m [38;5;3m[RouterExplorer] [39m[32mMapped {/api/v1/reservations/:id, GET} route[39m[38;5;3m +0ms[39m
[32m[Nest] 7260  - [39m22/09/2026, 22:31:17 [32m    LOG[39m [38;5;3m[RouterExplorer] [39m[32mMapped {/api/v1/reservations/:id/timeline, GET} route[39m[38;5;3m +0ms[39m
[32m[Nest] 7260  - [39m22/09/2026, 22:31:17 [32m    LOG[39m [38;5;3m[RouterExplorer] [39m[32mMapped {/api/v1/reservations/:id/status, PATCH} route[39m[38;5;3m +0ms[39m
[32m[Nest] 7260  - [39m22/09/2026, 22:31:17 [32m    LOG[39m [38;5;3m[RoutesResolver] [39m[32mSaleController {/api/v1/sales}:[39m[38;5;3m +0ms[39m
[32m[Nest] 7260  - [39m22/09/2026, 22:31:17 [32m    LOG[39m [38;5;3m[RouterExplorer] [39m[32mMapped {/api/v1/sales, GET} route[39m[38;5;3m +0ms[39m
[32m[Nest] 7260  - [39m22/09/2026, 22:31:17 [32m    LOG[39m [38;5;3m[RouterExplorer] [39m[32mMapped {/api/v1/sales/:id, GET} route[39m[38;5;3m +0ms[39m
[32m[Nest] 7260  - [39m22/09/2026, 22:31:17 [32m    LOG[39m [38;5;3m[RouterExplorer] [39m[32mMapped {/api/v1/sales, POST} route[39m[38;5;3m +0ms[39m
[32m[Nest] 7260  - [39m22/09/2026, 22:31:17 [32m    LOG[39m [38;5;3m[RouterExplorer] [39m[32mMapped {/api/v1/sales/:id/status, PATCH} route[39m[38;5;3m +0ms[39m
[32m[Nest] 7260  - [39m22/09/2026, 22:31:17 [32m    LOG[39m [38;5;3m[RoutesResolver] [39m[32mPaymentController {/api/v1/payments}:[39m[38;5;3m +0ms[39m
[32m[Nest] 7260  - [39m22/09/2026, 22:31:17 [32m    LOG[39m [38;5;3m[RouterExplorer] [39m[32mMapped {/api/v1/payments, POST} route[39m[38;5;3m +0ms[39m
[32m[Nest] 7260  - [39m22/09/2026, 22:31:17 [32m    LOG[39m [38;5;3m[RouterExplorer] [39m[32mMapped {/api/v1/payments, GET} route[39m[38;5;3m +0ms[39m
[32m[Nest] 7260  - [39m22/09/2026, 22:31:17 [32m    LOG[39m [38;5;3m[RouterExplorer] [39m[32mMapped {/api/v1/payments/:id, GET} route[39m[38;5;3m +0ms[39m
[32m[Nest] 7260  - [39m22/09/2026, 22:31:17 [32m    LOG[39m [38;5;3m[RouterExplorer] [39m[32mMapped {/api/v1/payments/:id/verify, PATCH} route[39m[38;5;3m +0ms[39m
[32m[Nest] 7260  - [39m22/09/2026, 22:31:17 [32m    LOG[39m [38;5;3m[RouterExplorer] [39m[32mMapped {/api/v1/payments/:id/reject, PATCH} route[39m[38;5;3m +0ms[39m
[32m[Nest] 7260  - [39m22/09/2026, 22:31:17 [32m    LOG[39m [38;5;3m[RoutesResolver] [39m[32mInspectionController {/api/v1/inspections}:[39m[38;5;3m +0ms[39m
[32m[Nest] 7260  - [39m22/09/2026, 22:31:17 [32m    LOG[39m [38;5;3m[RouterExplorer] [39m[32mMapped {/api/v1/inspections, POST} route[39m[38;5;3m +1ms[39m
[32m[Nest] 7260  - [39m22/09/2026, 22:31:17 [32m    LOG[39m [38;5;3m[RouterExplorer] [39m[32mMapped {/api/v1/inspections, GET} route[39m[38;5;3m +0ms[39m
[32m[Nest] 7260  - [39m22/09/2026, 22:31:17 [32m    LOG[39m [38;5;3m[RouterExplorer] [39m[32mMapped {/api/v1/inspections/:id, GET} route[39m[38;5;3m +0ms[39m
[32m[Nest] 7260  - [39m22/09/2026, 22:31:17 [32m    LOG[39m [38;5;3m[RouterExplorer] [39m[32mMapped {/api/v1/inspections/:id/start, PATCH} route[39m[38;5;3m +0ms[39m
[32m[Nest] 7260  - [39m22/09/2026, 22:31:17 [32m    LOG[39m [38;5;3m[RouterExplorer] [39m[32mMapped {/api/v1/inspections/:id/complete, PATCH} route[39m[38;5;3m +0ms[39m
[32m[Nest] 7260  - [39m22/09/2026, 22:31:17 [32m    LOG[39m [38;5;3m[RouterExplorer] [39m[32mMapped {/api/v1/inspections/:id/cancel, PATCH} route[39m[38;5;3m +0ms[39m
[32m[Nest] 7260  - [39m22/09/2026, 22:31:17 [32m    LOG[39m [38;5;3m[RouterExplorer] [39m[32mMapped {/api/v1/inspections/:id/fail, PATCH} route[39m[38;5;3m +0ms[39m
[32m[Nest] 7260  - [39m22/09/2026, 22:31:17 [32m    LOG[39m [38;5;3m[RoutesResolver] [39m[32mDocumentController {/api/v1/documents}:[39m[38;5;3m +0ms[39m
[32m[Nest] 7260  - [39m22/09/2026, 22:31:17 [32m    LOG[39m [38;5;3m[RouterExplorer] [39m[32mMapped {/api/v1/documents/upload, POST} route[39m[38;5;3m +0ms[39m
[32m[Nest] 7260  - [39m22/09/2026, 22:31:17 [32m    LOG[39m [38;5;3m[RouterExplorer] [39m[32mMapped {/api/v1/documents, GET} route[39m[38;5;3m +0ms[39m
[32m[Nest] 7260  - [39m22/09/2026, 22:31:17 [32m    LOG[39m [38;5;3m[RouterExplorer] [39m[32mMapped {/api/v1/documents/:id, GET} route[39m[38;5;3m +0ms[39m
[32m[Nest] 7260  - [39m22/09/2026, 22:31:17 [32m    LOG[39m [38;5;3m[RouterExplorer] [39m[32mMapped {/api/v1/documents/:id/download, GET} route[39m[38;5;3m +0ms[39m
[32m[Nest] 7260  - [39m22/09/2026, 22:31:17 [32m    LOG[39m [38;5;3m[RouterExplorer] [39m[32mMapped {/api/v1/documents/:id/status, PATCH} route[39m[38;5;3m +0ms[39m
[32m[Nest] 7260  - [39m22/09/2026, 22:31:17 [32m    LOG[39m [38;5;3m[RouterExplorer] [39m[32mMapped {/api/v1/documents/:id, DELETE} route[39m[38;5;3m +0ms[39m
[32m[Nest] 7260  - [39m22/09/2026, 22:31:17 [32m    LOG[39m [38;5;3m[RoutesResolver] [39m[32mEmployeeController {/api/v1/employees}:[39m[38;5;3m +0ms[39m
[32m[Nest] 7260  - [39m22/09/2026, 22:31:17 [32m    LOG[39m [38;5;3m[RouterExplorer] [39m[32mMapped {/api/v1/employees, GET} route[39m[38;5;3m +1ms[39m
[32m[Nest] 7260  - [39m22/09/2026, 22:31:17 [32m    LOG[39m [38;5;3m[RouterExplorer] [39m[32mMapped {/api/v1/employees/departments, GET} route[39m[38;5;3m +0ms[39m
[32m[Nest] 7260  - [39m22/09/2026, 22:31:17 [32m    LOG[39m [38;5;3m[RouterExplorer] [39m[32mMapped {/api/v1/employees/roles, GET} route[39m[38;5;3m +0ms[39m
[32m[Nest] 7260  - [39m22/09/2026, 22:31:17 [32m    LOG[39m [38;5;3m[RouterExplorer] [39m[32mMapped {/api/v1/employees/:id, GET} route[39m[38;5;3m +0ms[39m
[32m[Nest] 7260  - [39m22/09/2026, 22:31:17 [32m    LOG[39m [38;5;3m[RouterExplorer] [39m[32mMapped {/api/v1/employees, POST} route[39m[38;5;3m +0ms[39m
[32m[Nest] 7260  - [39m22/09/2026, 22:31:17 [32m    LOG[39m [38;5;3m[RouterExplorer] [39m[32mMapped {/api/v1/employees/:id, PATCH} route[39m[38;5;3m +0ms[39m
[32m[Nest] 7260  - [39m22/09/2026, 22:31:17 [32m    LOG[39m [38;5;3m[RouterExplorer] [39m[32mMapped {/api/v1/employees/:id, DELETE} route[39m[38;5;3m +0ms[39m
[32m[Nest] 7260  - [39m22/09/2026, 22:31:17 [32m    LOG[39m [38;5;3m[RouterExplorer] [39m[32mMapped {/api/v1/employees/:id/roles, POST} route[39m[38;5;3m +0ms[39m
[32m[Nest] 7260  - [39m22/09/2026, 22:31:17 [32m    LOG[39m [38;5;3m[RouterExplorer] [39m[32mMapped {/api/v1/employees/:id/roles/remove, POST} route[39m[38;5;3m +0ms[39m
[32m[Nest] 7260  - [39m22/09/2026, 22:31:17 [32m    LOG[39m [38;5;3m[RoutesResolver] [39m[32mVendorController {/api/v1/vendors}:[39m[38;5;3m +0ms[39m
[32m[Nest] 7260  - [39m22/09/2026, 22:31:17 [32m    LOG[39m [38;5;3m[RoutesResolver] [39m[32mAppointmentController {/api/v1/appointments}:[39m[38;5;3m +0ms[39m
[32m[Nest] 7260  - [39m22/09/2026, 22:31:17 [32m    LOG[39m [38;5;3m[RoutesResolver] [39m[32mNotificationController {/api/v1/notifications}:[39m[38;5;3m +0ms[39m
[32m[Nest] 7260  - [39m22/09/2026, 22:31:17 [32m    LOG[39m [38;5;3m[RoutesResolver] [39m[32mAiController {/api/v1/ai}:[39m[38;5;3m +0ms[39m
[32m[Nest] 7260  - [39m22/09/2026, 22:31:17 [32m    LOG[39m [38;5;3m[RoutesResolver] [39m[32mDashboardController {/api/v1/dashboard}:[39m[38;5;3m +0ms[39m
[32m[Nest] 7260  - [39m22/09/2026, 22:31:17 [32m    LOG[39m [38;5;3m[RouterExplorer] [39m[32mMapped {/api/v1/dashboard/stats, GET} route[39m[38;5;3m +0ms[39m
[32m[Nest] 7260  - [39m22/09/2026, 22:31:17 [32m    LOG[39m [38;5;3m[RoutesResolver] [39m[32mPosterController {/api/v1/posters}:[39m[38;5;3m +0ms[39m
[32m[Nest] 7260  - [39m22/09/2026, 22:31:17 [32m    LOG[39m [38;5;3m[RouterExplorer] [39m[32mMapped {/api/v1/posters/public, GET} route[39m[38;5;3m +0ms[39m
[32m[Nest] 7260  - [39m22/09/2026, 22:31:17 [32m    LOG[39m [38;5;3m[RouterExplorer] [39m[32mMapped {/api/v1/posters, GET} route[39m[38;5;3m +1ms[39m
[32m[Nest] 7260  - [39m22/09/2026, 22:31:17 [32m    LOG[39m [38;5;3m[RouterExplorer] [39m[32mMapped {/api/v1/posters, POST} route[39m[38;5;3m +0ms[39m
[32m[Nest] 7260  - [39m22/09/2026, 22:31:17 [32m    LOG[39m [38;5;3m[RouterExplorer] [39m[32mMapped {/api/v1/posters/:id, PATCH} route[39m[38;5;3m +0ms[39m
[32m[Nest] 7260  - [39m22/09/2026, 22:31:17 [32m    LOG[39m [38;5;3m[RouterExplorer] [39m[32mMapped {/api/v1/posters/:id/toggle, PATCH} route[39m[38;5;3m +0ms[39m
[32m[Nest] 7260  - [39m22/09/2026, 22:31:17 [32m    LOG[39m [38;5;3m[RouterExplorer] [39m[32mMapped {/api/v1/posters/:id, DELETE} route[39m[38;5;3m +0ms[39m
[32m[Nest] 7260  - [39m22/09/2026, 22:31:18 [32m    LOG[39m [38;5;3m[PrismaService] [39m[32mDatabase connected[39m
[32m[Nest] 7260  - [39m22/09/2026, 22:31:18 [32m    LOG[39m [38;5;3m[NestApplication] [39m[32mNest application successfully started[39m[38;5;3m +3ms[39m
🚀 NHGP API running at http://localhost:4000/api/v1
[31m[Nest] 7260  - [39m22/09/2026, 22:40:52 [31m  ERROR[39m [38;5;3m[ExceptionsHandler] [39mPrismaClientKnownRequestError: 
Invalid `this.prisma.property.findFirst()` invocation in
C:\Users\david\Desktop\Projects\Ndukego Homes Gallery Project\apps\api\src\property\property.service.ts:191:49

  188 }
  189 
  190 async findOne(id: string, incrementView = false) {
→ 191   const property = await this.prisma.property.findFirst(
Inconsistent column data: Error creating UUID, invalid character: expected an optional prefix of `urn:uuid:` followed by [0-9a-fA-F-], found `t` at 1
    at ei.handleRequestError (C:\Users\david\Desktop\Projects\Ndukego Homes Gallery Project\node_modules\[4m.pnpm[24m\@prisma+client@6.19.3_prisma@6.19.3_typescript@5.9.2__typescript@5.9.2\node_modules\[4m@prisma\client[24m\src\runtime\RequestHandler.ts:228:13)
    at ei.handleAndLogRequestError (C:\Users\david\Desktop\Projects\Ndukego Homes Gallery Project\node_modules\[4m.pnpm[24m\@prisma+client@6.19.3_prisma@6.19.3_typescript@5.9.2__typescript@5.9.2\node_modules\[4m@prisma\client[24m\src\runtime\RequestHandler.ts:174:12)
    at ei.request (C:\Users\david\Desktop\Projects\Ndukego Homes Gallery Project\node_modules\[4m.pnpm[24m\@prisma+client@6.19.3_prisma@6.19.3_typescript@5.9.2__typescript@5.9.2\node_modules\[4m@prisma\client[24m\src\runtime\RequestHandler.ts:143:12)
    at async a (C:\Users\david\Desktop\Projects\Ndukego Homes Gallery Project\node_modules\[4m.pnpm[24m\@prisma+client@6.19.3_prisma@6.19.3_typescript@5.9.2__typescript@5.9.2\node_modules\[4m@prisma\client[24m\src\runtime\getPrismaClient.ts:833:24)
    at async PropertyService.findOne [90m(C:\Users\david\Desktop\Projects\Ndukego Homes Gallery Project\apps\api\[39msrc\property\property.service.ts:191:22[90m)[39m
    at async C:\Users\david\Desktop\Projects\Ndukego Homes Gallery Project\node_modules\[4m.pnpm[24m\@nestjs+core@11.1.28_@nestjs+common@11.1.28_class-transformer@0.5.1_class-validator@0.14.4_re_jbbxms5qftvp4gp3vkdoquda7y\node_modules\[4m@nestjs\core[24m\router\router-execution-context.js:47:62
    at async C:\Users\david\Desktop\Projects\Ndukego Homes Gallery Project\node_modules\[4m.pnpm[24m\@nestjs+core@11.1.28_@nestjs+common@11.1.28_class-transformer@0.5.1_class-validator@0.14.4_re_jbbxms5qftvp4gp3vkdoquda7y\node_modules\[4m@nestjs\core[24m\router\router-proxy.js:9:17 {
  code: [32m'P2023'[39m,
  meta: {
    modelName: [32m'Property'[39m,
    message: [32m'Error creating UUID, invalid character: expected an optional prefix of `urn:uuid:` followed by [0-9a-fA-F-], found `t` at 1'[39m
  },
  clientVersion: [32m'6.19.3'[39m
}
[2J[3J[H[[90m02:26:05[0m] File change detected. Starting incremental compilation...

[[90m02:26:06[0m] Found 0 errors. Watching for file changes.

[2J[3J[H[[90m02:26:07[0m] File change detected. Starting incremental compilation...

[[90m02:26:11[0m] Found 0 errors. Watching for file changes.

[2J[3J[H[[90m02:26:12[0m] File change detected. Starting incremental compilation...

[[90m02:26:13[0m] Found 0 errors. Watching for file changes.

[2J[3J[H[[90m02:26:17[0m] File change detected. Starting incremental compilation...

[[90m02:26:17[0m] Found 0 errors. Watching for file changes.

[2J[3J[H[[90m02:26:18[0m] File change detected. Starting incremental compilation...

[[90m02:26:20[0m] Found 0 errors. Watching for file changes.

[2J[3J[H[[90m02:26:20[0m] File change detected. Starting incremental compilation...

node:internal/modules/cjs/loader:1433
  throw err;
  ^

Error: Cannot find module './app.module'
Require stack:
- C:\Users\david\Desktop\Projects\Ndukego Homes Gallery Project\apps\api\dist\main.js
    at Function._resolveFilename (node:internal/modules/cjs/loader:1430:15)
    at defaultResolveImpl (node:internal/modules/cjs/loader:1040:19)
    at resolveForCJSWithHooks (node:internal/modules/cjs/loader:1045:22)
    at Function._load (node:internal/modules/cjs/loader:1216:25)
    at wrapModuleLoad (node:internal/modules/cjs/loader:254:19)
    at Module.require (node:internal/modules/cjs/loader:1527:12)
    at require (node:internal/modules/helpers:147:16)
    at Object.<anonymous> (C:\Users\david\Desktop\Projects\Ndukego Homes Gallery Project\apps\api\src\main.ts:7:1)
    at Module._compile (node:internal/modules/cjs/loader:1781:14)
    at Object..js (node:internal/modules/cjs/loader:1913:10) {
  code: 'MODULE_NOT_FOUND',
  requireStack: [
    'C:\\Users\\david\\Desktop\\Projects\\Ndukego Homes Gallery Project\\apps\\api\\dist\\main.js'
  ]
}

Node.js v22.23.1
ERROR: The process with PID 5572 (child process of PID 39908) could not be terminated.
Reason: The operation attempted is not supported.
ERROR: The process with PID 39908 (child process of PID 21476) could not be terminated.
Reason: There is no running instance of the task.
ERROR: The process "39908" not found.
node:child_process:991
    throw err;
    ^

Error: Command failed: taskkill /pid 39908 /T /F
ERROR: The process with PID 5572 (child process of PID 39908) could not be terminated.
Reason: The operation attempted is not supported.
ERROR: The process with PID 39908 (child process of PID 21476) could not be terminated.
Reason: There is no running instance of the task.

    at genericNodeError (node:internal/errors:983:15)
    at wrappedFn (node:internal/errors:537:14)
    at checkExecSyncError (node:child_process:916:11)
    at execSync (node:child_process:988:15)
    at treeKillSync (C:\Users\david\Desktop\Projects\Ndukego Homes Gallery Project\node_modules\.pnpm\@nestjs+cli@11.0.24_@types+node@24.13.3_prettier@3.7.4\node_modules\@nestjs\cli\lib\utils\tree-kill.js:7:38)
    at C:\Users\david\Desktop\Projects\Ndukego Homes Gallery Project\node_modules\.pnpm\@nestjs+cli@11.0.24_@types+node@24.13.3_prettier@3.7.4\node_modules\@nestjs\cli\actions\start.action.js:92:46
    at Object.onWatchStatusChange (C:\Users\david\Desktop\Projects\Ndukego Homes Gallery Project\node_modules\.pnpm\@nestjs+cli@11.0.24_@types+node@24.13.3_prettier@3.7.4\node_modules\@nestjs\cli\lib\compiler\watch-compiler.js:82:17)
    at C:\Users\david\Desktop\Projects\Ndukego Homes Gallery Project\node_modules\.pnpm\typescript@5.9.2\node_modules\typescript\lib\typescript.js:133890:30
    at emitFilesAndReportErrors (C:\Users\david\Desktop\Projects\Ndukego Homes Gallery Project\node_modules\.pnpm\typescript@5.9.2\node_modules\typescript\lib\typescript.js:133711:5)
    at result.afterProgramCreate (C:\Users\david\Desktop\Projects\Ndukego Homes Gallery Project\node_modules\.pnpm\typescript@5.9.2\node_modules\typescript\lib\typescript.js:133886:5) {
  status: 128,
  signal: null,
  output: [
    null,
    Buffer(0) [Uint8Array] [],
    Buffer(281) [Uint8Array] [
       69,  82,  82,  79,  82,  58,  32,  84, 104, 101,  32, 112,
      114, 111,  99, 101, 115, 115,  32, 119, 105, 116, 104,  32,
       80,  73,  68,  32,  53,  53,  55,  50,  32,  40,  99, 104,
      105, 108, 100,  32, 112, 114, 111,  99, 101, 115, 115,  32,
      111, 102,  32,  80,  73,  68,  32,  51,  57,  57,  48,  56,
       41,  32,  99, 111, 117, 108, 100,  32, 110, 111, 116,  32,
       98, 101,  32, 116, 101, 114, 109, 105, 110,  97, 116, 101,
      100,  46,  13,  10,  82, 101,  97, 115, 111, 110,  58,  32,
       84, 104, 101,  32,
      ... 181 more items
    ]
  ],
  pid: 38360,
  stdout: Buffer(0) [Uint8Array] [],
  stderr: Buffer(281) [Uint8Array] [
     69,  82,  82,  79,  82,  58,  32,  84, 104, 101,  32, 112,
    114, 111,  99, 101, 115, 115,  32, 119, 105, 116, 104,  32,
     80,  73,  68,  32,  53,  53,  55,  50,  32,  40,  99, 104,
    105, 108, 100,  32, 112, 114, 111,  99, 101, 115, 115,  32,
    111, 102,  32,  80,  73,  68,  32,  51,  57,  57,  48,  56,
     41,  32,  99, 111, 117, 108, 100,  32, 110, 111, 116,  32,
     98, 101,  32, 116, 101, 114, 109, 105, 110,  97, 116, 101,
    100,  46,  13,  10,  82, 101,  97, 115, 111, 110,  58,  32,
     84, 104, 101,  32,
    ... 181 more items
  ]
}

Node.js v22.23.1
 ELIFECYCLE  Command failed with exit code 1.
